[0.000000] (-) TimerEvent: {}
[0.000140] (altair_interfaces) JobQueued: {'identifier': 'altair_interfaces', 'dependencies': OrderedDict()}
[0.000172] (can_msgs) JobQueued: {'identifier': 'can_msgs', 'dependencies': OrderedDict()}
[0.000194] (Robowarepkg) JobQueued: {'identifier': 'Robowarepkg', 'dependencies': OrderedDict([('altair_interfaces', '/home/altair/Person_Tracking_Roboware/install/altair_interfaces'), ('can_msgs', '/home/altair/Person_Tracking_Roboware/install/can_msgs')])}
[0.000217] (altair_can_bridge) JobQueued: {'identifier': 'altair_can_bridge', 'dependencies': OrderedDict([('altair_interfaces', '/home/altair/Person_Tracking_Roboware/install/altair_interfaces'), ('can_msgs', '/home/altair/Person_Tracking_Roboware/install/can_msgs')])}
[0.000237] (altair_interfaces) JobStarted: {'identifier': 'altair_interfaces'}
[0.006908] (can_msgs) JobStarted: {'identifier': 'can_msgs'}
[0.011396] (altair_interfaces) JobProgress: {'identifier': 'altair_interfaces', 'progress': 'cmake'}
[0.012692] (altair_interfaces) JobProgress: {'identifier': 'altair_interfaces', 'progress': 'build'}
[0.012897] (altair_interfaces) Command: {'cmd': ['/usr/bin/cmake', '--build', '/home/altair/Person_Tracking_Roboware/build/altair_interfaces', '--', '-j8', '-l8'], 'cwd': '/home/altair/Person_Tracking_Roboware/build/altair_interfaces', 'env': OrderedDict([('GJS_DEBUG_TOPICS', 'JS ERROR;JS LOG'), ('LESSOPEN', '| /usr/bin/lesspipe %s'), ('LANGUAGE', 'ja:en'), ('USER', 'altair'), ('LC_TIME', 'ja_JP.UTF-8'), ('XDG_SESSION_TYPE', 'wayland'), ('STM32CubeMX_PATH', '/home/altair/STM32CubeMX'), ('SHLVL', '2'), ('LD_LIBRARY_PATH', '/usr/local/lib:/usr/lib/x86_64-linux-gnu/gazebo-11/plugins:/opt/ros/humble/opt/rviz_ogre_vendor/lib:/opt/ros/humble/lib/x86_64-linux-gnu:/opt/ros/humble/lib'), ('HOME', '/home/altair'), ('TERM_PROGRAM_VERSION', '20240203-110809-5046fc22'), ('DESKTOP_SESSION', 'ubuntu'), ('GIO_LAUNCHED_DESKTOP_FILE', '/usr/share/applications/org.wezfurlong.wezterm.desktop'), ('ROS_PYTHON_VERSION', '3'), ('GNOME_SHELL_SESSION_MODE', 'ubuntu'), ('GTK_MODULES', 'gail:atk-bridge'), ('LC_MONETARY', 'ja_JP.UTF-8'), ('MANAGERPID', '1085'), ('SSL_CERT_FILE', '/usr/lib/ssl/certs/ca-certificates.crt'), ('SYSTEMD_EXEC_PID', '1322'), ('DBUS_SESSION_BUS_ADDRESS', 'unix:path=/run/user/1000/bus'), ('COLORTERM', 'truecolor'), ('GIO_LAUNCHED_DESKTOP_FILE_PID', '2439'), ('WEZTERM_EXECUTABLE', '/usr/bin/wezterm-gui'), ('IM_CONFIG_PHASE', '1'), ('WAYLAND_DISPLAY', 'wayland-0'), ('ROS_DISTRO', 'humble'), ('LOGNAME', 'altair'), ('JOURNAL_STREAM', '8:1917'), ('_', '/usr/bin/colcon'), ('ROS_VERSION', '2'), ('XDG_SESSION_CLASS', 'user'), ('USERNAME', 'altair'), ('TERM', 'xterm-256color'), ('GNOME_DESKTOP_SESSION_ID', 'this-is-deprecated'), ('WEZTERM_CONFIG_FILE', '/home/altair/.wezterm.lua'), ('ROS_LOCALHOST_ONLY', '0'), ('WEZTERM_EXECUTABLE_DIR', '/usr/bin'), ('PATH', '/home/altair/.local/bin:/home/altair/spresenseenv/usr/bin:/opt/ros/humble/bin:/home/altair/.local/bin:/home/altair/.local/bin:/home/altair/bin:/usr/local/sbin:/usr/local/bin:/usr/sbin:/usr/bin:/sbin:/bin:/usr/games:/usr/local/games:/snap/bin:/snap/bin:/home/altair/bin:/home/altair/bin'), ('SESSION_MANAGER', 'local/altair-ThinkPad-L380:@/tmp/.ICE-unix/1272,unix/altair-ThinkPad-L380:/tmp/.ICE-unix/1272'), ('INVOCATION_ID', '72e2abd6bbc74719b93804593a356401'), ('PAPERSIZE', 'a4'), ('XDG_MENU_PREFIX', 'gnome-'), ('LC_ADDRESS', 'ja_JP.UTF-8'), ('GNOME_SETUP_DISPLAY', ':1'), ('XDG_RUNTIME_DIR', '/run/user/1000'), ('SSL_CERT_DIR', '/usr/lib/ssl/certs'), ('DISPLAY', ':0'), ('LANG', 'ja_JP.UTF-8'), ('XDG_CURRENT_DESKTOP', 'ubuntu:GNOME'), ('LC_TELEPHONE', 'ja_JP.UTF-8'), ('XMODIFIERS', '@im=ibus'), ('XDG_SESSION_DESKTOP', 'ubuntu'), ('XAUTHORITY', '/run/user/1000/.mutter-Xwaylandauth.YPJIT3'), ('LS_COLORS', 'rs=0:di=01;34:ln=01;36:mh=00:pi=40;33:so=01;35:do=01;35:bd=40;33;01:cd=40;33;01:or=40;31;01:mi=00:su=37;41:sg=30;43:ca=30;41:tw=30;42:ow=34;42:st=37;44:ex=01;32:*.tar=01;31:*.tgz=01;31:*.arc=01;31:*.arj=01;31:*.taz=01;31:*.lha=01;31:*.lz4=01;31:*.lzh=01;31:*.lzma=01;31:*.tlz=01;31:*.txz=01;31:*.tzo=01;31:*.t7z=01;31:*.zip=01;31:*.z=01;31:*.dz=01;31:*.gz=01;31:*.lrz=01;31:*.lz=01;31:*.lzo=01;31:*.xz=01;31:*.zst=01;31:*.tzst=01;31:*.bz2=01;31:*.bz=01;31:*.tbz=01;31:*.tbz2=01;31:*.tz=01;31:*.deb=01;31:*.rpm=01;31:*.jar=01;31:*.war=01;31:*.ear=01;31:*.sar=01;31:*.rar=01;31:*.alz=01;31:*.ace=01;31:*.zoo=01;31:*.cpio=01;31:*.7z=01;31:*.rz=01;31:*.cab=01;31:*.wim=01;31:*.swm=01;31:*.dwm=01;31:*.esd=01;31:*.jpg=01;35:*.jpeg=01;35:*.mjpg=01;35:*.mjpeg=01;35:*.gif=01;35:*.bmp=01;35:*.pbm=01;35:*.pgm=01;35:*.ppm=01;35:*.tga=01;35:*.xbm=01;35:*.xpm=01;35:*.tif=01;35:*.tiff=01;35:*.png=01;35:*.svg=01;35:*.svgz=01;35:*.mng=01;35:*.pcx=01;35:*.mov=01;35:*.mpg=01;35:*.mpeg=01;35:*.m2v=01;35:*.mkv=01;35:*.webm=01;35:*.webp=01;35:*.ogm=01;35:*.mp4=01;35:*.m4v=01;35:*.mp4v=01;35:*.vob=01;35:*.qt=01;35:*.nuv=01;35:*.wmv=01;35:*.asf=01;35:*.rm=01;35:*.rmvb=01;35:*.flc=01;35:*.avi=01;35:*.fli=01;35:*.flv=01;35:*.gl=01;35:*.dl=01;35:*.xcf=01;35:*.xwd=01;35:*.yuv=01;35:*.cgm=01;35:*.emf=01;35:*.ogv=01;35:*.ogx=01;35:*.aac=00;36:*.au=00;36:*.flac=00;36:*.m4a=00;36:*.mid=00;36:*.midi=00;36:*.mka=00;36:*.mp3=00;36:*.mpc=00;36:*.ogg=00;36:*.ra=00;36:*.wav=00;36:*.oga=00;36:*.opus=00;36:*.spx=00;36:*.xspf=00;36:'), ('TERM_PROGRAM', 'WezTerm'), ('SSH_AGENT_LAUNCHER', 'gnome-keyring'), ('SSH_AUTH_SOCK', '/run/user/1000/keyring/ssh'), ('ROS_DOMAIN_ID', '0'), ('AMENT_PREFIX_PATH', '/opt/ros/humble'), ('SHELL', '/bin/bash'), ('LC_NAME', 'ja_JP.UTF-8'), ('QT_ACCESSIBILITY', '1'), ('GDMSESSION', 'ubuntu'), ('LESSCLOSE', '/usr/bin/lesspipe %s %s'), ('LC_MEASUREMENT', 'ja_JP.UTF-8'), ('GJS_DEBUG_OUTPUT', 'stderr'), ('LC_IDENTIFICATION', 'ja_JP.UTF-8'), ('WEZTERM_CONFIG_DIR', '/home/altair'), ('QT_IM_MODULE', 'ibus'), ('PWD', '/home/altair/Person_Tracking_Roboware/build/altair_interfaces'), ('LC_ALL', 'en_US.UTF-8'), ('XDG_CONFIG_DIRS', '/etc/xdg/xdg-ubuntu:/etc/xdg'), ('XDG_DATA_DIRS', '/usr/share/ubuntu:/usr/local/share/:/usr/share/:/var/lib/snapd/desktop'), ('WEZTERM_UNIX_SOCKET', '/run/user/1000/wezterm/gui-sock-2439'), ('PYTHONPATH', '/opt/ros/humble/lib/python3.10/site-packages:/opt/ros/humble/local/lib/python3.10/dist-packages'), ('LC_NUMERIC', 'ja_JP.UTF-8'), ('LC_PAPER', 'ja_JP.UTF-8'), ('WEZTERM_PANE', '2'), ('COLCON', '1'), ('CMAKE_PREFIX_PATH', '/opt/ros/humble')]), 'shell': False}
[0.017982] (can_msgs) JobProgress: {'identifier': 'can_msgs', 'progress': 'cmake'}
[0.018923] (can_msgs) JobProgress: {'identifier': 'can_msgs', 'progress': 'build'}
[0.019395] (can_msgs) Command: {'cmd': ['/usr/bin/cmake', '--build', '/home/altair/Person_Tracking_Roboware/build/can_msgs', '--', '-j8', '-l8'], 'cwd': '/home/altair/Person_Tracking_Roboware/build/can_msgs', 'env': OrderedDict([('GJS_DEBUG_TOPICS', 'JS ERROR;JS LOG'), ('LESSOPEN', '| /usr/bin/lesspipe %s'), ('LANGUAGE', 'ja:en'), ('USER', 'altair'), ('LC_TIME', 'ja_JP.UTF-8'), ('XDG_SESSION_TYPE', 'wayland'), ('STM32CubeMX_PATH', '/home/altair/STM32CubeMX'), ('SHLVL', '2'), ('LD_LIBRARY_PATH', '/usr/local/lib:/usr/lib/x86_64-linux-gnu/gazebo-11/plugins:/opt/ros/humble/opt/rviz_ogre_vendor/lib:/opt/ros/humble/lib/x86_64-linux-gnu:/opt/ros/humble/lib'), ('HOME', '/home/altair'), ('TERM_PROGRAM_VERSION', '20240203-110809-5046fc22'), ('DESKTOP_SESSION', 'ubuntu'), ('GIO_LAUNCHED_DESKTOP_FILE', '/usr/share/applications/org.wezfurlong.wezterm.desktop'), ('ROS_PYTHON_VERSION', '3'), ('GNOME_SHELL_SESSION_MODE', 'ubuntu'), ('GTK_MODULES', 'gail:atk-bridge'), ('LC_MONETARY', 'ja_JP.UTF-8'), ('MANAGERPID', '1085'), ('SSL_CERT_FILE', '/usr/lib/ssl/certs/ca-certificates.crt'), ('SYSTEMD_EXEC_PID', '1322'), ('DBUS_SESSION_BUS_ADDRESS', 'unix:path=/run/user/1000/bus'), ('COLORTERM', 'truecolor'), ('GIO_LAUNCHED_DESKTOP_FILE_PID', '2439'), ('WEZTERM_EXECUTABLE', '/usr/bin/wezterm-gui'), ('IM_CONFIG_PHASE', '1'), ('WAYLAND_DISPLAY', 'wayland-0'), ('ROS_DISTRO', 'humble'), ('LOGNAME', 'altair'), ('JOURNAL_STREAM', '8:1917'), ('_', '/usr/bin/colcon'), ('ROS_VERSION', '2'), ('XDG_SESSION_CLASS', 'user'), ('USERNAME', 'altair'), ('TERM', 'xterm-256color'), ('GNOME_DESKTOP_SESSION_ID', 'this-is-deprecated'), ('WEZTERM_CONFIG_FILE', '/home/altair/.wezterm.lua'), ('ROS_LOCALHOST_ONLY', '0'), ('WEZTERM_EXECUTABLE_DIR', '/usr/bin'), ('PATH', '/home/altair/.local/bin:/home/altair/spresenseenv/usr/bin:/opt/ros/humble/bin:/home/altair/.local/bin:/home/altair/.local/bin:/home/altair/bin:/usr/local/sbin:/usr/local/bin:/usr/sbin:/usr/bin:/sbin:/bin:/usr/games:/usr/local/games:/snap/bin:/snap/bin:/home/altair/bin:/home/altair/bin'), ('SESSION_MANAGER', 'local/altair-ThinkPad-L380:@/tmp/.ICE-unix/1272,unix/altair-ThinkPad-L380:/tmp/.ICE-unix/1272'), ('INVOCATION_ID', '72e2abd6bbc74719b93804593a356401'), ('PAPERSIZE', 'a4'), ('XDG_MENU_PREFIX', 'gnome-'), ('LC_ADDRESS', 'ja_JP.UTF-8'), ('GNOME_SETUP_DISPLAY', ':1'), ('XDG_RUNTIME_DIR', '/run/user/1000'), ('SSL_CERT_DIR', '/usr/lib/ssl/certs'), ('DISPLAY', ':0'), ('LANG', 'ja_JP.UTF-8'), ('XDG_CURRENT_DESKTOP', 'ubuntu:GNOME'), ('LC_TELEPHONE', 'ja_JP.UTF-8'), ('XMODIFIERS', '@im=ibus'), ('XDG_SESSION_DESKTOP', 'ubuntu'), ('XAUTHORITY', '/run/user/1000/.mutter-Xwaylandauth.YPJIT3'), ('LS_COLORS', 'rs=0:di=01;34:ln=01;36:mh=00:pi=40;33:so=01;35:do=01;35:bd=40;33;01:cd=40;33;01:or=40;31;01:mi=00:su=37;41:sg=30;43:ca=30;41:tw=30;42:ow=34;42:st=37;44:ex=01;32:*.tar=01;31:*.tgz=01;31:*.arc=01;31:*.arj=01;31:*.taz=01;31:*.lha=01;31:*.lz4=01;31:*.lzh=01;31:*.lzma=01;31:*.tlz=01;31:*.txz=01;31:*.tzo=01;31:*.t7z=01;31:*.zip=01;31:*.z=01;31:*.dz=01;31:*.gz=01;31:*.lrz=01;31:*.lz=01;31:*.lzo=01;31:*.xz=01;31:*.zst=01;31:*.tzst=01;31:*.bz2=01;31:*.bz=01;31:*.tbz=01;31:*.tbz2=01;31:*.tz=01;31:*.deb=01;31:*.rpm=01;31:*.jar=01;31:*.war=01;31:*.ear=01;31:*.sar=01;31:*.rar=01;31:*.alz=01;31:*.ace=01;31:*.zoo=01;31:*.cpio=01;31:*.7z=01;31:*.rz=01;31:*.cab=01;31:*.wim=01;31:*.swm=01;31:*.dwm=01;31:*.esd=01;31:*.jpg=01;35:*.jpeg=01;35:*.mjpg=01;35:*.mjpeg=01;35:*.gif=01;35:*.bmp=01;35:*.pbm=01;35:*.pgm=01;35:*.ppm=01;35:*.tga=01;35:*.xbm=01;35:*.xpm=01;35:*.tif=01;35:*.tiff=01;35:*.png=01;35:*.svg=01;35:*.svgz=01;35:*.mng=01;35:*.pcx=01;35:*.mov=01;35:*.mpg=01;35:*.mpeg=01;35:*.m2v=01;35:*.mkv=01;35:*.webm=01;35:*.webp=01;35:*.ogm=01;35:*.mp4=01;35:*.m4v=01;35:*.mp4v=01;35:*.vob=01;35:*.qt=01;35:*.nuv=01;35:*.wmv=01;35:*.asf=01;35:*.rm=01;35:*.rmvb=01;35:*.flc=01;35:*.avi=01;35:*.fli=01;35:*.flv=01;35:*.gl=01;35:*.dl=01;35:*.xcf=01;35:*.xwd=01;35:*.yuv=01;35:*.cgm=01;35:*.emf=01;35:*.ogv=01;35:*.ogx=01;35:*.aac=00;36:*.au=00;36:*.flac=00;36:*.m4a=00;36:*.mid=00;36:*.midi=00;36:*.mka=00;36:*.mp3=00;36:*.mpc=00;36:*.ogg=00;36:*.ra=00;36:*.wav=00;36:*.oga=00;36:*.opus=00;36:*.spx=00;36:*.xspf=00;36:'), ('TERM_PROGRAM', 'WezTerm'), ('SSH_AGENT_LAUNCHER', 'gnome-keyring'), ('SSH_AUTH_SOCK', '/run/user/1000/keyring/ssh'), ('ROS_DOMAIN_ID', '0'), ('AMENT_PREFIX_PATH', '/opt/ros/humble'), ('SHELL', '/bin/bash'), ('LC_NAME', 'ja_JP.UTF-8'), ('QT_ACCESSIBILITY', '1'), ('GDMSESSION', 'ubuntu'), ('LESSCLOSE', '/usr/bin/lesspipe %s %s'), ('LC_MEASUREMENT', 'ja_JP.UTF-8'), ('GJS_DEBUG_OUTPUT', 'stderr'), ('LC_IDENTIFICATION', 'ja_JP.UTF-8'), ('WEZTERM_CONFIG_DIR', '/home/altair'), ('QT_IM_MODULE', 'ibus'), ('PWD', '/home/altair/Person_Tracking_Roboware/build/can_msgs'), ('LC_ALL', 'en_US.UTF-8'), ('XDG_CONFIG_DIRS', '/etc/xdg/xdg-ubuntu:/etc/xdg'), ('XDG_DATA_DIRS', '/usr/share/ubuntu:/usr/local/share/:/usr/share/:/var/lib/snapd/desktop'), ('WEZTERM_UNIX_SOCKET', '/run/user/1000/wezterm/gui-sock-2439'), ('PYTHONPATH', '/opt/ros/humble/lib/python3.10/site-packages:/opt/ros/humble/local/lib/python3.10/dist-packages'), ('LC_NUMERIC', 'ja_JP.UTF-8'), ('LC_PAPER', 'ja_JP.UTF-8'), ('WEZTERM_PANE', '2'), ('COLCON', '1'), ('CMAKE_PREFIX_PATH', '/opt/ros/humble')]), 'shell': False}
[0.054153] (can_msgs) StdoutLine: {'line': b'[  6%] Built target can_msgs__rs\n'}
[0.054465] (can_msgs) StdoutLine: {'line': b'[  6%] Built target can_msgs__cpp\n'}
[0.054629] (altair_interfaces) StdoutLine: {'line': b'[  1%] Built target altair_interfaces__rs\n'}
[0.058012] (altair_interfaces) StdoutLine: {'line': b'[  2%] Built target altair_interfaces__cpp\n'}
[0.059042] (can_msgs) StdoutLine: {'line': b'[ 15%] Built target can_msgs__rosidl_generator_c\n'}
[0.059520] (altair_interfaces) StdoutLine: {'line': b'[ 13%] Built target altair_interfaces__rosidl_generator_c\n'}
[0.063434] (altair_interfaces) StdoutLine: {'line': b'[ 13%] Built target ament_cmake_python_copy_altair_interfaces\n'}
[0.070103] (can_msgs) StdoutLine: {'line': b'[ 15%] Built target ament_cmake_python_copy_can_msgs\n'}
[0.080020] (can_msgs) StdoutLine: {'line': b'[ 25%] Built target can_msgs__rosidl_typesupport_cpp\n'}
[0.083859] (can_msgs) StdoutLine: {'line': b'[ 43%] Built target can_msgs__rosidl_typesupport_introspection_cpp\n'}
[0.084377] (can_msgs) StdoutLine: {'line': b'[ 43%] Built target can_msgs__rosidl_typesupport_fastrtps_cpp\n'}
[0.086022] (can_msgs) StdoutLine: {'line': b'[ 53%] Built target can_msgs__rosidl_typesupport_introspection_c\n'}
[0.094141] (altair_interfaces) StdoutLine: {'line': b'[ 37%] Built target altair_interfaces__rosidl_typesupport_cpp\n'}
[0.094403] (altair_interfaces) StdoutLine: {'line': b'[ 40%] Built target altair_interfaces__rosidl_typesupport_introspection_c\n'}
[0.094562] (altair_interfaces) StdoutLine: {'line': b'[ 47%] Built target altair_interfaces__rosidl_typesupport_c\n'}
[0.095402] (can_msgs) StdoutLine: {'line': b'[ 62%] Built target can_msgs__rosidl_typesupport_fastrtps_c\n'}
[0.095562] (can_msgs) StdoutLine: {'line': b'[ 71%] Built target can_msgs__rosidl_typesupport_c\n'}
[0.098885] (altair_interfaces) StdoutLine: {'line': b'[ 59%] Built target altair_interfaces__rosidl_typesupport_introspection_cpp\n'}
[0.099234] (-) TimerEvent: {}
[0.101229] (altair_interfaces) StdoutLine: {'line': b'[ 70%] Built target altair_interfaces__rosidl_typesupport_fastrtps_cpp\n'}
[0.103535] (altair_interfaces) StdoutLine: {'line': b'[ 82%] Built target altair_interfaces__rosidl_typesupport_fastrtps_c\n'}
[0.120319] (can_msgs) StdoutLine: {'line': b'[ 71%] Built target can_msgs\n'}
[0.132759] (altair_interfaces) StdoutLine: {'line': b'[ 82%] Built target altair_interfaces\n'}
[0.137230] (can_msgs) StdoutLine: {'line': b'[ 75%] Built target can_msgs__py\n'}
[0.146750] (altair_interfaces) StdoutLine: {'line': b'[ 83%] Built target altair_interfaces__py\n'}
[0.152384] (can_msgs) StdoutLine: {'line': b'[ 81%] Built target can_msgs__rosidl_generator_py\n'}
[0.167998] (can_msgs) StdoutLine: {'line': b'[ 87%] Built target can_msgs__rosidl_typesupport_introspection_c__pyext\n'}
[0.168312] (can_msgs) StdoutLine: {'line': b'[ 93%] Built target can_msgs__rosidl_typesupport_fastrtps_c__pyext\n'}
[0.169087] (altair_interfaces) StdoutLine: {'line': b'[ 93%] Built target altair_interfaces__rosidl_generator_py\n'}
[0.170310] (can_msgs) StdoutLine: {'line': b'[100%] Built target can_msgs__rosidl_typesupport_c__pyext\n'}
[0.182487] (altair_interfaces) StdoutLine: {'line': b'[ 97%] Built target altair_interfaces__rosidl_typesupport_introspection_c__pyext\n'}
[0.182781] (altair_interfaces) StdoutLine: {'line': b'[ 97%] Built target altair_interfaces__rosidl_typesupport_fastrtps_c__pyext\n'}
[0.182962] (altair_interfaces) StdoutLine: {'line': b'[100%] Built target altair_interfaces__rosidl_typesupport_c__pyext\n'}
[0.199359] (-) TimerEvent: {}
[0.299662] (-) TimerEvent: {}
[0.399974] (-) TimerEvent: {}
[0.471190] (can_msgs) StdoutLine: {'line': b'running egg_info\n'}
[0.487798] (altair_interfaces) StdoutLine: {'line': b'running egg_info\n'}
[0.500039] (-) TimerEvent: {}
[0.500902] (can_msgs) StdoutLine: {'line': b'writing can_msgs.egg-info/PKG-INFO\n'}
[0.501487] (can_msgs) StdoutLine: {'line': b'writing dependency_links to can_msgs.egg-info/dependency_links.txt\n'}
[0.501794] (can_msgs) StdoutLine: {'line': b'writing top-level names to can_msgs.egg-info/top_level.txt\n'}
[0.518466] (altair_interfaces) StdoutLine: {'line': b'writing altair_interfaces.egg-info/PKG-INFO\n'}
[0.518933] (altair_interfaces) StdoutLine: {'line': b'writing dependency_links to altair_interfaces.egg-info/dependency_links.txt\n'}
[0.519253] (altair_interfaces) StdoutLine: {'line': b'writing top-level names to altair_interfaces.egg-info/top_level.txt\n'}
[0.595729] (can_msgs) StdoutLine: {'line': b"reading manifest file 'can_msgs.egg-info/SOURCES.txt'\n"}
[0.596833] (can_msgs) StdoutLine: {'line': b"writing manifest file 'can_msgs.egg-info/SOURCES.txt'\n"}
[0.600158] (-) TimerEvent: {}
[0.609997] (altair_interfaces) StdoutLine: {'line': b"reading manifest file 'altair_interfaces.egg-info/SOURCES.txt'\n"}
[0.611412] (altair_interfaces) StdoutLine: {'line': b"writing manifest file 'altair_interfaces.egg-info/SOURCES.txt'\n"}
[0.631803] (can_msgs) StdoutLine: {'line': b'[100%] Built target ament_cmake_python_build_can_msgs_egg\n'}
[0.638310] (can_msgs) CommandEnded: {'returncode': 0}
[0.639293] (can_msgs) JobProgress: {'identifier': 'can_msgs', 'progress': 'install'}
[0.644525] (can_msgs) Command: {'cmd': ['/usr/bin/cmake', '--install', '/home/altair/Person_Tracking_Roboware/build/can_msgs'], 'cwd': '/home/altair/Person_Tracking_Roboware/build/can_msgs', 'env': OrderedDict([('GJS_DEBUG_TOPICS', 'JS ERROR;JS LOG'), ('LESSOPEN', '| /usr/bin/lesspipe %s'), ('LANGUAGE', 'ja:en'), ('USER', 'altair'), ('LC_TIME', 'ja_JP.UTF-8'), ('XDG_SESSION_TYPE', 'wayland'), ('STM32CubeMX_PATH', '/home/altair/STM32CubeMX'), ('SHLVL', '2'), ('LD_LIBRARY_PATH', '/usr/local/lib:/usr/lib/x86_64-linux-gnu/gazebo-11/plugins:/opt/ros/humble/opt/rviz_ogre_vendor/lib:/opt/ros/humble/lib/x86_64-linux-gnu:/opt/ros/humble/lib'), ('HOME', '/home/altair'), ('TERM_PROGRAM_VERSION', '20240203-110809-5046fc22'), ('DESKTOP_SESSION', 'ubuntu'), ('GIO_LAUNCHED_DESKTOP_FILE', '/usr/share/applications/org.wezfurlong.wezterm.desktop'), ('ROS_PYTHON_VERSION', '3'), ('GNOME_SHELL_SESSION_MODE', 'ubuntu'), ('GTK_MODULES', 'gail:atk-bridge'), ('LC_MONETARY', 'ja_JP.UTF-8'), ('MANAGERPID', '1085'), ('SSL_CERT_FILE', '/usr/lib/ssl/certs/ca-certificates.crt'), ('SYSTEMD_EXEC_PID', '1322'), ('DBUS_SESSION_BUS_ADDRESS', 'unix:path=/run/user/1000/bus'), ('COLORTERM', 'truecolor'), ('GIO_LAUNCHED_DESKTOP_FILE_PID', '2439'), ('WEZTERM_EXECUTABLE', '/usr/bin/wezterm-gui'), ('IM_CONFIG_PHASE', '1'), ('WAYLAND_DISPLAY', 'wayland-0'), ('ROS_DISTRO', 'humble'), ('LOGNAME', 'altair'), ('JOURNAL_STREAM', '8:1917'), ('_', '/usr/bin/colcon'), ('ROS_VERSION', '2'), ('XDG_SESSION_CLASS', 'user'), ('USERNAME', 'altair'), ('TERM', 'xterm-256color'), ('GNOME_DESKTOP_SESSION_ID', 'this-is-deprecated'), ('WEZTERM_CONFIG_FILE', '/home/altair/.wezterm.lua'), ('ROS_LOCALHOST_ONLY', '0'), ('WEZTERM_EXECUTABLE_DIR', '/usr/bin'), ('PATH', '/home/altair/.local/bin:/home/altair/spresenseenv/usr/bin:/opt/ros/humble/bin:/home/altair/.local/bin:/home/altair/.local/bin:/home/altair/bin:/usr/local/sbin:/usr/local/bin:/usr/sbin:/usr/bin:/sbin:/bin:/usr/games:/usr/local/games:/snap/bin:/snap/bin:/home/altair/bin:/home/altair/bin'), ('SESSION_MANAGER', 'local/altair-ThinkPad-L380:@/tmp/.ICE-unix/1272,unix/altair-ThinkPad-L380:/tmp/.ICE-unix/1272'), ('INVOCATION_ID', '72e2abd6bbc74719b93804593a356401'), ('PAPERSIZE', 'a4'), ('XDG_MENU_PREFIX', 'gnome-'), ('LC_ADDRESS', 'ja_JP.UTF-8'), ('GNOME_SETUP_DISPLAY', ':1'), ('XDG_RUNTIME_DIR', '/run/user/1000'), ('SSL_CERT_DIR', '/usr/lib/ssl/certs'), ('DISPLAY', ':0'), ('LANG', 'ja_JP.UTF-8'), ('XDG_CURRENT_DESKTOP', 'ubuntu:GNOME'), ('LC_TELEPHONE', 'ja_JP.UTF-8'), ('XMODIFIERS', '@im=ibus'), ('XDG_SESSION_DESKTOP', 'ubuntu'), ('XAUTHORITY', '/run/user/1000/.mutter-Xwaylandauth.YPJIT3'), ('LS_COLORS', 'rs=0:di=01;34:ln=01;36:mh=00:pi=40;33:so=01;35:do=01;35:bd=40;33;01:cd=40;33;01:or=40;31;01:mi=00:su=37;41:sg=30;43:ca=30;41:tw=30;42:ow=34;42:st=37;44:ex=01;32:*.tar=01;31:*.tgz=01;31:*.arc=01;31:*.arj=01;31:*.taz=01;31:*.lha=01;31:*.lz4=01;31:*.lzh=01;31:*.lzma=01;31:*.tlz=01;31:*.txz=01;31:*.tzo=01;31:*.t7z=01;31:*.zip=01;31:*.z=01;31:*.dz=01;31:*.gz=01;31:*.lrz=01;31:*.lz=01;31:*.lzo=01;31:*.xz=01;31:*.zst=01;31:*.tzst=01;31:*.bz2=01;31:*.bz=01;31:*.tbz=01;31:*.tbz2=01;31:*.tz=01;31:*.deb=01;31:*.rpm=01;31:*.jar=01;31:*.war=01;31:*.ear=01;31:*.sar=01;31:*.rar=01;31:*.alz=01;31:*.ace=01;31:*.zoo=01;31:*.cpio=01;31:*.7z=01;31:*.rz=01;31:*.cab=01;31:*.wim=01;31:*.swm=01;31:*.dwm=01;31:*.esd=01;31:*.jpg=01;35:*.jpeg=01;35:*.mjpg=01;35:*.mjpeg=01;35:*.gif=01;35:*.bmp=01;35:*.pbm=01;35:*.pgm=01;35:*.ppm=01;35:*.tga=01;35:*.xbm=01;35:*.xpm=01;35:*.tif=01;35:*.tiff=01;35:*.png=01;35:*.svg=01;35:*.svgz=01;35:*.mng=01;35:*.pcx=01;35:*.mov=01;35:*.mpg=01;35:*.mpeg=01;35:*.m2v=01;35:*.mkv=01;35:*.webm=01;35:*.webp=01;35:*.ogm=01;35:*.mp4=01;35:*.m4v=01;35:*.mp4v=01;35:*.vob=01;35:*.qt=01;35:*.nuv=01;35:*.wmv=01;35:*.asf=01;35:*.rm=01;35:*.rmvb=01;35:*.flc=01;35:*.avi=01;35:*.fli=01;35:*.flv=01;35:*.gl=01;35:*.dl=01;35:*.xcf=01;35:*.xwd=01;35:*.yuv=01;35:*.cgm=01;35:*.emf=01;35:*.ogv=01;35:*.ogx=01;35:*.aac=00;36:*.au=00;36:*.flac=00;36:*.m4a=00;36:*.mid=00;36:*.midi=00;36:*.mka=00;36:*.mp3=00;36:*.mpc=00;36:*.ogg=00;36:*.ra=00;36:*.wav=00;36:*.oga=00;36:*.opus=00;36:*.spx=00;36:*.xspf=00;36:'), ('TERM_PROGRAM', 'WezTerm'), ('SSH_AGENT_LAUNCHER', 'gnome-keyring'), ('SSH_AUTH_SOCK', '/run/user/1000/keyring/ssh'), ('ROS_DOMAIN_ID', '0'), ('AMENT_PREFIX_PATH', '/opt/ros/humble'), ('SHELL', '/bin/bash'), ('LC_NAME', 'ja_JP.UTF-8'), ('QT_ACCESSIBILITY', '1'), ('GDMSESSION', 'ubuntu'), ('LESSCLOSE', '/usr/bin/lesspipe %s %s'), ('LC_MEASUREMENT', 'ja_JP.UTF-8'), ('GJS_DEBUG_OUTPUT', 'stderr'), ('LC_IDENTIFICATION', 'ja_JP.UTF-8'), ('WEZTERM_CONFIG_DIR', '/home/altair'), ('QT_IM_MODULE', 'ibus'), ('PWD', '/home/altair/Person_Tracking_Roboware/build/can_msgs'), ('LC_ALL', 'en_US.UTF-8'), ('XDG_CONFIG_DIRS', '/etc/xdg/xdg-ubuntu:/etc/xdg'), ('XDG_DATA_DIRS', '/usr/share/ubuntu:/usr/local/share/:/usr/share/:/var/lib/snapd/desktop'), ('WEZTERM_UNIX_SOCKET', '/run/user/1000/wezterm/gui-sock-2439'), ('PYTHONPATH', '/opt/ros/humble/lib/python3.10/site-packages:/opt/ros/humble/local/lib/python3.10/dist-packages'), ('LC_NUMERIC', 'ja_JP.UTF-8'), ('LC_PAPER', 'ja_JP.UTF-8'), ('WEZTERM_PANE', '2'), ('COLCON', '1'), ('CMAKE_PREFIX_PATH', '/opt/ros/humble')]), 'shell': False}
[0.646102] (altair_interfaces) StdoutLine: {'line': b'[100%] Built target ament_cmake_python_build_altair_interfaces_egg\n'}
[0.649997] (can_msgs) StdoutLine: {'line': b'-- Install configuration: ""\n'}
[0.650436] (can_msgs) StdoutLine: {'line': b'-- Up-to-date: /home/altair/Person_Tracking_Roboware/install/can_msgs/share/ament_index/resource_index/rosidl_interfaces/can_msgs\n'}
[0.650641] (can_msgs) StdoutLine: {'line': b'-- Up-to-date: /home/altair/Person_Tracking_Roboware/install/can_msgs/include/can_msgs/can_msgs\n'}
[0.650826] (can_msgs) StdoutLine: {'line': b'-- Up-to-date: /home/altair/Person_Tracking_Roboware/install/can_msgs/include/can_msgs/can_msgs/msg\n'}
[0.650969] (can_msgs) StdoutLine: {'line': b'-- Up-to-date: /home/altair/Person_Tracking_Roboware/install/can_msgs/include/can_msgs/can_msgs/msg/frame.h\n'}
[0.651165] (can_msgs) StdoutLine: {'line': b'-- Up-to-date: /home/altair/Person_Tracking_Roboware/install/can_msgs/include/can_msgs/can_msgs/msg/rosidl_generator_c__visibility_control.h\n'}
[0.651291] (can_msgs) StdoutLine: {'line': b'-- Up-to-date: /home/altair/Person_Tracking_Roboware/install/can_msgs/include/can_msgs/can_msgs/msg/detail\n'}
[0.651530] (can_msgs) StdoutLine: {'line': b'-- Up-to-date: /home/altair/Person_Tracking_Roboware/install/can_msgs/include/can_msgs/can_msgs/msg/detail/frame__functions.h\n'}
[0.651711] (can_msgs) StdoutLine: {'line': b'-- Up-to-date: /home/altair/Person_Tracking_Roboware/install/can_msgs/include/can_msgs/can_msgs/msg/detail/frame__struct.h\n'}
[0.651864] (can_msgs) StdoutLine: {'line': b'-- Up-to-date: /home/altair/Person_Tracking_Roboware/install/can_msgs/include/can_msgs/can_msgs/msg/detail/frame__functions.c\n'}
[0.652043] (can_msgs) StdoutLine: {'line': b'-- Up-to-date: /home/altair/Person_Tracking_Roboware/install/can_msgs/include/can_msgs/can_msgs/msg/detail/frame__type_support.h\n'}
[0.652173] (can_msgs) StdoutLine: {'line': b'-- Up-to-date: /home/altair/Person_Tracking_Roboware/install/can_msgs/share/can_msgs/environment/library_path.sh\n'}
[0.652373] (can_msgs) StdoutLine: {'line': b'-- Up-to-date: /home/altair/Person_Tracking_Roboware/install/can_msgs/share/can_msgs/environment/library_path.dsv\n'}
[0.652558] (can_msgs) StdoutLine: {'line': b'-- Up-to-date: /home/altair/Person_Tracking_Roboware/install/can_msgs/lib/libcan_msgs__rosidl_generator_c.so\n'}
[0.652718] (can_msgs) StdoutLine: {'line': b'-- Up-to-date: /home/altair/Person_Tracking_Roboware/install/can_msgs/include/can_msgs/can_msgs\n'}
[0.652897] (can_msgs) StdoutLine: {'line': b'-- Up-to-date: /home/altair/Person_Tracking_Roboware/install/can_msgs/include/can_msgs/can_msgs/msg\n'}
[0.653082] (can_msgs) StdoutLine: {'line': b'-- Up-to-date: /home/altair/Person_Tracking_Roboware/install/can_msgs/include/can_msgs/can_msgs/msg/rosidl_typesupport_fastrtps_c__visibility_control.h\n'}
[0.653472] (can_msgs) StdoutLine: {'line': b'-- Up-to-date: /home/altair/Person_Tracking_Roboware/install/can_msgs/include/can_msgs/can_msgs/msg/detail\n'}
[0.653680] (can_msgs) StdoutLine: {'line': b'-- Up-to-date: /home/altair/Person_Tracking_Roboware/install/can_msgs/include/can_msgs/can_msgs/msg/detail/frame__rosidl_typesupport_fastrtps_c.h\n'}
[0.654184] (can_msgs) StdoutLine: {'line': b'-- Up-to-date: /home/altair/Person_Tracking_Roboware/install/can_msgs/lib/libcan_msgs__rosidl_typesupport_fastrtps_c.so\n'}
[0.654689] (can_msgs) StdoutLine: {'line': b'-- Up-to-date: /home/altair/Person_Tracking_Roboware/install/can_msgs/include/can_msgs/can_msgs\n'}
[0.654854] (can_msgs) StdoutLine: {'line': b'-- Up-to-date: /home/altair/Person_Tracking_Roboware/install/can_msgs/include/can_msgs/can_msgs/msg\n'}
[0.655052] (can_msgs) StdoutLine: {'line': b'-- Up-to-date: /home/altair/Person_Tracking_Roboware/install/can_msgs/include/can_msgs/can_msgs/msg/detail\n'}
[0.655332] (can_msgs) StdoutLine: {'line': b'-- Up-to-date: /home/altair/Person_Tracking_Roboware/install/can_msgs/include/can_msgs/can_msgs/msg/detail/frame__rosidl_typesupport_introspection_c.h\n'}
[0.655611] (can_msgs) StdoutLine: {'line': b'-- Up-to-date: /home/altair/Person_Tracking_Roboware/install/can_msgs/include/can_msgs/can_msgs/msg/detail/frame__type_support.c\n'}
[0.656028] (can_msgs) StdoutLine: {'line': b'-- Up-to-date: /home/altair/Person_Tracking_Roboware/install/can_msgs/include/can_msgs/can_msgs/msg/rosidl_typesupport_introspection_c__visibility_control.h\n'}
[0.657231] (can_msgs) StdoutLine: {'line': b'-- Up-to-date: /home/altair/Person_Tracking_Roboware/install/can_msgs/lib/libcan_msgs__rosidl_typesupport_introspection_c.so\n'}
[0.657920] (can_msgs) StdoutLine: {'line': b'-- Up-to-date: /home/altair/Person_Tracking_Roboware/install/can_msgs/lib/libcan_msgs__rosidl_typesupport_c.so\n'}
[0.658017] (can_msgs) StdoutLine: {'line': b'-- Up-to-date: /home/altair/Person_Tracking_Roboware/install/can_msgs/include/can_msgs/can_msgs\n'}
[0.658083] (can_msgs) StdoutLine: {'line': b'-- Up-to-date: /home/altair/Person_Tracking_Roboware/install/can_msgs/include/can_msgs/can_msgs/msg\n'}
[0.658166] (can_msgs) StdoutLine: {'line': b'-- Up-to-date: /home/altair/Person_Tracking_Roboware/install/can_msgs/include/can_msgs/can_msgs/msg/detail\n'}
[0.658230] (can_msgs) StdoutLine: {'line': b'-- Up-to-date: /home/altair/Person_Tracking_Roboware/install/can_msgs/include/can_msgs/can_msgs/msg/detail/frame__type_support.hpp\n'}
[0.658288] (can_msgs) StdoutLine: {'line': b'-- Up-to-date: /home/altair/Person_Tracking_Roboware/install/can_msgs/include/can_msgs/can_msgs/msg/detail/frame__traits.hpp\n'}
[0.658347] (can_msgs) StdoutLine: {'line': b'-- Up-to-date: /home/altair/Person_Tracking_Roboware/install/can_msgs/include/can_msgs/can_msgs/msg/detail/frame__builder.hpp\n'}
[0.658405] (can_msgs) StdoutLine: {'line': b'-- Up-to-date: /home/altair/Person_Tracking_Roboware/install/can_msgs/include/can_msgs/can_msgs/msg/detail/frame__struct.hpp\n'}
[0.658463] (can_msgs) StdoutLine: {'line': b'-- Up-to-date: /home/altair/Person_Tracking_Roboware/install/can_msgs/include/can_msgs/can_msgs/msg/rosidl_generator_cpp__visibility_control.hpp\n'}
[0.658521] (can_msgs) StdoutLine: {'line': b'-- Up-to-date: /home/altair/Person_Tracking_Roboware/install/can_msgs/include/can_msgs/can_msgs/msg/frame.hpp\n'}
[0.658578] (can_msgs) StdoutLine: {'line': b'-- Up-to-date: /home/altair/Person_Tracking_Roboware/install/can_msgs/include/can_msgs/can_msgs\n'}
[0.658636] (can_msgs) StdoutLine: {'line': b'-- Up-to-date: /home/altair/Person_Tracking_Roboware/install/can_msgs/include/can_msgs/can_msgs/msg\n'}
[0.658703] (can_msgs) StdoutLine: {'line': b'-- Up-to-date: /home/altair/Person_Tracking_Roboware/install/can_msgs/include/can_msgs/can_msgs/msg/rosidl_typesupport_fastrtps_cpp__visibility_control.h\n'}
[0.658761] (can_msgs) StdoutLine: {'line': b'-- Up-to-date: /home/altair/Person_Tracking_Roboware/install/can_msgs/include/can_msgs/can_msgs/msg/detail\n'}
[0.658819] (can_msgs) StdoutLine: {'line': b'-- Up-to-date: /home/altair/Person_Tracking_Roboware/install/can_msgs/include/can_msgs/can_msgs/msg/detail/frame__rosidl_typesupport_fastrtps_cpp.hpp\n'}
[0.658876] (can_msgs) StdoutLine: {'line': b'-- Up-to-date: /home/altair/Person_Tracking_Roboware/install/can_msgs/include/can_msgs/can_msgs/msg/detail/dds_fastrtps\n'}
[0.658935] (altair_interfaces) CommandEnded: {'returncode': 0}
[0.659272] (can_msgs) StdoutLine: {'line': b'-- Up-to-date: /home/altair/Person_Tracking_Roboware/install/can_msgs/lib/libcan_msgs__rosidl_typesupport_fastrtps_cpp.so\n'}
[0.659352] (can_msgs) StdoutLine: {'line': b'-- Up-to-date: /home/altair/Person_Tracking_Roboware/install/can_msgs/include/can_msgs/can_msgs\n'}
[0.659415] (can_msgs) StdoutLine: {'line': b'-- Up-to-date: /home/altair/Person_Tracking_Roboware/install/can_msgs/include/can_msgs/can_msgs/msg\n'}
[0.659474] (can_msgs) StdoutLine: {'line': b'-- Up-to-date: /home/altair/Person_Tracking_Roboware/install/can_msgs/include/can_msgs/can_msgs/msg/detail\n'}
[0.659532] (can_msgs) StdoutLine: {'line': b'-- Up-to-date: /home/altair/Person_Tracking_Roboware/install/can_msgs/include/can_msgs/can_msgs/msg/detail/frame__rosidl_typesupport_introspection_cpp.hpp\n'}
[0.659590] (can_msgs) StdoutLine: {'line': b'-- Up-to-date: /home/altair/Person_Tracking_Roboware/install/can_msgs/include/can_msgs/can_msgs/msg/detail/frame__type_support.cpp\n'}
[0.659656] (can_msgs) StdoutLine: {'line': b'-- Up-to-date: /home/altair/Person_Tracking_Roboware/install/can_msgs/lib/libcan_msgs__rosidl_typesupport_introspection_cpp.so\n'}
[0.659715] (altair_interfaces) JobProgress: {'identifier': 'altair_interfaces', 'progress': 'install'}
[0.659737] (can_msgs) StdoutLine: {'line': b'-- Up-to-date: /home/altair/Person_Tracking_Roboware/install/can_msgs/lib/libcan_msgs__rosidl_typesupport_cpp.so\n'}
[0.659798] (altair_interfaces) Command: {'cmd': ['/usr/bin/cmake', '--install', '/home/altair/Person_Tracking_Roboware/build/altair_interfaces'], 'cwd': '/home/altair/Person_Tracking_Roboware/build/altair_interfaces', 'env': OrderedDict([('GJS_DEBUG_TOPICS', 'JS ERROR;JS LOG'), ('LESSOPEN', '| /usr/bin/lesspipe %s'), ('LANGUAGE', 'ja:en'), ('USER', 'altair'), ('LC_TIME', 'ja_JP.UTF-8'), ('XDG_SESSION_TYPE', 'wayland'), ('STM32CubeMX_PATH', '/home/altair/STM32CubeMX'), ('SHLVL', '2'), ('LD_LIBRARY_PATH', '/usr/local/lib:/usr/lib/x86_64-linux-gnu/gazebo-11/plugins:/opt/ros/humble/opt/rviz_ogre_vendor/lib:/opt/ros/humble/lib/x86_64-linux-gnu:/opt/ros/humble/lib'), ('HOME', '/home/altair'), ('TERM_PROGRAM_VERSION', '20240203-110809-5046fc22'), ('DESKTOP_SESSION', 'ubuntu'), ('GIO_LAUNCHED_DESKTOP_FILE', '/usr/share/applications/org.wezfurlong.wezterm.desktop'), ('ROS_PYTHON_VERSION', '3'), ('GNOME_SHELL_SESSION_MODE', 'ubuntu'), ('GTK_MODULES', 'gail:atk-bridge'), ('LC_MONETARY', 'ja_JP.UTF-8'), ('MANAGERPID', '1085'), ('SSL_CERT_FILE', '/usr/lib/ssl/certs/ca-certificates.crt'), ('SYSTEMD_EXEC_PID', '1322'), ('DBUS_SESSION_BUS_ADDRESS', 'unix:path=/run/user/1000/bus'), ('COLORTERM', 'truecolor'), ('GIO_LAUNCHED_DESKTOP_FILE_PID', '2439'), ('WEZTERM_EXECUTABLE', '/usr/bin/wezterm-gui'), ('IM_CONFIG_PHASE', '1'), ('WAYLAND_DISPLAY', 'wayland-0'), ('ROS_DISTRO', 'humble'), ('LOGNAME', 'altair'), ('JOURNAL_STREAM', '8:1917'), ('_', '/usr/bin/colcon'), ('ROS_VERSION', '2'), ('XDG_SESSION_CLASS', 'user'), ('USERNAME', 'altair'), ('TERM', 'xterm-256color'), ('GNOME_DESKTOP_SESSION_ID', 'this-is-deprecated'), ('WEZTERM_CONFIG_FILE', '/home/altair/.wezterm.lua'), ('ROS_LOCALHOST_ONLY', '0'), ('WEZTERM_EXECUTABLE_DIR', '/usr/bin'), ('PATH', '/home/altair/.local/bin:/home/altair/spresenseenv/usr/bin:/opt/ros/humble/bin:/home/altair/.local/bin:/home/altair/.local/bin:/home/altair/bin:/usr/local/sbin:/usr/local/bin:/usr/sbin:/usr/bin:/sbin:/bin:/usr/games:/usr/local/games:/snap/bin:/snap/bin:/home/altair/bin:/home/altair/bin'), ('SESSION_MANAGER', 'local/altair-ThinkPad-L380:@/tmp/.ICE-unix/1272,unix/altair-ThinkPad-L380:/tmp/.ICE-unix/1272'), ('INVOCATION_ID', '72e2abd6bbc74719b93804593a356401'), ('PAPERSIZE', 'a4'), ('XDG_MENU_PREFIX', 'gnome-'), ('LC_ADDRESS', 'ja_JP.UTF-8'), ('GNOME_SETUP_DISPLAY', ':1'), ('XDG_RUNTIME_DIR', '/run/user/1000'), ('SSL_CERT_DIR', '/usr/lib/ssl/certs'), ('DISPLAY', ':0'), ('LANG', 'ja_JP.UTF-8'), ('XDG_CURRENT_DESKTOP', 'ubuntu:GNOME'), ('LC_TELEPHONE', 'ja_JP.UTF-8'), ('XMODIFIERS', '@im=ibus'), ('XDG_SESSION_DESKTOP', 'ubuntu'), ('XAUTHORITY', '/run/user/1000/.mutter-Xwaylandauth.YPJIT3'), ('LS_COLORS', 'rs=0:di=01;34:ln=01;36:mh=00:pi=40;33:so=01;35:do=01;35:bd=40;33;01:cd=40;33;01:or=40;31;01:mi=00:su=37;41:sg=30;43:ca=30;41:tw=30;42:ow=34;42:st=37;44:ex=01;32:*.tar=01;31:*.tgz=01;31:*.arc=01;31:*.arj=01;31:*.taz=01;31:*.lha=01;31:*.lz4=01;31:*.lzh=01;31:*.lzma=01;31:*.tlz=01;31:*.txz=01;31:*.tzo=01;31:*.t7z=01;31:*.zip=01;31:*.z=01;31:*.dz=01;31:*.gz=01;31:*.lrz=01;31:*.lz=01;31:*.lzo=01;31:*.xz=01;31:*.zst=01;31:*.tzst=01;31:*.bz2=01;31:*.bz=01;31:*.tbz=01;31:*.tbz2=01;31:*.tz=01;31:*.deb=01;31:*.rpm=01;31:*.jar=01;31:*.war=01;31:*.ear=01;31:*.sar=01;31:*.rar=01;31:*.alz=01;31:*.ace=01;31:*.zoo=01;31:*.cpio=01;31:*.7z=01;31:*.rz=01;31:*.cab=01;31:*.wim=01;31:*.swm=01;31:*.dwm=01;31:*.esd=01;31:*.jpg=01;35:*.jpeg=01;35:*.mjpg=01;35:*.mjpeg=01;35:*.gif=01;35:*.bmp=01;35:*.pbm=01;35:*.pgm=01;35:*.ppm=01;35:*.tga=01;35:*.xbm=01;35:*.xpm=01;35:*.tif=01;35:*.tiff=01;35:*.png=01;35:*.svg=01;35:*.svgz=01;35:*.mng=01;35:*.pcx=01;35:*.mov=01;35:*.mpg=01;35:*.mpeg=01;35:*.m2v=01;35:*.mkv=01;35:*.webm=01;35:*.webp=01;35:*.ogm=01;35:*.mp4=01;35:*.m4v=01;35:*.mp4v=01;35:*.vob=01;35:*.qt=01;35:*.nuv=01;35:*.wmv=01;35:*.asf=01;35:*.rm=01;35:*.rmvb=01;35:*.flc=01;35:*.avi=01;35:*.fli=01;35:*.flv=01;35:*.gl=01;35:*.dl=01;35:*.xcf=01;35:*.xwd=01;35:*.yuv=01;35:*.cgm=01;35:*.emf=01;35:*.ogv=01;35:*.ogx=01;35:*.aac=00;36:*.au=00;36:*.flac=00;36:*.m4a=00;36:*.mid=00;36:*.midi=00;36:*.mka=00;36:*.mp3=00;36:*.mpc=00;36:*.ogg=00;36:*.ra=00;36:*.wav=00;36:*.oga=00;36:*.opus=00;36:*.spx=00;36:*.xspf=00;36:'), ('TERM_PROGRAM', 'WezTerm'), ('SSH_AGENT_LAUNCHER', 'gnome-keyring'), ('SSH_AUTH_SOCK', '/run/user/1000/keyring/ssh'), ('ROS_DOMAIN_ID', '0'), ('AMENT_PREFIX_PATH', '/opt/ros/humble'), ('SHELL', '/bin/bash'), ('LC_NAME', 'ja_JP.UTF-8'), ('QT_ACCESSIBILITY', '1'), ('GDMSESSION', 'ubuntu'), ('LESSCLOSE', '/usr/bin/lesspipe %s %s'), ('LC_MEASUREMENT', 'ja_JP.UTF-8'), ('GJS_DEBUG_OUTPUT', 'stderr'), ('LC_IDENTIFICATION', 'ja_JP.UTF-8'), ('WEZTERM_CONFIG_DIR', '/home/altair'), ('QT_IM_MODULE', 'ibus'), ('PWD', '/home/altair/Person_Tracking_Roboware/build/altair_interfaces'), ('LC_ALL', 'en_US.UTF-8'), ('XDG_CONFIG_DIRS', '/etc/xdg/xdg-ubuntu:/etc/xdg'), ('XDG_DATA_DIRS', '/usr/share/ubuntu:/usr/local/share/:/usr/share/:/var/lib/snapd/desktop'), ('WEZTERM_UNIX_SOCKET', '/run/user/1000/wezterm/gui-sock-2439'), ('PYTHONPATH', '/opt/ros/humble/lib/python3.10/site-packages:/opt/ros/humble/local/lib/python3.10/dist-packages'), ('LC_NUMERIC', 'ja_JP.UTF-8'), ('LC_PAPER', 'ja_JP.UTF-8'), ('WEZTERM_PANE', '2'), ('COLCON', '1'), ('CMAKE_PREFIX_PATH', '/opt/ros/humble')]), 'shell': False}
[0.660155] (can_msgs) StdoutLine: {'line': b'-- Up-to-date: /home/altair/Person_Tracking_Roboware/install/can_msgs/share/can_msgs/environment/pythonpath.sh\n'}
[0.660234] (can_msgs) StdoutLine: {'line': b'-- Up-to-date: /home/altair/Person_Tracking_Roboware/install/can_msgs/share/can_msgs/environment/pythonpath.dsv\n'}
[0.660297] (can_msgs) StdoutLine: {'line': b'-- Up-to-date: /home/altair/Person_Tracking_Roboware/install/can_msgs/local/lib/python3.10/dist-packages/can_msgs-2.0.0-py3.10.egg-info\n'}
[0.660356] (can_msgs) StdoutLine: {'line': b'-- Installing: /home/altair/Person_Tracking_Roboware/install/can_msgs/local/lib/python3.10/dist-packages/can_msgs-2.0.0-py3.10.egg-info/dependency_links.txt\n'}
[0.660423] (can_msgs) StdoutLine: {'line': b'-- Installing: /home/altair/Person_Tracking_Roboware/install/can_msgs/local/lib/python3.10/dist-packages/can_msgs-2.0.0-py3.10.egg-info/PKG-INFO\n'}
[0.660482] (can_msgs) StdoutLine: {'line': b'-- Installing: /home/altair/Person_Tracking_Roboware/install/can_msgs/local/lib/python3.10/dist-packages/can_msgs-2.0.0-py3.10.egg-info/top_level.txt\n'}
[0.660539] (can_msgs) StdoutLine: {'line': b'-- Installing: /home/altair/Person_Tracking_Roboware/install/can_msgs/local/lib/python3.10/dist-packages/can_msgs-2.0.0-py3.10.egg-info/SOURCES.txt\n'}
[0.660596] (can_msgs) StdoutLine: {'line': b'-- Up-to-date: /home/altair/Person_Tracking_Roboware/install/can_msgs/local/lib/python3.10/dist-packages/can_msgs\n'}
[0.660666] (can_msgs) StdoutLine: {'line': b'-- Up-to-date: /home/altair/Person_Tracking_Roboware/install/can_msgs/local/lib/python3.10/dist-packages/can_msgs/can_msgs_s__rosidl_typesupport_c.cpython-310-x86_64-linux-gnu.so\n'}
[0.660725] (can_msgs) StdoutLine: {'line': b'-- Up-to-date: /home/altair/Person_Tracking_Roboware/install/can_msgs/local/lib/python3.10/dist-packages/can_msgs/_can_msgs_s.ep.rosidl_typesupport_fastrtps_c.c\n'}
[0.660782] (can_msgs) StdoutLine: {'line': b'-- Up-to-date: /home/altair/Person_Tracking_Roboware/install/can_msgs/local/lib/python3.10/dist-packages/can_msgs/msg\n'}
[0.660840] (can_msgs) StdoutLine: {'line': b'-- Up-to-date: /home/altair/Person_Tracking_Roboware/install/can_msgs/local/lib/python3.10/dist-packages/can_msgs/msg/_frame_s.c\n'}
[0.660898] (can_msgs) StdoutLine: {'line': b'-- Up-to-date: /home/altair/Person_Tracking_Roboware/install/can_msgs/local/lib/python3.10/dist-packages/can_msgs/msg/_frame.py\n'}
[0.660964] (can_msgs) StdoutLine: {'line': b'-- Up-to-date: /home/altair/Person_Tracking_Roboware/install/can_msgs/local/lib/python3.10/dist-packages/can_msgs/msg/__init__.py\n'}
[0.661030] (can_msgs) StdoutLine: {'line': b'-- Up-to-date: /home/altair/Person_Tracking_Roboware/install/can_msgs/local/lib/python3.10/dist-packages/can_msgs/__init__.py\n'}
[0.661088] (can_msgs) StdoutLine: {'line': b'-- Up-to-date: /home/altair/Person_Tracking_Roboware/install/can_msgs/local/lib/python3.10/dist-packages/can_msgs/can_msgs_s__rosidl_typesupport_introspection_c.cpython-310-x86_64-linux-gnu.so\n'}
[0.661147] (can_msgs) StdoutLine: {'line': b'-- Up-to-date: /home/altair/Person_Tracking_Roboware/install/can_msgs/local/lib/python3.10/dist-packages/can_msgs/libcan_msgs__rosidl_generator_py.so\n'}
[0.661206] (can_msgs) StdoutLine: {'line': b'-- Up-to-date: /home/altair/Person_Tracking_Roboware/install/can_msgs/local/lib/python3.10/dist-packages/can_msgs/_can_msgs_s.ep.rosidl_typesupport_introspection_c.c\n'}
[0.661263] (can_msgs) StdoutLine: {'line': b'-- Up-to-date: /home/altair/Person_Tracking_Roboware/install/can_msgs/local/lib/python3.10/dist-packages/can_msgs/_can_msgs_s.ep.rosidl_typesupport_c.c\n'}
[0.661321] (can_msgs) StdoutLine: {'line': b'-- Up-to-date: /home/altair/Person_Tracking_Roboware/install/can_msgs/local/lib/python3.10/dist-packages/can_msgs/can_msgs_s__rosidl_typesupport_fastrtps_c.cpython-310-x86_64-linux-gnu.so\n'}
[0.661608] (altair_interfaces) StdoutLine: {'line': b'-- Install configuration: ""\n'}
[0.661804] (altair_interfaces) StdoutLine: {'line': b'-- Up-to-date: /home/altair/Person_Tracking_Roboware/install/altair_interfaces/share/ament_index/resource_index/rosidl_interfaces/altair_interfaces\n'}
[0.662040] (altair_interfaces) StdoutLine: {'line': b'-- Up-to-date: /home/altair/Person_Tracking_Roboware/install/altair_interfaces/include/altair_interfaces/altair_interfaces\n'}
[0.662368] (altair_interfaces) StdoutLine: {'line': b'-- Up-to-date: /home/altair/Person_Tracking_Roboware/install/altair_interfaces/include/altair_interfaces/altair_interfaces/msg\n'}
[0.662643] (altair_interfaces) StdoutLine: {'line': b'-- Up-to-date: /home/altair/Person_Tracking_Roboware/install/altair_interfaces/include/altair_interfaces/altair_interfaces/msg/mdd_command.h\n'}
[0.662874] (altair_interfaces) StdoutLine: {'line': b'-- Up-to-date: /home/altair/Person_Tracking_Roboware/install/altair_interfaces/include/altair_interfaces/altair_interfaces/msg/rosidl_generator_c__visibility_control.h\n'}
[0.663152] (altair_interfaces) StdoutLine: {'line': b'-- Up-to-date: /home/altair/Person_Tracking_Roboware/install/altair_interfaces/include/altair_interfaces/altair_interfaces/msg/detail\n'}
[0.663449] (altair_interfaces) StdoutLine: {'line': b'-- Up-to-date: /home/altair/Person_Tracking_Roboware/install/altair_interfaces/include/altair_interfaces/altair_interfaces/msg/detail/mdd_feedback__struct.h\n'}
[0.663621] (altair_interfaces) StdoutLine: {'line': b'-- Up-to-date: /home/altair/Person_Tracking_Roboware/install/altair_interfaces/include/altair_interfaces/altair_interfaces/msg/detail/mdd_command__struct.h\n'}
[0.663729] (altair_interfaces) StdoutLine: {'line': b'-- Up-to-date: /home/altair/Person_Tracking_Roboware/install/altair_interfaces/include/altair_interfaces/altair_interfaces/msg/detail/can_status__struct.h\n'}
[0.663834] (altair_interfaces) StdoutLine: {'line': b'-- Up-to-date: /home/altair/Person_Tracking_Roboware/install/altair_interfaces/include/altair_interfaces/altair_interfaces/msg/detail/mdd_feedback__type_support.h\n'}
[0.663967] (altair_interfaces) StdoutLine: {'line': b'-- Up-to-date: /home/altair/Person_Tracking_Roboware/install/altair_interfaces/include/altair_interfaces/altair_interfaces/msg/detail/servo_command__functions.h\n'}
[0.664115] (altair_interfaces) StdoutLine: {'line': b'-- Up-to-date: /home/altair/Person_Tracking_Roboware/install/altair_interfaces/include/altair_interfaces/altair_interfaces/msg/detail/solenoid_command__functions.h\n'}
[0.664293] (altair_interfaces) StdoutLine: {'line': b'-- Up-to-date: /home/altair/Person_Tracking_Roboware/install/altair_interfaces/include/altair_interfaces/altair_interfaces/msg/detail/mdd_command__type_support.h\n'}
[0.664519] (altair_interfaces) StdoutLine: {'line': b'-- Up-to-date: /home/altair/Person_Tracking_Roboware/install/altair_interfaces/include/altair_interfaces/altair_interfaces/msg/detail/servo_command__struct.h\n'}
[0.664645] (altair_interfaces) StdoutLine: {'line': b'-- Up-to-date: /home/altair/Person_Tracking_Roboware/install/altair_interfaces/include/altair_interfaces/altair_interfaces/msg/detail/solenoid_command__type_support.h\n'}
[0.664769] (altair_interfaces) StdoutLine: {'line': b'-- Up-to-date: /home/altair/Person_Tracking_Roboware/install/altair_interfaces/include/altair_interfaces/altair_interfaces/msg/detail/mdd_feedback__functions.c\n'}
[0.664944] (altair_interfaces) StdoutLine: {'line': b'-- Up-to-date: /home/altair/Person_Tracking_Roboware/install/altair_interfaces/include/altair_interfaces/altair_interfaces/msg/detail/solenoid_command__struct.h\n'}
[0.665108] (altair_interfaces) StdoutLine: {'line': b'-- Up-to-date: /home/altair/Person_Tracking_Roboware/install/altair_interfaces/include/altair_interfaces/altair_interfaces/msg/detail/can_status__functions.c\n'}
[0.665400] (altair_interfaces) StdoutLine: {'line': b'-- Up-to-date: /home/altair/Person_Tracking_Roboware/install/altair_interfaces/include/altair_interfaces/altair_interfaces/msg/detail/servo_command__type_support.h\n'}
[0.665683] (altair_interfaces) StdoutLine: {'line': b'-- Up-to-date: /home/altair/Person_Tracking_Roboware/install/altair_interfaces/include/altair_interfaces/altair_interfaces/msg/detail/mdd_command__functions.c\n'}
[0.665826] (altair_interfaces) StdoutLine: {'line': b'-- Up-to-date: /home/altair/Person_Tracking_Roboware/install/altair_interfaces/include/altair_interfaces/altair_interfaces/msg/detail/mdd_command__functions.h\n'}
[0.665937] (altair_interfaces) StdoutLine: {'line': b'-- Up-to-date: /home/altair/Person_Tracking_Roboware/install/altair_interfaces/include/altair_interfaces/altair_interfaces/msg/detail/can_status__functions.h\n'}
[0.666082] (altair_interfaces) StdoutLine: {'line': b'-- Up-to-date: /home/altair/Person_Tracking_Roboware/install/altair_interfaces/include/altair_interfaces/altair_interfaces/msg/detail/servo_command__functions.c\n'}
[0.666192] (altair_interfaces) StdoutLine: {'line': b'-- Up-to-date: /home/altair/Person_Tracking_Roboware/install/altair_interfaces/include/altair_interfaces/altair_interfaces/msg/detail/solenoid_command__functions.c\n'}
[0.666304] (altair_interfaces) StdoutLine: {'line': b'-- Up-to-date: /home/altair/Person_Tracking_Roboware/install/altair_interfaces/include/altair_interfaces/altair_interfaces/msg/detail/can_status__type_support.h\n'}
[0.666436] (altair_interfaces) StdoutLine: {'line': b'-- Up-to-date: /home/altair/Person_Tracking_Roboware/install/altair_interfaces/include/altair_interfaces/altair_interfaces/msg/detail/mdd_feedback__functions.h\n'}
[0.666557] (altair_interfaces) StdoutLine: {'line': b'-- Up-to-date: /home/altair/Person_Tracking_Roboware/install/altair_interfaces/include/altair_interfaces/altair_interfaces/msg/servo_command.h\n'}
[0.666683] (altair_interfaces) StdoutLine: {'line': b'-- Up-to-date: /home/altair/Person_Tracking_Roboware/install/altair_interfaces/include/altair_interfaces/altair_interfaces/msg/solenoid_command.h\n'}
[0.666805] (altair_interfaces) StdoutLine: {'line': b'-- Up-to-date: /home/altair/Person_Tracking_Roboware/install/altair_interfaces/include/altair_interfaces/altair_interfaces/msg/mdd_feedback.h\n'}
[0.666929] (altair_interfaces) StdoutLine: {'line': b'-- Up-to-date: /home/altair/Person_Tracking_Roboware/install/altair_interfaces/include/altair_interfaces/altair_interfaces/msg/can_status.h\n'}
[0.667279] (altair_interfaces) StdoutLine: {'line': b'-- Up-to-date: /home/altair/Person_Tracking_Roboware/install/altair_interfaces/include/altair_interfaces/altair_interfaces/srv\n'}
[0.667582] (altair_interfaces) StdoutLine: {'line': b'-- Up-to-date: /home/altair/Person_Tracking_Roboware/install/altair_interfaces/include/altair_interfaces/altair_interfaces/srv/detail\n'}
[0.667711] (altair_interfaces) StdoutLine: {'line': b'-- Up-to-date: /home/altair/Person_Tracking_Roboware/install/altair_interfaces/include/altair_interfaces/altair_interfaces/srv/detail/start_behavior__functions.h\n'}
[0.667835] (altair_interfaces) StdoutLine: {'line': b'-- Up-to-date: /home/altair/Person_Tracking_Roboware/install/altair_interfaces/include/altair_interfaces/altair_interfaces/srv/detail/get_available_ports__type_support.h\n'}
[0.667966] (altair_interfaces) StdoutLine: {'line': b'-- Up-to-date: /home/altair/Person_Tracking_Roboware/install/altair_interfaces/include/altair_interfaces/altair_interfaces/srv/detail/get_available_ports__functions.c\n'}
[0.668270] (altair_interfaces) StdoutLine: {'line': b'-- Up-to-date: /home/altair/Person_Tracking_Roboware/install/altair_interfaces/include/altair_interfaces/altair_interfaces/srv/detail/trigger_control__functions.c\n'}
[0.668394] (altair_interfaces) StdoutLine: {'line': b'-- Up-to-date: /home/altair/Person_Tracking_Roboware/install/altair_interfaces/include/altair_interfaces/altair_interfaces/srv/detail/trigger_control__struct.h\n'}
[0.668572] (altair_interfaces) StdoutLine: {'line': b'-- Up-to-date: /home/altair/Person_Tracking_Roboware/install/altair_interfaces/include/altair_interfaces/altair_interfaces/srv/detail/get_available_ports__functions.h\n'}
[0.668678] (altair_interfaces) StdoutLine: {'line': b'-- Up-to-date: /home/altair/Person_Tracking_Roboware/install/altair_interfaces/include/altair_interfaces/altair_interfaces/srv/detail/trigger_control__functions.h\n'}
[0.668793] (altair_interfaces) StdoutLine: {'line': b'-- Up-to-date: /home/altair/Person_Tracking_Roboware/install/altair_interfaces/include/altair_interfaces/altair_interfaces/srv/detail/start_behavior__struct.h\n'}
[0.668915] (altair_interfaces) StdoutLine: {'line': b'-- Up-to-date: /home/altair/Person_Tracking_Roboware/install/altair_interfaces/include/altair_interfaces/altair_interfaces/srv/detail/start_behavior__functions.c\n'}
[0.669194] (altair_interfaces) StdoutLine: {'line': b'-- Up-to-date: /home/altair/Person_Tracking_Roboware/install/altair_interfaces/include/altair_interfaces/altair_interfaces/srv/detail/trigger_control__type_support.h\n'}
[0.669420] (altair_interfaces) StdoutLine: {'line': b'-- Up-to-date: /home/altair/Person_Tracking_Roboware/install/altair_interfaces/include/altair_interfaces/altair_interfaces/srv/detail/connect_can__struct.h\n'}
[0.669525] (altair_interfaces) StdoutLine: {'line': b'-- Up-to-date: /home/altair/Person_Tracking_Roboware/install/altair_interfaces/include/altair_interfaces/altair_interfaces/srv/detail/connect_can__functions.h\n'}
[0.669697] (altair_interfaces) StdoutLine: {'line': b'-- Up-to-date: /home/altair/Person_Tracking_Roboware/install/altair_interfaces/include/altair_interfaces/altair_interfaces/srv/detail/start_behavior__type_support.h\n'}
[0.669800] (altair_interfaces) StdoutLine: {'line': b'-- Up-to-date: /home/altair/Person_Tracking_Roboware/install/altair_interfaces/include/altair_interfaces/altair_interfaces/srv/detail/connect_can__type_support.h\n'}
[0.669899] (altair_interfaces) StdoutLine: {'line': b'-- Up-to-date: /home/altair/Person_Tracking_Roboware/install/altair_interfaces/include/altair_interfaces/altair_interfaces/srv/detail/connect_can__functions.c\n'}
[0.670028] (altair_interfaces) StdoutLine: {'line': b'-- Up-to-date: /home/altair/Person_Tracking_Roboware/install/altair_interfaces/include/altair_interfaces/altair_interfaces/srv/detail/get_available_ports__struct.h\n'}
[0.670163] (altair_interfaces) StdoutLine: {'line': b'-- Up-to-date: /home/altair/Person_Tracking_Roboware/install/altair_interfaces/include/altair_interfaces/altair_interfaces/srv/trigger_control.h\n'}
[0.670267] (altair_interfaces) StdoutLine: {'line': b'-- Up-to-date: /home/altair/Person_Tracking_Roboware/install/altair_interfaces/include/altair_interfaces/altair_interfaces/srv/connect_can.h\n'}
[0.670374] (altair_interfaces) StdoutLine: {'line': b'-- Up-to-date: /home/altair/Person_Tracking_Roboware/install/altair_interfaces/include/altair_interfaces/altair_interfaces/srv/start_behavior.h\n'}
[0.670546] (altair_interfaces) StdoutLine: {'line': b'-- Up-to-date: /home/altair/Person_Tracking_Roboware/install/altair_interfaces/include/altair_interfaces/altair_interfaces/srv/get_available_ports.h\n'}
[0.670680] (altair_interfaces) StdoutLine: {'line': b'-- Up-to-date: /home/altair/Person_Tracking_Roboware/install/altair_interfaces/share/altair_interfaces/environment/library_path.sh\n'}
[0.670845] (altair_interfaces) StdoutLine: {'line': b'-- Up-to-date: /home/altair/Person_Tracking_Roboware/install/altair_interfaces/share/altair_interfaces/environment/library_path.dsv\n'}
[0.670957] (altair_interfaces) StdoutLine: {'line': b'-- Up-to-date: /home/altair/Person_Tracking_Roboware/install/altair_interfaces/lib/libaltair_interfaces__rosidl_generator_c.so\n'}
[0.671217] (altair_interfaces) StdoutLine: {'line': b'-- Up-to-date: /home/altair/Person_Tracking_Roboware/install/altair_interfaces/include/altair_interfaces/altair_interfaces\n'}
[0.671492] (altair_interfaces) StdoutLine: {'line': b'-- Up-to-date: /home/altair/Person_Tracking_Roboware/install/altair_interfaces/include/altair_interfaces/altair_interfaces/msg\n'}
[0.671618] (altair_interfaces) StdoutLine: {'line': b'-- Up-to-date: /home/altair/Person_Tracking_Roboware/install/altair_interfaces/include/altair_interfaces/altair_interfaces/msg/rosidl_typesupport_fastrtps_c__visibility_control.h\n'}
[0.671742] (altair_interfaces) StdoutLine: {'line': b'-- Up-to-date: /home/altair/Person_Tracking_Roboware/install/altair_interfaces/include/altair_interfaces/altair_interfaces/msg/detail\n'}
[0.671867] (altair_interfaces) StdoutLine: {'line': b'-- Up-to-date: /home/altair/Person_Tracking_Roboware/install/altair_interfaces/include/altair_interfaces/altair_interfaces/msg/detail/can_status__rosidl_typesupport_fastrtps_c.h\n'}
[0.672023] (altair_interfaces) StdoutLine: {'line': b'-- Up-to-date: /home/altair/Person_Tracking_Roboware/install/altair_interfaces/include/altair_interfaces/altair_interfaces/msg/detail/servo_command__rosidl_typesupport_fastrtps_c.h\n'}
[0.672203] (altair_interfaces) StdoutLine: {'line': b'-- Up-to-date: /home/altair/Person_Tracking_Roboware/install/altair_interfaces/include/altair_interfaces/altair_interfaces/msg/detail/mdd_feedback__rosidl_typesupport_fastrtps_c.h\n'}
[0.672321] (altair_interfaces) StdoutLine: {'line': b'-- Up-to-date: /home/altair/Person_Tracking_Roboware/install/altair_interfaces/include/altair_interfaces/altair_interfaces/msg/detail/solenoid_command__rosidl_typesupport_fastrtps_c.h\n'}
[0.672424] (altair_interfaces) StdoutLine: {'line': b'-- Up-to-date: /home/altair/Person_Tracking_Roboware/install/altair_interfaces/include/altair_interfaces/altair_interfaces/msg/detail/mdd_command__rosidl_typesupport_fastrtps_c.h\n'}
[0.672525] (altair_interfaces) StdoutLine: {'line': b'-- Up-to-date: /home/altair/Person_Tracking_Roboware/install/altair_interfaces/include/altair_interfaces/altair_interfaces/srv\n'}
[0.672626] (altair_interfaces) StdoutLine: {'line': b'-- Up-to-date: /home/altair/Person_Tracking_Roboware/install/altair_interfaces/include/altair_interfaces/altair_interfaces/srv/detail\n'}
[0.672726] (altair_interfaces) StdoutLine: {'line': b'-- Up-to-date: /home/altair/Person_Tracking_Roboware/install/altair_interfaces/include/altair_interfaces/altair_interfaces/srv/detail/trigger_control__rosidl_typesupport_fastrtps_c.h\n'}
[0.672828] (altair_interfaces) StdoutLine: {'line': b'-- Up-to-date: /home/altair/Person_Tracking_Roboware/install/altair_interfaces/include/altair_interfaces/altair_interfaces/srv/detail/connect_can__rosidl_typesupport_fastrtps_c.h\n'}
[0.672930] (altair_interfaces) StdoutLine: {'line': b'-- Up-to-date: /home/altair/Person_Tracking_Roboware/install/altair_interfaces/include/altair_interfaces/altair_interfaces/srv/detail/get_available_ports__rosidl_typesupport_fastrtps_c.h\n'}
[0.673047] (altair_interfaces) StdoutLine: {'line': b'-- Up-to-date: /home/altair/Person_Tracking_Roboware/install/altair_interfaces/include/altair_interfaces/altair_interfaces/srv/detail/start_behavior__rosidl_typesupport_fastrtps_c.h\n'}
[0.673161] (altair_interfaces) StdoutLine: {'line': b'-- Up-to-date: /home/altair/Person_Tracking_Roboware/install/altair_interfaces/lib/libaltair_interfaces__rosidl_typesupport_fastrtps_c.so\n'}
[0.673263] (altair_interfaces) StdoutLine: {'line': b'-- Up-to-date: /home/altair/Person_Tracking_Roboware/install/altair_interfaces/include/altair_interfaces/altair_interfaces\n'}
[0.673363] (altair_interfaces) StdoutLine: {'line': b'-- Up-to-date: /home/altair/Person_Tracking_Roboware/install/altair_interfaces/include/altair_interfaces/altair_interfaces/msg\n'}
[0.673463] (altair_interfaces) StdoutLine: {'line': b'-- Up-to-date: /home/altair/Person_Tracking_Roboware/install/altair_interfaces/include/altair_interfaces/altair_interfaces/msg/detail\n'}
[0.673564] (altair_interfaces) StdoutLine: {'line': b'-- Up-to-date: /home/altair/Person_Tracking_Roboware/install/altair_interfaces/include/altair_interfaces/altair_interfaces/msg/detail/can_status__rosidl_typesupport_introspection_c.h\n'}
[0.673666] (altair_interfaces) StdoutLine: {'line': b'-- Up-to-date: /home/altair/Person_Tracking_Roboware/install/altair_interfaces/include/altair_interfaces/altair_interfaces/msg/detail/solenoid_command__type_support.c\n'}
[0.673767] (altair_interfaces) StdoutLine: {'line': b'-- Up-to-date: /home/altair/Person_Tracking_Roboware/install/altair_interfaces/include/altair_interfaces/altair_interfaces/msg/detail/mdd_feedback__rosidl_typesupport_introspection_c.h\n'}
[0.673868] (altair_interfaces) StdoutLine: {'line': b'-- Up-to-date: /home/altair/Person_Tracking_Roboware/install/altair_interfaces/include/altair_interfaces/altair_interfaces/msg/detail/mdd_command__rosidl_typesupport_introspection_c.h\n'}
[0.673972] (altair_interfaces) StdoutLine: {'line': b'-- Up-to-date: /home/altair/Person_Tracking_Roboware/install/altair_interfaces/include/altair_interfaces/altair_interfaces/msg/detail/servo_command__rosidl_typesupport_introspection_c.h\n'}
[0.674044] (altair_interfaces) StdoutLine: {'line': b'-- Up-to-date: /home/altair/Person_Tracking_Roboware/install/altair_interfaces/include/altair_interfaces/altair_interfaces/msg/detail/mdd_feedback__type_support.c\n'}
[0.674110] (altair_interfaces) StdoutLine: {'line': b'-- Up-to-date: /home/altair/Person_Tracking_Roboware/install/altair_interfaces/include/altair_interfaces/altair_interfaces/msg/detail/solenoid_command__rosidl_typesupport_introspection_c.h\n'}
[0.674169] (altair_interfaces) StdoutLine: {'line': b'-- Up-to-date: /home/altair/Person_Tracking_Roboware/install/altair_interfaces/include/altair_interfaces/altair_interfaces/msg/detail/servo_command__type_support.c\n'}
[0.674227] (altair_interfaces) StdoutLine: {'line': b'-- Up-to-date: /home/altair/Person_Tracking_Roboware/install/altair_interfaces/include/altair_interfaces/altair_interfaces/msg/detail/mdd_command__type_support.c\n'}
[0.674284] (altair_interfaces) StdoutLine: {'line': b'-- Up-to-date: /home/altair/Person_Tracking_Roboware/install/altair_interfaces/include/altair_interfaces/altair_interfaces/msg/detail/can_status__type_support.c\n'}
[0.674342] (altair_interfaces) StdoutLine: {'line': b'-- Up-to-date: /home/altair/Person_Tracking_Roboware/install/altair_interfaces/include/altair_interfaces/altair_interfaces/msg/rosidl_typesupport_introspection_c__visibility_control.h\n'}
[0.674406] (altair_interfaces) StdoutLine: {'line': b'-- Up-to-date: /home/altair/Person_Tracking_Roboware/install/altair_interfaces/include/altair_interfaces/altair_interfaces/srv\n'}
[0.674465] (altair_interfaces) StdoutLine: {'line': b'-- Up-to-date: /home/altair/Person_Tracking_Roboware/install/altair_interfaces/include/altair_interfaces/altair_interfaces/srv/detail\n'}
[0.674522] (altair_interfaces) StdoutLine: {'line': b'-- Up-to-date: /home/altair/Person_Tracking_Roboware/install/altair_interfaces/include/altair_interfaces/altair_interfaces/srv/detail/trigger_control__rosidl_typesupport_introspection_c.h\n'}
[0.674580] (altair_interfaces) StdoutLine: {'line': b'-- Up-to-date: /home/altair/Person_Tracking_Roboware/install/altair_interfaces/include/altair_interfaces/altair_interfaces/srv/detail/trigger_control__type_support.c\n'}
[0.674638] (altair_interfaces) StdoutLine: {'line': b'-- Up-to-date: /home/altair/Person_Tracking_Roboware/install/altair_interfaces/include/altair_interfaces/altair_interfaces/srv/detail/start_behavior__rosidl_typesupport_introspection_c.h\n'}
[0.674695] (altair_interfaces) StdoutLine: {'line': b'-- Up-to-date: /home/altair/Person_Tracking_Roboware/install/altair_interfaces/include/altair_interfaces/altair_interfaces/srv/detail/connect_can__rosidl_typesupport_introspection_c.h\n'}
[0.674752] (altair_interfaces) StdoutLine: {'line': b'-- Up-to-date: /home/altair/Person_Tracking_Roboware/install/altair_interfaces/include/altair_interfaces/altair_interfaces/srv/detail/connect_can__type_support.c\n'}
[0.674809] (altair_interfaces) StdoutLine: {'line': b'-- Up-to-date: /home/altair/Person_Tracking_Roboware/install/altair_interfaces/include/altair_interfaces/altair_interfaces/srv/detail/get_available_ports__rosidl_typesupport_introspection_c.h\n'}
[0.674868] (altair_interfaces) StdoutLine: {'line': b'-- Up-to-date: /home/altair/Person_Tracking_Roboware/install/altair_interfaces/include/altair_interfaces/altair_interfaces/srv/detail/get_available_ports__type_support.c\n'}
[0.674925] (altair_interfaces) StdoutLine: {'line': b'-- Up-to-date: /home/altair/Person_Tracking_Roboware/install/altair_interfaces/include/altair_interfaces/altair_interfaces/srv/detail/start_behavior__type_support.c\n'}
[0.675005] (altair_interfaces) StdoutLine: {'line': b'-- Up-to-date: /home/altair/Person_Tracking_Roboware/install/altair_interfaces/lib/libaltair_interfaces__rosidl_typesupport_introspection_c.so\n'}
[0.675065] (altair_interfaces) StdoutLine: {'line': b'-- Up-to-date: /home/altair/Person_Tracking_Roboware/install/altair_interfaces/lib/libaltair_interfaces__rosidl_typesupport_c.so\n'}
[0.675123] (altair_interfaces) StdoutLine: {'line': b'-- Up-to-date: /home/altair/Person_Tracking_Roboware/install/altair_interfaces/include/altair_interfaces/altair_interfaces\n'}
[0.675180] (altair_interfaces) StdoutLine: {'line': b'-- Up-to-date: /home/altair/Person_Tracking_Roboware/install/altair_interfaces/include/altair_interfaces/altair_interfaces/msg\n'}
[0.675243] (altair_interfaces) StdoutLine: {'line': b'-- Up-to-date: /home/altair/Person_Tracking_Roboware/install/altair_interfaces/include/altair_interfaces/altair_interfaces/msg/servo_command.hpp\n'}
[0.675301] (altair_interfaces) StdoutLine: {'line': b'-- Up-to-date: /home/altair/Person_Tracking_Roboware/install/altair_interfaces/include/altair_interfaces/altair_interfaces/msg/can_status.hpp\n'}
[0.675362] (altair_interfaces) StdoutLine: {'line': b'-- Up-to-date: /home/altair/Person_Tracking_Roboware/install/altair_interfaces/include/altair_interfaces/altair_interfaces/msg/detail\n'}
[0.675420] (altair_interfaces) StdoutLine: {'line': b'-- Up-to-date: /home/altair/Person_Tracking_Roboware/install/altair_interfaces/include/altair_interfaces/altair_interfaces/msg/detail/mdd_command__builder.hpp\n'}
[0.675478] (altair_interfaces) StdoutLine: {'line': b'-- Up-to-date: /home/altair/Person_Tracking_Roboware/install/altair_interfaces/include/altair_interfaces/altair_interfaces/msg/detail/can_status__builder.hpp\n'}
[0.675536] (altair_interfaces) StdoutLine: {'line': b'-- Up-to-date: /home/altair/Person_Tracking_Roboware/install/altair_interfaces/include/altair_interfaces/altair_interfaces/msg/detail/solenoid_command__struct.hpp\n'}
[0.675594] (altair_interfaces) StdoutLine: {'line': b'-- Up-to-date: /home/altair/Person_Tracking_Roboware/install/altair_interfaces/include/altair_interfaces/altair_interfaces/msg/detail/solenoid_command__traits.hpp\n'}
[0.675652] (altair_interfaces) StdoutLine: {'line': b'-- Up-to-date: /home/altair/Person_Tracking_Roboware/install/altair_interfaces/include/altair_interfaces/altair_interfaces/msg/detail/can_status__type_support.hpp\n'}
[0.675710] (altair_interfaces) StdoutLine: {'line': b'-- Up-to-date: /home/altair/Person_Tracking_Roboware/install/altair_interfaces/include/altair_interfaces/altair_interfaces/msg/detail/mdd_command__type_support.hpp\n'}
[0.675767] (altair_interfaces) StdoutLine: {'line': b'-- Up-to-date: /home/altair/Person_Tracking_Roboware/install/altair_interfaces/include/altair_interfaces/altair_interfaces/msg/detail/solenoid_command__type_support.hpp\n'}
[0.675826] (altair_interfaces) StdoutLine: {'line': b'-- Up-to-date: /home/altair/Person_Tracking_Roboware/install/altair_interfaces/include/altair_interfaces/altair_interfaces/msg/detail/servo_command__struct.hpp\n'}
[0.675890] (altair_interfaces) StdoutLine: {'line': b'-- Up-to-date: /home/altair/Person_Tracking_Roboware/install/altair_interfaces/include/altair_interfaces/altair_interfaces/msg/detail/mdd_feedback__struct.hpp\n'}
[0.675956] (altair_interfaces) StdoutLine: {'line': b'-- Up-to-date: /home/altair/Person_Tracking_Roboware/install/altair_interfaces/include/altair_interfaces/altair_interfaces/msg/detail/servo_command__traits.hpp\n'}
[0.676023] (altair_interfaces) StdoutLine: {'line': b'-- Up-to-date: /home/altair/Person_Tracking_Roboware/install/altair_interfaces/include/altair_interfaces/altair_interfaces/msg/detail/solenoid_command__builder.hpp\n'}
[0.676082] (altair_interfaces) StdoutLine: {'line': b'-- Up-to-date: /home/altair/Person_Tracking_Roboware/install/altair_interfaces/include/altair_interfaces/altair_interfaces/msg/detail/mdd_command__traits.hpp\n'}
[0.676140] (altair_interfaces) StdoutLine: {'line': b'-- Up-to-date: /home/altair/Person_Tracking_Roboware/install/altair_interfaces/include/altair_interfaces/altair_interfaces/msg/detail/can_status__traits.hpp\n'}
[0.676198] (altair_interfaces) StdoutLine: {'line': b'-- Up-to-date: /home/altair/Person_Tracking_Roboware/install/altair_interfaces/include/altair_interfaces/altair_interfaces/msg/detail/mdd_feedback__type_support.hpp\n'}
[0.676257] (altair_interfaces) StdoutLine: {'line': b'-- Up-to-date: /home/altair/Person_Tracking_Roboware/install/altair_interfaces/include/altair_interfaces/altair_interfaces/msg/detail/mdd_command__struct.hpp\n'}
[0.676315] (altair_interfaces) StdoutLine: {'line': b'-- Up-to-date: /home/altair/Person_Tracking_Roboware/install/altair_interfaces/include/altair_interfaces/altair_interfaces/msg/detail/servo_command__builder.hpp\n'}
[0.676379] (altair_interfaces) StdoutLine: {'line': b'-- Up-to-date: /home/altair/Person_Tracking_Roboware/install/altair_interfaces/include/altair_interfaces/altair_interfaces/msg/detail/mdd_feedback__builder.hpp\n'}
[0.676438] (altair_interfaces) StdoutLine: {'line': b'-- Up-to-date: /home/altair/Person_Tracking_Roboware/install/altair_interfaces/include/altair_interfaces/altair_interfaces/msg/detail/mdd_feedback__traits.hpp\n'}
[0.676496] (altair_interfaces) StdoutLine: {'line': b'-- Up-to-date: /home/altair/Person_Tracking_Roboware/install/altair_interfaces/include/altair_interfaces/altair_interfaces/msg/detail/can_status__struct.hpp\n'}
[0.676554] (altair_interfaces) StdoutLine: {'line': b'-- Up-to-date: /home/altair/Person_Tracking_Roboware/install/altair_interfaces/include/altair_interfaces/altair_interfaces/msg/detail/servo_command__type_support.hpp\n'}
[0.676622] (altair_interfaces) StdoutLine: {'line': b'-- Up-to-date: /home/altair/Person_Tracking_Roboware/install/altair_interfaces/include/altair_interfaces/altair_interfaces/msg/solenoid_command.hpp\n'}
[0.676680] (altair_interfaces) StdoutLine: {'line': b'-- Up-to-date: /home/altair/Person_Tracking_Roboware/install/altair_interfaces/include/altair_interfaces/altair_interfaces/msg/rosidl_generator_cpp__visibility_control.hpp\n'}
[0.676738] (altair_interfaces) StdoutLine: {'line': b'-- Up-to-date: /home/altair/Person_Tracking_Roboware/install/altair_interfaces/include/altair_interfaces/altair_interfaces/msg/mdd_command.hpp\n'}
[0.676796] (altair_interfaces) StdoutLine: {'line': b'-- Up-to-date: /home/altair/Person_Tracking_Roboware/install/altair_interfaces/include/altair_interfaces/altair_interfaces/msg/mdd_feedback.hpp\n'}
[0.676853] (altair_interfaces) StdoutLine: {'line': b'-- Up-to-date: /home/altair/Person_Tracking_Roboware/install/altair_interfaces/include/altair_interfaces/altair_interfaces/srv\n'}
[0.676911] (altair_interfaces) StdoutLine: {'line': b'-- Up-to-date: /home/altair/Person_Tracking_Roboware/install/altair_interfaces/include/altair_interfaces/altair_interfaces/srv/trigger_control.hpp\n'}
[0.676980] (altair_interfaces) StdoutLine: {'line': b'-- Up-to-date: /home/altair/Person_Tracking_Roboware/install/altair_interfaces/include/altair_interfaces/altair_interfaces/srv/detail\n'}
[0.677042] (altair_interfaces) StdoutLine: {'line': b'-- Up-to-date: /home/altair/Person_Tracking_Roboware/install/altair_interfaces/include/altair_interfaces/altair_interfaces/srv/detail/connect_can__builder.hpp\n'}
[0.677100] (altair_interfaces) StdoutLine: {'line': b'-- Up-to-date: /home/altair/Person_Tracking_Roboware/install/altair_interfaces/include/altair_interfaces/altair_interfaces/srv/detail/start_behavior__builder.hpp\n'}
[0.677157] (altair_interfaces) StdoutLine: {'line': b'-- Up-to-date: /home/altair/Person_Tracking_Roboware/install/altair_interfaces/include/altair_interfaces/altair_interfaces/srv/detail/connect_can__struct.hpp\n'}
[0.677214] (altair_interfaces) StdoutLine: {'line': b'-- Up-to-date: /home/altair/Person_Tracking_Roboware/install/altair_interfaces/include/altair_interfaces/altair_interfaces/srv/detail/get_available_ports__type_support.hpp\n'}
[0.677271] (altair_interfaces) StdoutLine: {'line': b'-- Up-to-date: /home/altair/Person_Tracking_Roboware/install/altair_interfaces/include/altair_interfaces/altair_interfaces/srv/detail/trigger_control__struct.hpp\n'}
[0.677328] (altair_interfaces) StdoutLine: {'line': b'-- Up-to-date: /home/altair/Person_Tracking_Roboware/install/altair_interfaces/include/altair_interfaces/altair_interfaces/srv/detail/trigger_control__type_support.hpp\n'}
[0.677391] (altair_interfaces) StdoutLine: {'line': b'-- Up-to-date: /home/altair/Person_Tracking_Roboware/install/altair_interfaces/include/altair_interfaces/altair_interfaces/srv/detail/connect_can__traits.hpp\n'}
[0.677449] (altair_interfaces) StdoutLine: {'line': b'-- Up-to-date: /home/altair/Person_Tracking_Roboware/install/altair_interfaces/include/altair_interfaces/altair_interfaces/srv/detail/trigger_control__traits.hpp\n'}
[0.677512] (altair_interfaces) StdoutLine: {'line': b'-- Up-to-date: /home/altair/Person_Tracking_Roboware/install/altair_interfaces/include/altair_interfaces/altair_interfaces/srv/detail/get_available_ports__traits.hpp\n'}
[0.677569] (altair_interfaces) StdoutLine: {'line': b'-- Up-to-date: /home/altair/Person_Tracking_Roboware/install/altair_interfaces/include/altair_interfaces/altair_interfaces/srv/detail/get_available_ports__struct.hpp\n'}
[0.677626] (altair_interfaces) StdoutLine: {'line': b'-- Up-to-date: /home/altair/Person_Tracking_Roboware/install/altair_interfaces/include/altair_interfaces/altair_interfaces/srv/detail/trigger_control__builder.hpp\n'}
[0.677683] (altair_interfaces) StdoutLine: {'line': b'-- Up-to-date: /home/altair/Person_Tracking_Roboware/install/altair_interfaces/include/altair_interfaces/altair_interfaces/srv/detail/get_available_ports__builder.hpp\n'}
[0.677740] (altair_interfaces) StdoutLine: {'line': b'-- Up-to-date: /home/altair/Person_Tracking_Roboware/install/altair_interfaces/include/altair_interfaces/altair_interfaces/srv/detail/start_behavior__traits.hpp\n'}
[0.677797] (altair_interfaces) StdoutLine: {'line': b'-- Up-to-date: /home/altair/Person_Tracking_Roboware/install/altair_interfaces/include/altair_interfaces/altair_interfaces/srv/detail/connect_can__type_support.hpp\n'}
[0.677855] (altair_interfaces) StdoutLine: {'line': b'-- Up-to-date: /home/altair/Person_Tracking_Roboware/install/altair_interfaces/include/altair_interfaces/altair_interfaces/srv/detail/start_behavior__struct.hpp\n'}
[0.677911] (altair_interfaces) StdoutLine: {'line': b'-- Up-to-date: /home/altair/Person_Tracking_Roboware/install/altair_interfaces/include/altair_interfaces/altair_interfaces/srv/detail/start_behavior__type_support.hpp\n'}
[0.677978] (altair_interfaces) StdoutLine: {'line': b'-- Up-to-date: /home/altair/Person_Tracking_Roboware/install/altair_interfaces/include/altair_interfaces/altair_interfaces/srv/connect_can.hpp\n'}
[0.678041] (altair_interfaces) StdoutLine: {'line': b'-- Up-to-date: /home/altair/Person_Tracking_Roboware/install/altair_interfaces/include/altair_interfaces/altair_interfaces/srv/get_available_ports.hpp\n'}
[0.678098] (altair_interfaces) StdoutLine: {'line': b'-- Up-to-date: /home/altair/Person_Tracking_Roboware/install/altair_interfaces/include/altair_interfaces/altair_interfaces/srv/start_behavior.hpp\n'}
[0.678168] (altair_interfaces) StdoutLine: {'line': b'-- Up-to-date: /home/altair/Person_Tracking_Roboware/install/altair_interfaces/include/altair_interfaces/altair_interfaces\n'}
[0.678225] (altair_interfaces) StdoutLine: {'line': b'-- Up-to-date: /home/altair/Person_Tracking_Roboware/install/altair_interfaces/include/altair_interfaces/altair_interfaces/msg\n'}
[0.678282] (altair_interfaces) StdoutLine: {'line': b'-- Up-to-date: /home/altair/Person_Tracking_Roboware/install/altair_interfaces/include/altair_interfaces/altair_interfaces/msg/rosidl_typesupport_fastrtps_cpp__visibility_control.h\n'}
[0.678340] (altair_interfaces) StdoutLine: {'line': b'-- Up-to-date: /home/altair/Person_Tracking_Roboware/install/altair_interfaces/include/altair_interfaces/altair_interfaces/msg/detail\n'}
[0.678397] (altair_interfaces) StdoutLine: {'line': b'-- Up-to-date: /home/altair/Person_Tracking_Roboware/install/altair_interfaces/include/altair_interfaces/altair_interfaces/msg/detail/mdd_command__rosidl_typesupport_fastrtps_cpp.hpp\n'}
[0.678455] (altair_interfaces) StdoutLine: {'line': b'-- Up-to-date: /home/altair/Person_Tracking_Roboware/install/altair_interfaces/include/altair_interfaces/altair_interfaces/msg/detail/mdd_feedback__rosidl_typesupport_fastrtps_cpp.hpp\n'}
[0.678513] (altair_interfaces) StdoutLine: {'line': b'-- Up-to-date: /home/altair/Person_Tracking_Roboware/install/altair_interfaces/include/altair_interfaces/altair_interfaces/msg/detail/servo_command__rosidl_typesupport_fastrtps_cpp.hpp\n'}
[0.678570] (altair_interfaces) StdoutLine: {'line': b'-- Up-to-date: /home/altair/Person_Tracking_Roboware/install/altair_interfaces/include/altair_interfaces/altair_interfaces/msg/detail/solenoid_command__rosidl_typesupport_fastrtps_cpp.hpp\n'}
[0.678646] (altair_interfaces) StdoutLine: {'line': b'-- Up-to-date: /home/altair/Person_Tracking_Roboware/install/altair_interfaces/include/altair_interfaces/altair_interfaces/msg/detail/can_status__rosidl_typesupport_fastrtps_cpp.hpp\n'}
[0.678704] (altair_interfaces) StdoutLine: {'line': b'-- Up-to-date: /home/altair/Person_Tracking_Roboware/install/altair_interfaces/include/altair_interfaces/altair_interfaces/msg/detail/dds_fastrtps\n'}
[0.678761] (altair_interfaces) StdoutLine: {'line': b'-- Up-to-date: /home/altair/Person_Tracking_Roboware/install/altair_interfaces/include/altair_interfaces/altair_interfaces/srv\n'}
[0.678823] (altair_interfaces) StdoutLine: {'line': b'-- Up-to-date: /home/altair/Person_Tracking_Roboware/install/altair_interfaces/include/altair_interfaces/altair_interfaces/srv/detail\n'}
[0.678881] (altair_interfaces) StdoutLine: {'line': b'-- Up-to-date: /home/altair/Person_Tracking_Roboware/install/altair_interfaces/include/altair_interfaces/altair_interfaces/srv/detail/connect_can__rosidl_typesupport_fastrtps_cpp.hpp\n'}
[0.678938] (altair_interfaces) StdoutLine: {'line': b'-- Up-to-date: /home/altair/Person_Tracking_Roboware/install/altair_interfaces/include/altair_interfaces/altair_interfaces/srv/detail/start_behavior__rosidl_typesupport_fastrtps_cpp.hpp\n'}
[0.679006] (altair_interfaces) StdoutLine: {'line': b'-- Up-to-date: /home/altair/Person_Tracking_Roboware/install/altair_interfaces/include/altair_interfaces/altair_interfaces/srv/detail/dds_fastrtps\n'}
[0.679065] (altair_interfaces) StdoutLine: {'line': b'-- Up-to-date: /home/altair/Person_Tracking_Roboware/install/altair_interfaces/include/altair_interfaces/altair_interfaces/srv/detail/get_available_ports__rosidl_typesupport_fastrtps_cpp.hpp\n'}
[0.679122] (altair_interfaces) StdoutLine: {'line': b'-- Up-to-date: /home/altair/Person_Tracking_Roboware/install/altair_interfaces/include/altair_interfaces/altair_interfaces/srv/detail/trigger_control__rosidl_typesupport_fastrtps_cpp.hpp\n'}
[0.679180] (altair_interfaces) StdoutLine: {'line': b'-- Up-to-date: /home/altair/Person_Tracking_Roboware/install/altair_interfaces/lib/libaltair_interfaces__rosidl_typesupport_fastrtps_cpp.so\n'}
[0.679238] (altair_interfaces) StdoutLine: {'line': b'-- Up-to-date: /home/altair/Person_Tracking_Roboware/install/altair_interfaces/include/altair_interfaces/altair_interfaces\n'}
[0.679294] (altair_interfaces) StdoutLine: {'line': b'-- Up-to-date: /home/altair/Person_Tracking_Roboware/install/altair_interfaces/include/altair_interfaces/altair_interfaces/msg\n'}
[0.679351] (altair_interfaces) StdoutLine: {'line': b'-- Up-to-date: /home/altair/Person_Tracking_Roboware/install/altair_interfaces/include/altair_interfaces/altair_interfaces/msg/detail\n'}
[0.679409] (altair_interfaces) StdoutLine: {'line': b'-- Up-to-date: /home/altair/Person_Tracking_Roboware/install/altair_interfaces/include/altair_interfaces/altair_interfaces/msg/detail/mdd_feedback__rosidl_typesupport_introspection_cpp.hpp\n'}
[0.679467] (altair_interfaces) StdoutLine: {'line': b'-- Up-to-date: /home/altair/Person_Tracking_Roboware/install/altair_interfaces/include/altair_interfaces/altair_interfaces/msg/detail/can_status__rosidl_typesupport_introspection_cpp.hpp\n'}
[0.679524] (altair_interfaces) StdoutLine: {'line': b'-- Up-to-date: /home/altair/Person_Tracking_Roboware/install/altair_interfaces/include/altair_interfaces/altair_interfaces/msg/detail/mdd_command__rosidl_typesupport_introspection_cpp.hpp\n'}
[0.679581] (altair_interfaces) StdoutLine: {'line': b'-- Up-to-date: /home/altair/Person_Tracking_Roboware/install/altair_interfaces/include/altair_interfaces/altair_interfaces/msg/detail/mdd_feedback__type_support.cpp\n'}
[0.679648] (altair_interfaces) StdoutLine: {'line': b'-- Up-to-date: /home/altair/Person_Tracking_Roboware/install/altair_interfaces/include/altair_interfaces/altair_interfaces/msg/detail/servo_command__type_support.cpp\n'}
[0.679711] (altair_interfaces) StdoutLine: {'line': b'-- Up-to-date: /home/altair/Person_Tracking_Roboware/install/altair_interfaces/include/altair_interfaces/altair_interfaces/msg/detail/solenoid_command__type_support.cpp\n'}
[0.679768] (altair_interfaces) StdoutLine: {'line': b'-- Up-to-date: /home/altair/Person_Tracking_Roboware/install/altair_interfaces/include/altair_interfaces/altair_interfaces/msg/detail/mdd_command__type_support.cpp\n'}
[0.679825] (altair_interfaces) StdoutLine: {'line': b'-- Up-to-date: /home/altair/Person_Tracking_Roboware/install/altair_interfaces/include/altair_interfaces/altair_interfaces/msg/detail/can_status__type_support.cpp\n'}
[0.679882] (altair_interfaces) StdoutLine: {'line': b'-- Up-to-date: /home/altair/Person_Tracking_Roboware/install/altair_interfaces/include/altair_interfaces/altair_interfaces/msg/detail/servo_command__rosidl_typesupport_introspection_cpp.hpp\n'}
[0.679939] (altair_interfaces) StdoutLine: {'line': b'-- Up-to-date: /home/altair/Person_Tracking_Roboware/install/altair_interfaces/include/altair_interfaces/altair_interfaces/msg/detail/solenoid_command__rosidl_typesupport_introspection_cpp.hpp\n'}
[0.680008] (altair_interfaces) StdoutLine: {'line': b'-- Up-to-date: /home/altair/Person_Tracking_Roboware/install/altair_interfaces/include/altair_interfaces/altair_interfaces/srv\n'}
[0.680067] (altair_interfaces) StdoutLine: {'line': b'-- Up-to-date: /home/altair/Person_Tracking_Roboware/install/altair_interfaces/include/altair_interfaces/altair_interfaces/srv/detail\n'}
[0.680125] (altair_interfaces) StdoutLine: {'line': b'-- Up-to-date: /home/altair/Person_Tracking_Roboware/install/altair_interfaces/include/altair_interfaces/altair_interfaces/srv/detail/connect_can__rosidl_typesupport_introspection_cpp.hpp\n'}
[0.680183] (altair_interfaces) StdoutLine: {'line': b'-- Up-to-date: /home/altair/Person_Tracking_Roboware/install/altair_interfaces/include/altair_interfaces/altair_interfaces/srv/detail/get_available_ports__type_support.cpp\n'}
[0.680247] (altair_interfaces) StdoutLine: {'line': b'-- Up-to-date: /home/altair/Person_Tracking_Roboware/install/altair_interfaces/include/altair_interfaces/altair_interfaces/srv/detail/connect_can__type_support.cpp\n'}
[0.680306] (altair_interfaces) StdoutLine: {'line': b'-- Up-to-date: /home/altair/Person_Tracking_Roboware/install/altair_interfaces/include/altair_interfaces/altair_interfaces/srv/detail/start_behavior__type_support.cpp\n'}
[0.680364] (altair_interfaces) StdoutLine: {'line': b'-- Up-to-date: /home/altair/Person_Tracking_Roboware/install/altair_interfaces/include/altair_interfaces/altair_interfaces/srv/detail/trigger_control__type_support.cpp\n'}
[0.680422] (altair_interfaces) StdoutLine: {'line': b'-- Up-to-date: /home/altair/Person_Tracking_Roboware/install/altair_interfaces/include/altair_interfaces/altair_interfaces/srv/detail/trigger_control__rosidl_typesupport_introspection_cpp.hpp\n'}
[0.680480] (altair_interfaces) StdoutLine: {'line': b'-- Up-to-date: /home/altair/Person_Tracking_Roboware/install/altair_interfaces/include/altair_interfaces/altair_interfaces/srv/detail/get_available_ports__rosidl_typesupport_introspection_cpp.hpp\n'}
[0.680538] (altair_interfaces) StdoutLine: {'line': b'-- Up-to-date: /home/altair/Person_Tracking_Roboware/install/altair_interfaces/include/altair_interfaces/altair_interfaces/srv/detail/start_behavior__rosidl_typesupport_introspection_cpp.hpp\n'}
[0.680596] (altair_interfaces) StdoutLine: {'line': b'-- Up-to-date: /home/altair/Person_Tracking_Roboware/install/altair_interfaces/lib/libaltair_interfaces__rosidl_typesupport_introspection_cpp.so\n'}
[0.680653] (altair_interfaces) StdoutLine: {'line': b'-- Up-to-date: /home/altair/Person_Tracking_Roboware/install/altair_interfaces/lib/libaltair_interfaces__rosidl_typesupport_cpp.so\n'}
[0.680711] (altair_interfaces) StdoutLine: {'line': b'-- Up-to-date: /home/altair/Person_Tracking_Roboware/install/altair_interfaces/share/altair_interfaces/environment/pythonpath.sh\n'}
[0.680768] (altair_interfaces) StdoutLine: {'line': b'-- Up-to-date: /home/altair/Person_Tracking_Roboware/install/altair_interfaces/share/altair_interfaces/environment/pythonpath.dsv\n'}
[0.680831] (altair_interfaces) StdoutLine: {'line': b'-- Up-to-date: /home/altair/Person_Tracking_Roboware/install/altair_interfaces/local/lib/python3.10/dist-packages/altair_interfaces-1.0.0-py3.10.egg-info\n'}
[0.680890] (altair_interfaces) StdoutLine: {'line': b'-- Installing: /home/altair/Person_Tracking_Roboware/install/altair_interfaces/local/lib/python3.10/dist-packages/altair_interfaces-1.0.0-py3.10.egg-info/dependency_links.txt\n'}
[0.680954] (altair_interfaces) StdoutLine: {'line': b'-- Installing: /home/altair/Person_Tracking_Roboware/install/altair_interfaces/local/lib/python3.10/dist-packages/altair_interfaces-1.0.0-py3.10.egg-info/PKG-INFO\n'}
[0.681019] (altair_interfaces) StdoutLine: {'line': b'-- Installing: /home/altair/Person_Tracking_Roboware/install/altair_interfaces/local/lib/python3.10/dist-packages/altair_interfaces-1.0.0-py3.10.egg-info/top_level.txt\n'}
[0.681078] (altair_interfaces) StdoutLine: {'line': b'-- Installing: /home/altair/Person_Tracking_Roboware/install/altair_interfaces/local/lib/python3.10/dist-packages/altair_interfaces-1.0.0-py3.10.egg-info/SOURCES.txt\n'}
[0.681146] (altair_interfaces) StdoutLine: {'line': b'-- Up-to-date: /home/altair/Person_Tracking_Roboware/install/altair_interfaces/local/lib/python3.10/dist-packages/altair_interfaces\n'}
[0.681205] (altair_interfaces) StdoutLine: {'line': b'-- Up-to-date: /home/altair/Person_Tracking_Roboware/install/altair_interfaces/local/lib/python3.10/dist-packages/altair_interfaces/libaltair_interfaces__rosidl_generator_py.so\n'}
[0.681263] (altair_interfaces) StdoutLine: {'line': b'-- Up-to-date: /home/altair/Person_Tracking_Roboware/install/altair_interfaces/local/lib/python3.10/dist-packages/altair_interfaces/altair_interfaces_s__rosidl_typesupport_introspection_c.cpython-310-x86_64-linux-gnu.so\n'}
[0.681322] (altair_interfaces) StdoutLine: {'line': b'-- Up-to-date: /home/altair/Person_Tracking_Roboware/install/altair_interfaces/local/lib/python3.10/dist-packages/altair_interfaces/altair_interfaces_s__rosidl_typesupport_c.cpython-310-x86_64-linux-gnu.so\n'}
[0.681381] (altair_interfaces) StdoutLine: {'line': b'-- Up-to-date: /home/altair/Person_Tracking_Roboware/install/altair_interfaces/local/lib/python3.10/dist-packages/altair_interfaces/msg\n'}
[0.681438] (altair_interfaces) StdoutLine: {'line': b'-- Up-to-date: /home/altair/Person_Tracking_Roboware/install/altair_interfaces/local/lib/python3.10/dist-packages/altair_interfaces/msg/_servo_command.py\n'}
[0.681495] (altair_interfaces) StdoutLine: {'line': b'-- Up-to-date: /home/altair/Person_Tracking_Roboware/install/altair_interfaces/local/lib/python3.10/dist-packages/altair_interfaces/msg/__init__.py\n'}
[0.681552] (altair_interfaces) StdoutLine: {'line': b'-- Up-to-date: /home/altair/Person_Tracking_Roboware/install/altair_interfaces/local/lib/python3.10/dist-packages/altair_interfaces/msg/_can_status_s.c\n'}
[0.681615] (altair_interfaces) StdoutLine: {'line': b'-- Up-to-date: /home/altair/Person_Tracking_Roboware/install/altair_interfaces/local/lib/python3.10/dist-packages/altair_interfaces/msg/_can_status.py\n'}
[0.681673] (altair_interfaces) StdoutLine: {'line': b'-- Up-to-date: /home/altair/Person_Tracking_Roboware/install/altair_interfaces/local/lib/python3.10/dist-packages/altair_interfaces/msg/_mdd_feedback.py\n'}
[0.681732] (altair_interfaces) StdoutLine: {'line': b'-- Up-to-date: /home/altair/Person_Tracking_Roboware/install/altair_interfaces/local/lib/python3.10/dist-packages/altair_interfaces/msg/_servo_command_s.c\n'}
[0.681790] (altair_interfaces) StdoutLine: {'line': b'-- Up-to-date: /home/altair/Person_Tracking_Roboware/install/altair_interfaces/local/lib/python3.10/dist-packages/altair_interfaces/msg/_solenoid_command.py\n'}
[0.681848] (altair_interfaces) StdoutLine: {'line': b'-- Up-to-date: /home/altair/Person_Tracking_Roboware/install/altair_interfaces/local/lib/python3.10/dist-packages/altair_interfaces/msg/_mdd_command.py\n'}
[0.681912] (altair_interfaces) StdoutLine: {'line': b'-- Up-to-date: /home/altair/Person_Tracking_Roboware/install/altair_interfaces/local/lib/python3.10/dist-packages/altair_interfaces/msg/_solenoid_command_s.c\n'}
[0.681979] (altair_interfaces) StdoutLine: {'line': b'-- Up-to-date: /home/altair/Person_Tracking_Roboware/install/altair_interfaces/local/lib/python3.10/dist-packages/altair_interfaces/msg/_mdd_feedback_s.c\n'}
[0.682041] (altair_interfaces) StdoutLine: {'line': b'-- Up-to-date: /home/altair/Person_Tracking_Roboware/install/altair_interfaces/local/lib/python3.10/dist-packages/altair_interfaces/msg/_mdd_command_s.c\n'}
[0.682099] (altair_interfaces) StdoutLine: {'line': b'-- Up-to-date: /home/altair/Person_Tracking_Roboware/install/altair_interfaces/local/lib/python3.10/dist-packages/altair_interfaces/_altair_interfaces_s.ep.rosidl_typesupport_c.c\n'}
[0.682157] (altair_interfaces) StdoutLine: {'line': b'-- Up-to-date: /home/altair/Person_Tracking_Roboware/install/altair_interfaces/local/lib/python3.10/dist-packages/altair_interfaces/__init__.py\n'}
[0.682215] (altair_interfaces) StdoutLine: {'line': b'-- Up-to-date: /home/altair/Person_Tracking_Roboware/install/altair_interfaces/local/lib/python3.10/dist-packages/altair_interfaces/srv\n'}
[0.682274] (altair_interfaces) StdoutLine: {'line': b'-- Up-to-date: /home/altair/Person_Tracking_Roboware/install/altair_interfaces/local/lib/python3.10/dist-packages/altair_interfaces/srv/__init__.py\n'}
[0.682331] (altair_interfaces) StdoutLine: {'line': b'-- Up-to-date: /home/altair/Person_Tracking_Roboware/install/altair_interfaces/local/lib/python3.10/dist-packages/altair_interfaces/srv/_start_behavior_s.c\n'}
[0.682389] (altair_interfaces) StdoutLine: {'line': b'-- Up-to-date: /home/altair/Person_Tracking_Roboware/install/altair_interfaces/local/lib/python3.10/dist-packages/altair_interfaces/srv/_trigger_control.py\n'}
[0.682447] (altair_interfaces) StdoutLine: {'line': b'-- Up-to-date: /home/altair/Person_Tracking_Roboware/install/altair_interfaces/local/lib/python3.10/dist-packages/altair_interfaces/srv/_connect_can.py\n'}
[0.682505] (altair_interfaces) StdoutLine: {'line': b'-- Up-to-date: /home/altair/Person_Tracking_Roboware/install/altair_interfaces/local/lib/python3.10/dist-packages/altair_interfaces/srv/_trigger_control_s.c\n'}
[0.682563] (altair_interfaces) StdoutLine: {'line': b'-- Up-to-date: /home/altair/Person_Tracking_Roboware/install/altair_interfaces/local/lib/python3.10/dist-packages/altair_interfaces/srv/_start_behavior.py\n'}
[0.682620] (altair_interfaces) StdoutLine: {'line': b'-- Up-to-date: /home/altair/Person_Tracking_Roboware/install/altair_interfaces/local/lib/python3.10/dist-packages/altair_interfaces/srv/_connect_can_s.c\n'}
[0.682687] (altair_interfaces) StdoutLine: {'line': b'-- Up-to-date: /home/altair/Person_Tracking_Roboware/install/altair_interfaces/local/lib/python3.10/dist-packages/altair_interfaces/srv/_get_available_ports_s.c\n'}
[0.682745] (altair_interfaces) StdoutLine: {'line': b'-- Up-to-date: /home/altair/Person_Tracking_Roboware/install/altair_interfaces/local/lib/python3.10/dist-packages/altair_interfaces/srv/_get_available_ports.py\n'}
[0.682802] (altair_interfaces) StdoutLine: {'line': b'-- Up-to-date: /home/altair/Person_Tracking_Roboware/install/altair_interfaces/local/lib/python3.10/dist-packages/altair_interfaces/_altair_interfaces_s.ep.rosidl_typesupport_introspection_c.c\n'}
[0.682860] (altair_interfaces) StdoutLine: {'line': b'-- Up-to-date: /home/altair/Person_Tracking_Roboware/install/altair_interfaces/local/lib/python3.10/dist-packages/altair_interfaces/altair_interfaces_s__rosidl_typesupport_fastrtps_c.cpython-310-x86_64-linux-gnu.so\n'}
[0.682918] (altair_interfaces) StdoutLine: {'line': b'-- Up-to-date: /home/altair/Person_Tracking_Roboware/install/altair_interfaces/local/lib/python3.10/dist-packages/altair_interfaces/_altair_interfaces_s.ep.rosidl_typesupport_fastrtps_c.c\n'}
[0.698789] (can_msgs) StdoutLine: {'line': b"Listing '/home/altair/Person_Tracking_Roboware/install/can_msgs/local/lib/python3.10/dist-packages/can_msgs'...\n"}
[0.699061] (can_msgs) StdoutLine: {'line': b"Listing '/home/altair/Person_Tracking_Roboware/install/can_msgs/local/lib/python3.10/dist-packages/can_msgs/msg'...\n"}
[0.700217] (-) TimerEvent: {}
[0.704826] (can_msgs) StdoutLine: {'line': b'-- Up-to-date: /home/altair/Person_Tracking_Roboware/install/can_msgs/local/lib/python3.10/dist-packages/can_msgs/can_msgs_s__rosidl_typesupport_fastrtps_c.cpython-310-x86_64-linux-gnu.so\n'}
[0.705168] (can_msgs) StdoutLine: {'line': b'-- Up-to-date: /home/altair/Person_Tracking_Roboware/install/can_msgs/local/lib/python3.10/dist-packages/can_msgs/can_msgs_s__rosidl_typesupport_introspection_c.cpython-310-x86_64-linux-gnu.so\n'}
[0.705545] (can_msgs) StdoutLine: {'line': b'-- Up-to-date: /home/altair/Person_Tracking_Roboware/install/can_msgs/local/lib/python3.10/dist-packages/can_msgs/can_msgs_s__rosidl_typesupport_c.cpython-310-x86_64-linux-gnu.so\n'}
[0.705928] (can_msgs) StdoutLine: {'line': b'-- Up-to-date: /home/altair/Person_Tracking_Roboware/install/can_msgs/lib/libcan_msgs__rosidl_generator_py.so\n'}
[0.706170] (can_msgs) StdoutLine: {'line': b'-- Up-to-date: /home/altair/Person_Tracking_Roboware/install/can_msgs/share/ament_index/resource_index/rust_packages/can_msgs\n'}
[0.706370] (can_msgs) StdoutLine: {'line': b'-- Up-to-date: /home/altair/Person_Tracking_Roboware/install/can_msgs/share/can_msgs/rust\n'}
[0.706629] (can_msgs) StdoutLine: {'line': b'-- Up-to-date: /home/altair/Person_Tracking_Roboware/install/can_msgs/share/can_msgs/rust/Cargo.toml\n'}
[0.706880] (can_msgs) StdoutLine: {'line': b'-- Up-to-date: /home/altair/Person_Tracking_Roboware/install/can_msgs/share/can_msgs/rust/src\n'}
[0.707308] (can_msgs) StdoutLine: {'line': b'-- Up-to-date: /home/altair/Person_Tracking_Roboware/install/can_msgs/share/can_msgs/rust/src/msg\n'}
[0.707913] (can_msgs) StdoutLine: {'line': b'-- Up-to-date: /home/altair/Person_Tracking_Roboware/install/can_msgs/share/can_msgs/rust/src/msg/rmw.rs\n'}
[0.708293] (can_msgs) StdoutLine: {'line': b'-- Up-to-date: /home/altair/Person_Tracking_Roboware/install/can_msgs/share/can_msgs/rust/src/msg.rs\n'}
[0.708507] (can_msgs) StdoutLine: {'line': b'-- Up-to-date: /home/altair/Person_Tracking_Roboware/install/can_msgs/share/can_msgs/rust/src/lib.rs\n'}
[0.708639] (can_msgs) StdoutLine: {'line': b'-- Up-to-date: /home/altair/Person_Tracking_Roboware/install/can_msgs/share/can_msgs/rust/build.rs\n'}
[0.708836] (can_msgs) StdoutLine: {'line': b'-- Up-to-date: /home/altair/Person_Tracking_Roboware/install/can_msgs/share/can_msgs/msg/Frame.idl\n'}
[0.709043] (can_msgs) StdoutLine: {'line': b'-- Up-to-date: /home/altair/Person_Tracking_Roboware/install/can_msgs/share/can_msgs/msg/Frame.msg\n'}
[0.709235] (can_msgs) StdoutLine: {'line': b'-- Up-to-date: /home/altair/Person_Tracking_Roboware/install/can_msgs/share/ament_index/resource_index/package_run_dependencies/can_msgs\n'}
[0.709383] (can_msgs) StdoutLine: {'line': b'-- Up-to-date: /home/altair/Person_Tracking_Roboware/install/can_msgs/share/ament_index/resource_index/parent_prefix_path/can_msgs\n'}
[0.709571] (can_msgs) StdoutLine: {'line': b'-- Up-to-date: /home/altair/Person_Tracking_Roboware/install/can_msgs/share/can_msgs/environment/ament_prefix_path.sh\n'}
[0.709730] (can_msgs) StdoutLine: {'line': b'-- Up-to-date: /home/altair/Person_Tracking_Roboware/install/can_msgs/share/can_msgs/environment/ament_prefix_path.dsv\n'}
[0.709899] (can_msgs) StdoutLine: {'line': b'-- Up-to-date: /home/altair/Person_Tracking_Roboware/install/can_msgs/share/can_msgs/environment/path.sh\n'}
[0.710499] (can_msgs) StdoutLine: {'line': b'-- Up-to-date: /home/altair/Person_Tracking_Roboware/install/can_msgs/share/can_msgs/environment/path.dsv\n'}
[0.712140] (can_msgs) StdoutLine: {'line': b'-- Up-to-date: /home/altair/Person_Tracking_Roboware/install/can_msgs/share/can_msgs/local_setup.bash\n'}
[0.713541] (can_msgs) StdoutLine: {'line': b'-- Up-to-date: /home/altair/Person_Tracking_Roboware/install/can_msgs/share/can_msgs/local_setup.sh\n'}
[0.715384] (can_msgs) StdoutLine: {'line': b'-- Up-to-date: /home/altair/Person_Tracking_Roboware/install/can_msgs/share/can_msgs/local_setup.zsh\n'}
[0.717288] (can_msgs) StdoutLine: {'line': b'-- Up-to-date: /home/altair/Person_Tracking_Roboware/install/can_msgs/share/can_msgs/local_setup.dsv\n'}
[0.718477] (can_msgs) StdoutLine: {'line': b'-- Installing: /home/altair/Person_Tracking_Roboware/install/can_msgs/share/can_msgs/package.dsv\n'}
[0.720396] (can_msgs) StdoutLine: {'line': b'-- Up-to-date: /home/altair/Person_Tracking_Roboware/install/can_msgs/share/ament_index/resource_index/packages/can_msgs\n'}
[0.721505] (can_msgs) StdoutLine: {'line': b'-- Up-to-date: /home/altair/Person_Tracking_Roboware/install/can_msgs/share/can_msgs/cmake/export_can_msgs__rosidl_generator_cExport.cmake\n'}
[0.722526] (can_msgs) StdoutLine: {'line': b'-- Up-to-date: /home/altair/Person_Tracking_Roboware/install/can_msgs/share/can_msgs/cmake/export_can_msgs__rosidl_generator_cExport-noconfig.cmake\n'}
[0.723611] (can_msgs) StdoutLine: {'line': b'-- Up-to-date: /home/altair/Person_Tracking_Roboware/install/can_msgs/share/can_msgs/cmake/export_can_msgs__rosidl_typesupport_fastrtps_cExport.cmake\n'}
[0.724706] (can_msgs) StdoutLine: {'line': b'-- Up-to-date: /home/altair/Person_Tracking_Roboware/install/can_msgs/share/can_msgs/cmake/export_can_msgs__rosidl_typesupport_fastrtps_cExport-noconfig.cmake\n'}
[0.725796] (can_msgs) StdoutLine: {'line': b'-- Up-to-date: /home/altair/Person_Tracking_Roboware/install/can_msgs/share/can_msgs/cmake/can_msgs__rosidl_typesupport_introspection_cExport.cmake\n'}
[0.726755] (can_msgs) StdoutLine: {'line': b'-- Up-to-date: /home/altair/Person_Tracking_Roboware/install/can_msgs/share/can_msgs/cmake/can_msgs__rosidl_typesupport_introspection_cExport-noconfig.cmake\n'}
[0.726860] (can_msgs) StdoutLine: {'line': b'-- Up-to-date: /home/altair/Person_Tracking_Roboware/install/can_msgs/share/can_msgs/cmake/can_msgs__rosidl_typesupport_cExport.cmake\n'}
[0.726996] (can_msgs) StdoutLine: {'line': b'-- Up-to-date: /home/altair/Person_Tracking_Roboware/install/can_msgs/share/can_msgs/cmake/can_msgs__rosidl_typesupport_cExport-noconfig.cmake\n'}
[0.727113] (can_msgs) StdoutLine: {'line': b'-- Up-to-date: /home/altair/Person_Tracking_Roboware/install/can_msgs/share/can_msgs/cmake/export_can_msgs__rosidl_generator_cppExport.cmake\n'}
[0.727217] (can_msgs) StdoutLine: {'line': b'-- Up-to-date: /home/altair/Person_Tracking_Roboware/install/can_msgs/share/can_msgs/cmake/export_can_msgs__rosidl_typesupport_fastrtps_cppExport.cmake\n'}
[0.727321] (can_msgs) StdoutLine: {'line': b'-- Up-to-date: /home/altair/Person_Tracking_Roboware/install/can_msgs/share/can_msgs/cmake/export_can_msgs__rosidl_typesupport_fastrtps_cppExport-noconfig.cmake\n'}
[0.727429] (can_msgs) StdoutLine: {'line': b'-- Up-to-date: /home/altair/Person_Tracking_Roboware/install/can_msgs/share/can_msgs/cmake/can_msgs__rosidl_typesupport_introspection_cppExport.cmake\n'}
[0.727669] (can_msgs) StdoutLine: {'line': b'-- Up-to-date: /home/altair/Person_Tracking_Roboware/install/can_msgs/share/can_msgs/cmake/can_msgs__rosidl_typesupport_introspection_cppExport-noconfig.cmake\n'}
[0.728116] (altair_interfaces) StdoutLine: {'line': b"Listing '/home/altair/Person_Tracking_Roboware/install/altair_interfaces/local/lib/python3.10/dist-packages/altair_interfaces'...\n"}
[0.729587] (altair_interfaces) StdoutLine: {'line': b"Listing '/home/altair/Person_Tracking_Roboware/install/altair_interfaces/local/lib/python3.10/dist-packages/altair_interfaces/msg'...\n"}
[0.730585] (altair_interfaces) StdoutLine: {'line': b"Listing '/home/altair/Person_Tracking_Roboware/install/altair_interfaces/local/lib/python3.10/dist-packages/altair_interfaces/srv'...\n"}
[0.730750] (can_msgs) StdoutLine: {'line': b'-- Up-to-date: /home/altair/Person_Tracking_Roboware/install/can_msgs/share/can_msgs/cmake/can_msgs__rosidl_typesupport_cppExport.cmake\n'}
[0.730996] (can_msgs) StdoutLine: {'line': b'-- Up-to-date: /home/altair/Person_Tracking_Roboware/install/can_msgs/share/can_msgs/cmake/can_msgs__rosidl_typesupport_cppExport-noconfig.cmake\n'}
[0.731248] (can_msgs) StdoutLine: {'line': b'-- Up-to-date: /home/altair/Person_Tracking_Roboware/install/can_msgs/share/can_msgs/cmake/export_can_msgs__rosidl_generator_pyExport.cmake\n'}
[0.731465] (can_msgs) StdoutLine: {'line': b'-- Up-to-date: /home/altair/Person_Tracking_Roboware/install/can_msgs/share/can_msgs/cmake/export_can_msgs__rosidl_generator_pyExport-noconfig.cmake\n'}
[0.731591] (can_msgs) StdoutLine: {'line': b'-- Up-to-date: /home/altair/Person_Tracking_Roboware/install/can_msgs/share/can_msgs/cmake/rosidl_cmake-extras.cmake\n'}
[0.731713] (can_msgs) StdoutLine: {'line': b'-- Up-to-date: /home/altair/Person_Tracking_Roboware/install/can_msgs/share/can_msgs/cmake/ament_cmake_export_dependencies-extras.cmake\n'}
[0.731927] (can_msgs) StdoutLine: {'line': b'-- Up-to-date: /home/altair/Person_Tracking_Roboware/install/can_msgs/share/can_msgs/cmake/ament_cmake_export_include_directories-extras.cmake\n'}
[0.732383] (can_msgs) StdoutLine: {'line': b'-- Up-to-date: /home/altair/Person_Tracking_Roboware/install/can_msgs/share/can_msgs/cmake/ament_cmake_export_libraries-extras.cmake\n'}
[0.732719] (can_msgs) StdoutLine: {'line': b'-- Up-to-date: /home/altair/Person_Tracking_Roboware/install/can_msgs/share/can_msgs/cmake/ament_cmake_export_targets-extras.cmake\n'}
[0.732886] (can_msgs) StdoutLine: {'line': b'-- Up-to-date: /home/altair/Person_Tracking_Roboware/install/can_msgs/share/can_msgs/cmake/rosidl_cmake_export_typesupport_targets-extras.cmake\n'}
[0.733290] (can_msgs) StdoutLine: {'line': b'-- Up-to-date: /home/altair/Person_Tracking_Roboware/install/can_msgs/share/can_msgs/cmake/rosidl_cmake_export_typesupport_libraries-extras.cmake\n'}
[0.733510] (can_msgs) StdoutLine: {'line': b'-- Up-to-date: /home/altair/Person_Tracking_Roboware/install/can_msgs/share/can_msgs/cmake/can_msgsConfig.cmake\n'}
[0.733579] (can_msgs) StdoutLine: {'line': b'-- Up-to-date: /home/altair/Person_Tracking_Roboware/install/can_msgs/share/can_msgs/cmake/can_msgsConfig-version.cmake\n'}
[0.733643] (can_msgs) StdoutLine: {'line': b'-- Up-to-date: /home/altair/Person_Tracking_Roboware/install/can_msgs/share/can_msgs/package.xml\n'}
[0.733707] (can_msgs) CommandEnded: {'returncode': 0}
[0.734105] (altair_interfaces) StdoutLine: {'line': b'-- Up-to-date: /home/altair/Person_Tracking_Roboware/install/altair_interfaces/local/lib/python3.10/dist-packages/altair_interfaces/altair_interfaces_s__rosidl_typesupport_fastrtps_c.cpython-310-x86_64-linux-gnu.so\n'}
[0.734345] (altair_interfaces) StdoutLine: {'line': b'-- Up-to-date: /home/altair/Person_Tracking_Roboware/install/altair_interfaces/local/lib/python3.10/dist-packages/altair_interfaces/altair_interfaces_s__rosidl_typesupport_introspection_c.cpython-310-x86_64-linux-gnu.so\n'}
[0.735102] (altair_interfaces) StdoutLine: {'line': b'-- Up-to-date: /home/altair/Person_Tracking_Roboware/install/altair_interfaces/local/lib/python3.10/dist-packages/altair_interfaces/altair_interfaces_s__rosidl_typesupport_c.cpython-310-x86_64-linux-gnu.so\n'}
[0.735340] (altair_interfaces) StdoutLine: {'line': b'-- Up-to-date: /home/altair/Person_Tracking_Roboware/install/altair_interfaces/lib/libaltair_interfaces__rosidl_generator_py.so\n'}
[0.735679] (altair_interfaces) StdoutLine: {'line': b'-- Up-to-date: /home/altair/Person_Tracking_Roboware/install/altair_interfaces/share/ament_index/resource_index/rust_packages/altair_interfaces\n'}
[0.735767] (altair_interfaces) StdoutLine: {'line': b'-- Up-to-date: /home/altair/Person_Tracking_Roboware/install/altair_interfaces/share/altair_interfaces/rust\n'}
[0.735831] (altair_interfaces) StdoutLine: {'line': b'-- Up-to-date: /home/altair/Person_Tracking_Roboware/install/altair_interfaces/share/altair_interfaces/rust/Cargo.toml\n'}
[0.735895] (altair_interfaces) StdoutLine: {'line': b'-- Up-to-date: /home/altair/Person_Tracking_Roboware/install/altair_interfaces/share/altair_interfaces/rust/src\n'}
[0.736301] (altair_interfaces) StdoutLine: {'line': b'-- Up-to-date: /home/altair/Person_Tracking_Roboware/install/altair_interfaces/share/altair_interfaces/rust/src/msg\n'}
[0.736443] (altair_interfaces) StdoutLine: {'line': b'-- Up-to-date: /home/altair/Person_Tracking_Roboware/install/altair_interfaces/share/altair_interfaces/rust/src/msg/rmw.rs\n'}
[0.736514] (altair_interfaces) StdoutLine: {'line': b'-- Up-to-date: /home/altair/Person_Tracking_Roboware/install/altair_interfaces/share/altair_interfaces/rust/src/srv\n'}
[0.736579] (altair_interfaces) StdoutLine: {'line': b'-- Up-to-date: /home/altair/Person_Tracking_Roboware/install/altair_interfaces/share/altair_interfaces/rust/src/srv/rmw.rs\n'}
[0.736643] (altair_interfaces) StdoutLine: {'line': b'-- Up-to-date: /home/altair/Person_Tracking_Roboware/install/altair_interfaces/share/altair_interfaces/rust/src/msg.rs\n'}
[0.736707] (altair_interfaces) StdoutLine: {'line': b'-- Up-to-date: /home/altair/Person_Tracking_Roboware/install/altair_interfaces/share/altair_interfaces/rust/src/lib.rs\n'}
[0.736876] (altair_interfaces) StdoutLine: {'line': b'-- Up-to-date: /home/altair/Person_Tracking_Roboware/install/altair_interfaces/share/altair_interfaces/rust/src/srv.rs\n'}
[0.737054] (altair_interfaces) StdoutLine: {'line': b'-- Up-to-date: /home/altair/Person_Tracking_Roboware/install/altair_interfaces/share/altair_interfaces/rust/build.rs\n'}
[0.737690] (altair_interfaces) StdoutLine: {'line': b'-- Up-to-date: /home/altair/Person_Tracking_Roboware/install/altair_interfaces/share/altair_interfaces/msg/CanStatus.idl\n'}
[0.737757] (altair_interfaces) StdoutLine: {'line': b'-- Up-to-date: /home/altair/Person_Tracking_Roboware/install/altair_interfaces/share/altair_interfaces/msg/MddFeedback.idl\n'}
[0.738298] (altair_interfaces) StdoutLine: {'line': b'-- Up-to-date: /home/altair/Person_Tracking_Roboware/install/altair_interfaces/share/altair_interfaces/msg/MddCommand.idl\n'}
[0.738391] (altair_interfaces) StdoutLine: {'line': b'-- Up-to-date: /home/altair/Person_Tracking_Roboware/install/altair_interfaces/share/altair_interfaces/msg/ServoCommand.idl\n'}
[0.738455] (altair_interfaces) StdoutLine: {'line': b'-- Up-to-date: /home/altair/Person_Tracking_Roboware/install/altair_interfaces/share/altair_interfaces/msg/SolenoidCommand.idl\n'}
[0.738550] (altair_interfaces) StdoutLine: {'line': b'-- Up-to-date: /home/altair/Person_Tracking_Roboware/install/altair_interfaces/share/altair_interfaces/srv/TriggerControl.idl\n'}
[0.738627] (altair_interfaces) StdoutLine: {'line': b'-- Up-to-date: /home/altair/Person_Tracking_Roboware/install/altair_interfaces/share/altair_interfaces/srv/GetAvailablePorts.idl\n'}
[0.738707] (altair_interfaces) StdoutLine: {'line': b'-- Up-to-date: /home/altair/Person_Tracking_Roboware/install/altair_interfaces/share/altair_interfaces/srv/ConnectCan.idl\n'}
[0.738769] (altair_interfaces) StdoutLine: {'line': b'-- Up-to-date: /home/altair/Person_Tracking_Roboware/install/altair_interfaces/share/altair_interfaces/srv/StartBehavior.idl\n'}
[0.738831] (altair_interfaces) StdoutLine: {'line': b'-- Up-to-date: /home/altair/Person_Tracking_Roboware/install/altair_interfaces/share/altair_interfaces/msg/CanStatus.msg\n'}
[0.738916] (altair_interfaces) StdoutLine: {'line': b'-- Up-to-date: /home/altair/Person_Tracking_Roboware/install/altair_interfaces/share/altair_interfaces/msg/MddFeedback.msg\n'}
[0.739001] (altair_interfaces) StdoutLine: {'line': b'-- Up-to-date: /home/altair/Person_Tracking_Roboware/install/altair_interfaces/share/altair_interfaces/msg/MddCommand.msg\n'}
[0.739116] (altair_interfaces) StdoutLine: {'line': b'-- Up-to-date: /home/altair/Person_Tracking_Roboware/install/altair_interfaces/share/altair_interfaces/msg/ServoCommand.msg\n'}
[0.739181] (altair_interfaces) StdoutLine: {'line': b'-- Up-to-date: /home/altair/Person_Tracking_Roboware/install/altair_interfaces/share/altair_interfaces/msg/SolenoidCommand.msg\n'}
[0.739243] (altair_interfaces) StdoutLine: {'line': b'-- Up-to-date: /home/altair/Person_Tracking_Roboware/install/altair_interfaces/share/altair_interfaces/srv/TriggerControl.srv\n'}
[0.739305] (altair_interfaces) StdoutLine: {'line': b'-- Up-to-date: /home/altair/Person_Tracking_Roboware/install/altair_interfaces/share/altair_interfaces/srv/TriggerControl_Request.msg\n'}
[0.739428] (altair_interfaces) StdoutLine: {'line': b'-- Up-to-date: /home/altair/Person_Tracking_Roboware/install/altair_interfaces/share/altair_interfaces/srv/TriggerControl_Response.msg\n'}
[0.739491] (altair_interfaces) StdoutLine: {'line': b'-- Up-to-date: /home/altair/Person_Tracking_Roboware/install/altair_interfaces/share/altair_interfaces/srv/GetAvailablePorts.srv\n'}
[0.739553] (altair_interfaces) StdoutLine: {'line': b'-- Up-to-date: /home/altair/Person_Tracking_Roboware/install/altair_interfaces/share/altair_interfaces/srv/GetAvailablePorts_Request.msg\n'}
[0.739638] (altair_interfaces) StdoutLine: {'line': b'-- Up-to-date: /home/altair/Person_Tracking_Roboware/install/altair_interfaces/share/altair_interfaces/srv/GetAvailablePorts_Response.msg\n'}
[0.739712] (altair_interfaces) StdoutLine: {'line': b'-- Up-to-date: /home/altair/Person_Tracking_Roboware/install/altair_interfaces/share/altair_interfaces/srv/ConnectCan.srv\n'}
[0.739774] (altair_interfaces) StdoutLine: {'line': b'-- Up-to-date: /home/altair/Person_Tracking_Roboware/install/altair_interfaces/share/altair_interfaces/srv/ConnectCan_Request.msg\n'}
[0.739835] (altair_interfaces) StdoutLine: {'line': b'-- Up-to-date: /home/altair/Person_Tracking_Roboware/install/altair_interfaces/share/altair_interfaces/srv/ConnectCan_Response.msg\n'}
[0.739896] (altair_interfaces) StdoutLine: {'line': b'-- Up-to-date: /home/altair/Person_Tracking_Roboware/install/altair_interfaces/share/altair_interfaces/srv/StartBehavior.srv\n'}
[0.739968] (altair_interfaces) StdoutLine: {'line': b'-- Up-to-date: /home/altair/Person_Tracking_Roboware/install/altair_interfaces/share/altair_interfaces/srv/StartBehavior_Request.msg\n'}
[0.740099] (altair_interfaces) StdoutLine: {'line': b'-- Up-to-date: /home/altair/Person_Tracking_Roboware/install/altair_interfaces/share/altair_interfaces/srv/StartBehavior_Response.msg\n'}
[0.740217] (altair_interfaces) StdoutLine: {'line': b'-- Up-to-date: /home/altair/Person_Tracking_Roboware/install/altair_interfaces/share/ament_index/resource_index/package_run_dependencies/altair_interfaces\n'}
[0.740280] (altair_interfaces) StdoutLine: {'line': b'-- Up-to-date: /home/altair/Person_Tracking_Roboware/install/altair_interfaces/share/ament_index/resource_index/parent_prefix_path/altair_interfaces\n'}
[0.740342] (altair_interfaces) StdoutLine: {'line': b'-- Up-to-date: /home/altair/Person_Tracking_Roboware/install/altair_interfaces/share/altair_interfaces/environment/ament_prefix_path.sh\n'}
[0.740403] (altair_interfaces) StdoutLine: {'line': b'-- Up-to-date: /home/altair/Person_Tracking_Roboware/install/altair_interfaces/share/altair_interfaces/environment/ament_prefix_path.dsv\n'}
[0.740484] (altair_interfaces) StdoutLine: {'line': b'-- Up-to-date: /home/altair/Person_Tracking_Roboware/install/altair_interfaces/share/altair_interfaces/environment/path.sh\n'}
[0.740546] (altair_interfaces) StdoutLine: {'line': b'-- Up-to-date: /home/altair/Person_Tracking_Roboware/install/altair_interfaces/share/altair_interfaces/environment/path.dsv\n'}
[0.740607] (altair_interfaces) StdoutLine: {'line': b'-- Up-to-date: /home/altair/Person_Tracking_Roboware/install/altair_interfaces/share/altair_interfaces/local_setup.bash\n'}
[0.740669] (altair_interfaces) StdoutLine: {'line': b'-- Up-to-date: /home/altair/Person_Tracking_Roboware/install/altair_interfaces/share/altair_interfaces/local_setup.sh\n'}
[0.740730] (altair_interfaces) StdoutLine: {'line': b'-- Up-to-date: /home/altair/Person_Tracking_Roboware/install/altair_interfaces/share/altair_interfaces/local_setup.zsh\n'}
[0.740791] (altair_interfaces) StdoutLine: {'line': b'-- Up-to-date: /home/altair/Person_Tracking_Roboware/install/altair_interfaces/share/altair_interfaces/local_setup.dsv\n'}
[0.740851] (altair_interfaces) StdoutLine: {'line': b'-- Installing: /home/altair/Person_Tracking_Roboware/install/altair_interfaces/share/altair_interfaces/package.dsv\n'}
[0.741043] (altair_interfaces) StdoutLine: {'line': b'-- Up-to-date: /home/altair/Person_Tracking_Roboware/install/altair_interfaces/share/ament_index/resource_index/packages/altair_interfaces\n'}
[0.741197] (altair_interfaces) StdoutLine: {'line': b'-- Up-to-date: /home/altair/Person_Tracking_Roboware/install/altair_interfaces/share/altair_interfaces/cmake/export_altair_interfaces__rosidl_generator_cExport.cmake\n'}
[0.741261] (altair_interfaces) StdoutLine: {'line': b'-- Up-to-date: /home/altair/Person_Tracking_Roboware/install/altair_interfaces/share/altair_interfaces/cmake/export_altair_interfaces__rosidl_generator_cExport-noconfig.cmake\n'}
[0.741323] (altair_interfaces) StdoutLine: {'line': b'-- Up-to-date: /home/altair/Person_Tracking_Roboware/install/altair_interfaces/share/altair_interfaces/cmake/export_altair_interfaces__rosidl_typesupport_fastrtps_cExport.cmake\n'}
[0.741406] (altair_interfaces) StdoutLine: {'line': b'-- Up-to-date: /home/altair/Person_Tracking_Roboware/install/altair_interfaces/share/altair_interfaces/cmake/export_altair_interfaces__rosidl_typesupport_fastrtps_cExport-noconfig.cmake\n'}
[0.741488] (altair_interfaces) StdoutLine: {'line': b'-- Up-to-date: /home/altair/Person_Tracking_Roboware/install/altair_interfaces/share/altair_interfaces/cmake/altair_interfaces__rosidl_typesupport_introspection_cExport.cmake\n'}
[0.741551] (altair_interfaces) StdoutLine: {'line': b'-- Up-to-date: /home/altair/Person_Tracking_Roboware/install/altair_interfaces/share/altair_interfaces/cmake/altair_interfaces__rosidl_typesupport_introspection_cExport-noconfig.cmake\n'}
[0.741613] (altair_interfaces) StdoutLine: {'line': b'-- Up-to-date: /home/altair/Person_Tracking_Roboware/install/altair_interfaces/share/altair_interfaces/cmake/altair_interfaces__rosidl_typesupport_cExport.cmake\n'}
[0.741704] (altair_interfaces) StdoutLine: {'line': b'-- Up-to-date: /home/altair/Person_Tracking_Roboware/install/altair_interfaces/share/altair_interfaces/cmake/altair_interfaces__rosidl_typesupport_cExport-noconfig.cmake\n'}
[0.741767] (altair_interfaces) StdoutLine: {'line': b'-- Up-to-date: /home/altair/Person_Tracking_Roboware/install/altair_interfaces/share/altair_interfaces/cmake/export_altair_interfaces__rosidl_generator_cppExport.cmake\n'}
[0.741828] (altair_interfaces) StdoutLine: {'line': b'-- Up-to-date: /home/altair/Person_Tracking_Roboware/install/altair_interfaces/share/altair_interfaces/cmake/export_altair_interfaces__rosidl_typesupport_fastrtps_cppExport.cmake\n'}
[0.741889] (altair_interfaces) StdoutLine: {'line': b'-- Up-to-date: /home/altair/Person_Tracking_Roboware/install/altair_interfaces/share/altair_interfaces/cmake/export_altair_interfaces__rosidl_typesupport_fastrtps_cppExport-noconfig.cmake\n'}
[0.741958] (altair_interfaces) StdoutLine: {'line': b'-- Up-to-date: /home/altair/Person_Tracking_Roboware/install/altair_interfaces/share/altair_interfaces/cmake/altair_interfaces__rosidl_typesupport_introspection_cppExport.cmake\n'}
[0.742137] (altair_interfaces) StdoutLine: {'line': b'-- Up-to-date: /home/altair/Person_Tracking_Roboware/install/altair_interfaces/share/altair_interfaces/cmake/altair_interfaces__rosidl_typesupport_introspection_cppExport-noconfig.cmake\n'}
[0.742201] (altair_interfaces) StdoutLine: {'line': b'-- Up-to-date: /home/altair/Person_Tracking_Roboware/install/altair_interfaces/share/altair_interfaces/cmake/altair_interfaces__rosidl_typesupport_cppExport.cmake\n'}
[0.742263] (altair_interfaces) StdoutLine: {'line': b'-- Up-to-date: /home/altair/Person_Tracking_Roboware/install/altair_interfaces/share/altair_interfaces/cmake/altair_interfaces__rosidl_typesupport_cppExport-noconfig.cmake\n'}
[0.742325] (altair_interfaces) StdoutLine: {'line': b'-- Up-to-date: /home/altair/Person_Tracking_Roboware/install/altair_interfaces/share/altair_interfaces/cmake/export_altair_interfaces__rosidl_generator_pyExport.cmake\n'}
[0.742386] (altair_interfaces) StdoutLine: {'line': b'-- Up-to-date: /home/altair/Person_Tracking_Roboware/install/altair_interfaces/share/altair_interfaces/cmake/export_altair_interfaces__rosidl_generator_pyExport-noconfig.cmake\n'}
[0.742448] (altair_interfaces) StdoutLine: {'line': b'-- Up-to-date: /home/altair/Person_Tracking_Roboware/install/altair_interfaces/share/altair_interfaces/cmake/rosidl_cmake-extras.cmake\n'}
[0.742546] (altair_interfaces) StdoutLine: {'line': b'-- Up-to-date: /home/altair/Person_Tracking_Roboware/install/altair_interfaces/share/altair_interfaces/cmake/ament_cmake_export_include_directories-extras.cmake\n'}
[0.742608] (altair_interfaces) StdoutLine: {'line': b'-- Up-to-date: /home/altair/Person_Tracking_Roboware/install/altair_interfaces/share/altair_interfaces/cmake/ament_cmake_export_libraries-extras.cmake\n'}
[0.742669] (altair_interfaces) StdoutLine: {'line': b'-- Up-to-date: /home/altair/Person_Tracking_Roboware/install/altair_interfaces/share/altair_interfaces/cmake/ament_cmake_export_targets-extras.cmake\n'}
[0.742730] (altair_interfaces) StdoutLine: {'line': b'-- Up-to-date: /home/altair/Person_Tracking_Roboware/install/altair_interfaces/share/altair_interfaces/cmake/rosidl_cmake_export_typesupport_targets-extras.cmake\n'}
[0.742791] (altair_interfaces) StdoutLine: {'line': b'-- Up-to-date: /home/altair/Person_Tracking_Roboware/install/altair_interfaces/share/altair_interfaces/cmake/ament_cmake_export_dependencies-extras.cmake\n'}
[0.742904] (altair_interfaces) StdoutLine: {'line': b'-- Up-to-date: /home/altair/Person_Tracking_Roboware/install/altair_interfaces/share/altair_interfaces/cmake/rosidl_cmake_export_typesupport_libraries-extras.cmake\n'}
[0.742992] (altair_interfaces) StdoutLine: {'line': b'-- Up-to-date: /home/altair/Person_Tracking_Roboware/install/altair_interfaces/share/altair_interfaces/cmake/altair_interfacesConfig.cmake\n'}
[0.743088] (altair_interfaces) StdoutLine: {'line': b'-- Up-to-date: /home/altair/Person_Tracking_Roboware/install/altair_interfaces/share/altair_interfaces/cmake/altair_interfacesConfig-version.cmake\n'}
[0.743216] (altair_interfaces) StdoutLine: {'line': b'-- Up-to-date: /home/altair/Person_Tracking_Roboware/install/altair_interfaces/share/altair_interfaces/package.xml\n'}
[0.765889] (can_msgs) JobEnded: {'identifier': 'can_msgs', 'rc': 0}
[0.767079] (altair_interfaces) CommandEnded: {'returncode': 0}
[0.787443] (altair_interfaces) JobEnded: {'identifier': 'altair_interfaces', 'rc': 0}
[0.788624] (Robowarepkg) JobStarted: {'identifier': 'Robowarepkg'}
[0.796096] (altair_can_bridge) JobStarted: {'identifier': 'altair_can_bridge'}
[0.800410] (-) TimerEvent: {}
[0.900694] (-) TimerEvent: {}
[1.000996] (-) TimerEvent: {}
[1.093831] (altair_can_bridge) JobProgress: {'identifier': 'altair_can_bridge', 'progress': 'cmake'}
[1.095219] (altair_can_bridge) JobProgress: {'identifier': 'altair_can_bridge', 'progress': 'build'}
[1.095311] (altair_can_bridge) Command: {'cmd': ['/usr/bin/cmake', '--build', '/home/altair/Person_Tracking_Roboware/build/altair_can_bridge', '--', '-j8', '-l8'], 'cwd': '/home/altair/Person_Tracking_Roboware/build/altair_can_bridge', 'env': OrderedDict([('GJS_DEBUG_TOPICS', 'JS ERROR;JS LOG'), ('LESSOPEN', '| /usr/bin/lesspipe %s'), ('LANGUAGE', 'ja:en'), ('USER', 'altair'), ('LC_TIME', 'ja_JP.UTF-8'), ('XDG_SESSION_TYPE', 'wayland'), ('STM32CubeMX_PATH', '/home/altair/STM32CubeMX'), ('SHLVL', '2'), ('LD_LIBRARY_PATH', '/home/altair/Person_Tracking_Roboware/install/can_msgs/lib:/home/altair/Person_Tracking_Roboware/install/altair_interfaces/lib:/usr/local/lib:/usr/lib/x86_64-linux-gnu/gazebo-11/plugins:/opt/ros/humble/opt/rviz_ogre_vendor/lib:/opt/ros/humble/lib/x86_64-linux-gnu:/opt/ros/humble/lib'), ('HOME', '/home/altair'), ('TERM_PROGRAM_VERSION', '20240203-110809-5046fc22'), ('DESKTOP_SESSION', 'ubuntu'), ('GIO_LAUNCHED_DESKTOP_FILE', '/usr/share/applications/org.wezfurlong.wezterm.desktop'), ('ROS_PYTHON_VERSION', '3'), ('GNOME_SHELL_SESSION_MODE', 'ubuntu'), ('GTK_MODULES', 'gail:atk-bridge'), ('LC_MONETARY', 'ja_JP.UTF-8'), ('MANAGERPID', '1085'), ('SSL_CERT_FILE', '/usr/lib/ssl/certs/ca-certificates.crt'), ('SYSTEMD_EXEC_PID', '1322'), ('DBUS_SESSION_BUS_ADDRESS', 'unix:path=/run/user/1000/bus'), ('COLORTERM', 'truecolor'), ('GIO_LAUNCHED_DESKTOP_FILE_PID', '2439'), ('WEZTERM_EXECUTABLE', '/usr/bin/wezterm-gui'), ('IM_CONFIG_PHASE', '1'), ('WAYLAND_DISPLAY', 'wayland-0'), ('ROS_DISTRO', 'humble'), ('LOGNAME', 'altair'), ('JOURNAL_STREAM', '8:1917'), ('_', '/usr/bin/colcon'), ('ROS_VERSION', '2'), ('XDG_SESSION_CLASS', 'user'), ('USERNAME', 'altair'), ('TERM', 'xterm-256color'), ('GNOME_DESKTOP_SESSION_ID', 'this-is-deprecated'), ('WEZTERM_CONFIG_FILE', '/home/altair/.wezterm.lua'), ('ROS_LOCALHOST_ONLY', '0'), ('WEZTERM_EXECUTABLE_DIR', '/usr/bin'), ('PATH', '/home/altair/.local/bin:/home/altair/spresenseenv/usr/bin:/opt/ros/humble/bin:/home/altair/.local/bin:/home/altair/.local/bin:/home/altair/bin:/usr/local/sbin:/usr/local/bin:/usr/sbin:/usr/bin:/sbin:/bin:/usr/games:/usr/local/games:/snap/bin:/snap/bin:/home/altair/bin:/home/altair/bin'), ('SESSION_MANAGER', 'local/altair-ThinkPad-L380:@/tmp/.ICE-unix/1272,unix/altair-ThinkPad-L380:/tmp/.ICE-unix/1272'), ('INVOCATION_ID', '72e2abd6bbc74719b93804593a356401'), ('PAPERSIZE', 'a4'), ('XDG_MENU_PREFIX', 'gnome-'), ('LC_ADDRESS', 'ja_JP.UTF-8'), ('GNOME_SETUP_DISPLAY', ':1'), ('XDG_RUNTIME_DIR', '/run/user/1000'), ('SSL_CERT_DIR', '/usr/lib/ssl/certs'), ('DISPLAY', ':0'), ('LANG', 'ja_JP.UTF-8'), ('XDG_CURRENT_DESKTOP', 'ubuntu:GNOME'), ('LC_TELEPHONE', 'ja_JP.UTF-8'), ('XMODIFIERS', '@im=ibus'), ('XDG_SESSION_DESKTOP', 'ubuntu'), ('XAUTHORITY', '/run/user/1000/.mutter-Xwaylandauth.YPJIT3'), ('LS_COLORS', 'rs=0:di=01;34:ln=01;36:mh=00:pi=40;33:so=01;35:do=01;35:bd=40;33;01:cd=40;33;01:or=40;31;01:mi=00:su=37;41:sg=30;43:ca=30;41:tw=30;42:ow=34;42:st=37;44:ex=01;32:*.tar=01;31:*.tgz=01;31:*.arc=01;31:*.arj=01;31:*.taz=01;31:*.lha=01;31:*.lz4=01;31:*.lzh=01;31:*.lzma=01;31:*.tlz=01;31:*.txz=01;31:*.tzo=01;31:*.t7z=01;31:*.zip=01;31:*.z=01;31:*.dz=01;31:*.gz=01;31:*.lrz=01;31:*.lz=01;31:*.lzo=01;31:*.xz=01;31:*.zst=01;31:*.tzst=01;31:*.bz2=01;31:*.bz=01;31:*.tbz=01;31:*.tbz2=01;31:*.tz=01;31:*.deb=01;31:*.rpm=01;31:*.jar=01;31:*.war=01;31:*.ear=01;31:*.sar=01;31:*.rar=01;31:*.alz=01;31:*.ace=01;31:*.zoo=01;31:*.cpio=01;31:*.7z=01;31:*.rz=01;31:*.cab=01;31:*.wim=01;31:*.swm=01;31:*.dwm=01;31:*.esd=01;31:*.jpg=01;35:*.jpeg=01;35:*.mjpg=01;35:*.mjpeg=01;35:*.gif=01;35:*.bmp=01;35:*.pbm=01;35:*.pgm=01;35:*.ppm=01;35:*.tga=01;35:*.xbm=01;35:*.xpm=01;35:*.tif=01;35:*.tiff=01;35:*.png=01;35:*.svg=01;35:*.svgz=01;35:*.mng=01;35:*.pcx=01;35:*.mov=01;35:*.mpg=01;35:*.mpeg=01;35:*.m2v=01;35:*.mkv=01;35:*.webm=01;35:*.webp=01;35:*.ogm=01;35:*.mp4=01;35:*.m4v=01;35:*.mp4v=01;35:*.vob=01;35:*.qt=01;35:*.nuv=01;35:*.wmv=01;35:*.asf=01;35:*.rm=01;35:*.rmvb=01;35:*.flc=01;35:*.avi=01;35:*.fli=01;35:*.flv=01;35:*.gl=01;35:*.dl=01;35:*.xcf=01;35:*.xwd=01;35:*.yuv=01;35:*.cgm=01;35:*.emf=01;35:*.ogv=01;35:*.ogx=01;35:*.aac=00;36:*.au=00;36:*.flac=00;36:*.m4a=00;36:*.mid=00;36:*.midi=00;36:*.mka=00;36:*.mp3=00;36:*.mpc=00;36:*.ogg=00;36:*.ra=00;36:*.wav=00;36:*.oga=00;36:*.opus=00;36:*.spx=00;36:*.xspf=00;36:'), ('TERM_PROGRAM', 'WezTerm'), ('SSH_AGENT_LAUNCHER', 'gnome-keyring'), ('SSH_AUTH_SOCK', '/run/user/1000/keyring/ssh'), ('ROS_DOMAIN_ID', '0'), ('AMENT_PREFIX_PATH', '/home/altair/Person_Tracking_Roboware/install/can_msgs:/home/altair/Person_Tracking_Roboware/install/altair_interfaces:/opt/ros/humble'), ('SHELL', '/bin/bash'), ('LC_NAME', 'ja_JP.UTF-8'), ('QT_ACCESSIBILITY', '1'), ('GDMSESSION', 'ubuntu'), ('LESSCLOSE', '/usr/bin/lesspipe %s %s'), ('LC_MEASUREMENT', 'ja_JP.UTF-8'), ('GJS_DEBUG_OUTPUT', 'stderr'), ('LC_IDENTIFICATION', 'ja_JP.UTF-8'), ('WEZTERM_CONFIG_DIR', '/home/altair'), ('QT_IM_MODULE', 'ibus'), ('PWD', '/home/altair/Person_Tracking_Roboware/build/altair_can_bridge'), ('LC_ALL', 'en_US.UTF-8'), ('XDG_CONFIG_DIRS', '/etc/xdg/xdg-ubuntu:/etc/xdg'), ('XDG_DATA_DIRS', '/usr/share/ubuntu:/usr/local/share/:/usr/share/:/var/lib/snapd/desktop'), ('WEZTERM_UNIX_SOCKET', '/run/user/1000/wezterm/gui-sock-2439'), ('PYTHONPATH', '/home/altair/Person_Tracking_Roboware/install/can_msgs/local/lib/python3.10/dist-packages:/home/altair/Person_Tracking_Roboware/install/altair_interfaces/local/lib/python3.10/dist-packages:/opt/ros/humble/lib/python3.10/site-packages:/opt/ros/humble/local/lib/python3.10/dist-packages'), ('LC_NUMERIC', 'ja_JP.UTF-8'), ('LC_PAPER', 'ja_JP.UTF-8'), ('WEZTERM_PANE', '2'), ('COLCON', '1'), ('CMAKE_PREFIX_PATH', '/home/altair/Person_Tracking_Roboware/install/can_msgs:/home/altair/Person_Tracking_Roboware/install/altair_interfaces:/opt/ros/humble')]), 'shell': False}
[1.101282] (-) TimerEvent: {}
[1.147605] (altair_can_bridge) StdoutLine: {'line': b'[100%] Built target can_bridge_node\n'}
[1.153834] (altair_can_bridge) CommandEnded: {'returncode': 0}
[1.154453] (altair_can_bridge) JobProgress: {'identifier': 'altair_can_bridge', 'progress': 'install'}
[1.154812] (altair_can_bridge) Command: {'cmd': ['/usr/bin/cmake', '--install', '/home/altair/Person_Tracking_Roboware/build/altair_can_bridge'], 'cwd': '/home/altair/Person_Tracking_Roboware/build/altair_can_bridge', 'env': OrderedDict([('GJS_DEBUG_TOPICS', 'JS ERROR;JS LOG'), ('LESSOPEN', '| /usr/bin/lesspipe %s'), ('LANGUAGE', 'ja:en'), ('USER', 'altair'), ('LC_TIME', 'ja_JP.UTF-8'), ('XDG_SESSION_TYPE', 'wayland'), ('STM32CubeMX_PATH', '/home/altair/STM32CubeMX'), ('SHLVL', '2'), ('LD_LIBRARY_PATH', '/home/altair/Person_Tracking_Roboware/install/can_msgs/lib:/home/altair/Person_Tracking_Roboware/install/altair_interfaces/lib:/usr/local/lib:/usr/lib/x86_64-linux-gnu/gazebo-11/plugins:/opt/ros/humble/opt/rviz_ogre_vendor/lib:/opt/ros/humble/lib/x86_64-linux-gnu:/opt/ros/humble/lib'), ('HOME', '/home/altair'), ('TERM_PROGRAM_VERSION', '20240203-110809-5046fc22'), ('DESKTOP_SESSION', 'ubuntu'), ('GIO_LAUNCHED_DESKTOP_FILE', '/usr/share/applications/org.wezfurlong.wezterm.desktop'), ('ROS_PYTHON_VERSION', '3'), ('GNOME_SHELL_SESSION_MODE', 'ubuntu'), ('GTK_MODULES', 'gail:atk-bridge'), ('LC_MONETARY', 'ja_JP.UTF-8'), ('MANAGERPID', '1085'), ('SSL_CERT_FILE', '/usr/lib/ssl/certs/ca-certificates.crt'), ('SYSTEMD_EXEC_PID', '1322'), ('DBUS_SESSION_BUS_ADDRESS', 'unix:path=/run/user/1000/bus'), ('COLORTERM', 'truecolor'), ('GIO_LAUNCHED_DESKTOP_FILE_PID', '2439'), ('WEZTERM_EXECUTABLE', '/usr/bin/wezterm-gui'), ('IM_CONFIG_PHASE', '1'), ('WAYLAND_DISPLAY', 'wayland-0'), ('ROS_DISTRO', 'humble'), ('LOGNAME', 'altair'), ('JOURNAL_STREAM', '8:1917'), ('_', '/usr/bin/colcon'), ('ROS_VERSION', '2'), ('XDG_SESSION_CLASS', 'user'), ('USERNAME', 'altair'), ('TERM', 'xterm-256color'), ('GNOME_DESKTOP_SESSION_ID', 'this-is-deprecated'), ('WEZTERM_CONFIG_FILE', '/home/altair/.wezterm.lua'), ('ROS_LOCALHOST_ONLY', '0'), ('WEZTERM_EXECUTABLE_DIR', '/usr/bin'), ('PATH', '/home/altair/.local/bin:/home/altair/spresenseenv/usr/bin:/opt/ros/humble/bin:/home/altair/.local/bin:/home/altair/.local/bin:/home/altair/bin:/usr/local/sbin:/usr/local/bin:/usr/sbin:/usr/bin:/sbin:/bin:/usr/games:/usr/local/games:/snap/bin:/snap/bin:/home/altair/bin:/home/altair/bin'), ('SESSION_MANAGER', 'local/altair-ThinkPad-L380:@/tmp/.ICE-unix/1272,unix/altair-ThinkPad-L380:/tmp/.ICE-unix/1272'), ('INVOCATION_ID', '72e2abd6bbc74719b93804593a356401'), ('PAPERSIZE', 'a4'), ('XDG_MENU_PREFIX', 'gnome-'), ('LC_ADDRESS', 'ja_JP.UTF-8'), ('GNOME_SETUP_DISPLAY', ':1'), ('XDG_RUNTIME_DIR', '/run/user/1000'), ('SSL_CERT_DIR', '/usr/lib/ssl/certs'), ('DISPLAY', ':0'), ('LANG', 'ja_JP.UTF-8'), ('XDG_CURRENT_DESKTOP', 'ubuntu:GNOME'), ('LC_TELEPHONE', 'ja_JP.UTF-8'), ('XMODIFIERS', '@im=ibus'), ('XDG_SESSION_DESKTOP', 'ubuntu'), ('XAUTHORITY', '/run/user/1000/.mutter-Xwaylandauth.YPJIT3'), ('LS_COLORS', 'rs=0:di=01;34:ln=01;36:mh=00:pi=40;33:so=01;35:do=01;35:bd=40;33;01:cd=40;33;01:or=40;31;01:mi=00:su=37;41:sg=30;43:ca=30;41:tw=30;42:ow=34;42:st=37;44:ex=01;32:*.tar=01;31:*.tgz=01;31:*.arc=01;31:*.arj=01;31:*.taz=01;31:*.lha=01;31:*.lz4=01;31:*.lzh=01;31:*.lzma=01;31:*.tlz=01;31:*.txz=01;31:*.tzo=01;31:*.t7z=01;31:*.zip=01;31:*.z=01;31:*.dz=01;31:*.gz=01;31:*.lrz=01;31:*.lz=01;31:*.lzo=01;31:*.xz=01;31:*.zst=01;31:*.tzst=01;31:*.bz2=01;31:*.bz=01;31:*.tbz=01;31:*.tbz2=01;31:*.tz=01;31:*.deb=01;31:*.rpm=01;31:*.jar=01;31:*.war=01;31:*.ear=01;31:*.sar=01;31:*.rar=01;31:*.alz=01;31:*.ace=01;31:*.zoo=01;31:*.cpio=01;31:*.7z=01;31:*.rz=01;31:*.cab=01;31:*.wim=01;31:*.swm=01;31:*.dwm=01;31:*.esd=01;31:*.jpg=01;35:*.jpeg=01;35:*.mjpg=01;35:*.mjpeg=01;35:*.gif=01;35:*.bmp=01;35:*.pbm=01;35:*.pgm=01;35:*.ppm=01;35:*.tga=01;35:*.xbm=01;35:*.xpm=01;35:*.tif=01;35:*.tiff=01;35:*.png=01;35:*.svg=01;35:*.svgz=01;35:*.mng=01;35:*.pcx=01;35:*.mov=01;35:*.mpg=01;35:*.mpeg=01;35:*.m2v=01;35:*.mkv=01;35:*.webm=01;35:*.webp=01;35:*.ogm=01;35:*.mp4=01;35:*.m4v=01;35:*.mp4v=01;35:*.vob=01;35:*.qt=01;35:*.nuv=01;35:*.wmv=01;35:*.asf=01;35:*.rm=01;35:*.rmvb=01;35:*.flc=01;35:*.avi=01;35:*.fli=01;35:*.flv=01;35:*.gl=01;35:*.dl=01;35:*.xcf=01;35:*.xwd=01;35:*.yuv=01;35:*.cgm=01;35:*.emf=01;35:*.ogv=01;35:*.ogx=01;35:*.aac=00;36:*.au=00;36:*.flac=00;36:*.m4a=00;36:*.mid=00;36:*.midi=00;36:*.mka=00;36:*.mp3=00;36:*.mpc=00;36:*.ogg=00;36:*.ra=00;36:*.wav=00;36:*.oga=00;36:*.opus=00;36:*.spx=00;36:*.xspf=00;36:'), ('TERM_PROGRAM', 'WezTerm'), ('SSH_AGENT_LAUNCHER', 'gnome-keyring'), ('SSH_AUTH_SOCK', '/run/user/1000/keyring/ssh'), ('ROS_DOMAIN_ID', '0'), ('AMENT_PREFIX_PATH', '/home/altair/Person_Tracking_Roboware/install/can_msgs:/home/altair/Person_Tracking_Roboware/install/altair_interfaces:/opt/ros/humble'), ('SHELL', '/bin/bash'), ('LC_NAME', 'ja_JP.UTF-8'), ('QT_ACCESSIBILITY', '1'), ('GDMSESSION', 'ubuntu'), ('LESSCLOSE', '/usr/bin/lesspipe %s %s'), ('LC_MEASUREMENT', 'ja_JP.UTF-8'), ('GJS_DEBUG_OUTPUT', 'stderr'), ('LC_IDENTIFICATION', 'ja_JP.UTF-8'), ('WEZTERM_CONFIG_DIR', '/home/altair'), ('QT_IM_MODULE', 'ibus'), ('PWD', '/home/altair/Person_Tracking_Roboware/build/altair_can_bridge'), ('LC_ALL', 'en_US.UTF-8'), ('XDG_CONFIG_DIRS', '/etc/xdg/xdg-ubuntu:/etc/xdg'), ('XDG_DATA_DIRS', '/usr/share/ubuntu:/usr/local/share/:/usr/share/:/var/lib/snapd/desktop'), ('WEZTERM_UNIX_SOCKET', '/run/user/1000/wezterm/gui-sock-2439'), ('PYTHONPATH', '/home/altair/Person_Tracking_Roboware/install/can_msgs/local/lib/python3.10/dist-packages:/home/altair/Person_Tracking_Roboware/install/altair_interfaces/local/lib/python3.10/dist-packages:/opt/ros/humble/lib/python3.10/site-packages:/opt/ros/humble/local/lib/python3.10/dist-packages'), ('LC_NUMERIC', 'ja_JP.UTF-8'), ('LC_PAPER', 'ja_JP.UTF-8'), ('WEZTERM_PANE', '2'), ('COLCON', '1'), ('CMAKE_PREFIX_PATH', '/home/altair/Person_Tracking_Roboware/install/can_msgs:/home/altair/Person_Tracking_Roboware/install/altair_interfaces:/opt/ros/humble')]), 'shell': False}
[1.160221] (altair_can_bridge) StdoutLine: {'line': b'-- Install configuration: ""\n'}
[1.160539] (altair_can_bridge) StdoutLine: {'line': b'-- Up-to-date: /home/altair/Person_Tracking_Roboware/install/altair_can_bridge/lib/altair_can_bridge/can_bridge_node\n'}
[1.160769] (altair_can_bridge) StdoutLine: {'line': b'-- Up-to-date: /home/altair/Person_Tracking_Roboware/install/altair_can_bridge/share/altair_can_bridge/scripts\n'}
[1.160938] (altair_can_bridge) StdoutLine: {'line': b'-- Up-to-date: /home/altair/Person_Tracking_Roboware/install/altair_can_bridge/share/altair_can_bridge/scripts/ethernet_can_bridge.py\n'}
[1.161145] (altair_can_bridge) StdoutLine: {'line': b'-- Up-to-date: /home/altair/Person_Tracking_Roboware/install/altair_can_bridge/share/altair_can_bridge/scripts/setup_slcan.sh\n'}
[1.161345] (altair_can_bridge) StdoutLine: {'line': b'-- Up-to-date: /home/altair/Person_Tracking_Roboware/install/altair_can_bridge/share/ament_index/resource_index/package_run_dependencies/altair_can_bridge\n'}
[1.161532] (altair_can_bridge) StdoutLine: {'line': b'-- Up-to-date: /home/altair/Person_Tracking_Roboware/install/altair_can_bridge/share/ament_index/resource_index/parent_prefix_path/altair_can_bridge\n'}
[1.161639] (altair_can_bridge) StdoutLine: {'line': b'-- Up-to-date: /home/altair/Person_Tracking_Roboware/install/altair_can_bridge/share/altair_can_bridge/environment/ament_prefix_path.sh\n'}
[1.161745] (altair_can_bridge) StdoutLine: {'line': b'-- Up-to-date: /home/altair/Person_Tracking_Roboware/install/altair_can_bridge/share/altair_can_bridge/environment/ament_prefix_path.dsv\n'}
[1.161908] (altair_can_bridge) StdoutLine: {'line': b'-- Up-to-date: /home/altair/Person_Tracking_Roboware/install/altair_can_bridge/share/altair_can_bridge/environment/path.sh\n'}
[1.162054] (altair_can_bridge) StdoutLine: {'line': b'-- Up-to-date: /home/altair/Person_Tracking_Roboware/install/altair_can_bridge/share/altair_can_bridge/environment/path.dsv\n'}
[1.162167] (altair_can_bridge) StdoutLine: {'line': b'-- Up-to-date: /home/altair/Person_Tracking_Roboware/install/altair_can_bridge/share/altair_can_bridge/local_setup.bash\n'}
[1.162270] (altair_can_bridge) StdoutLine: {'line': b'-- Up-to-date: /home/altair/Person_Tracking_Roboware/install/altair_can_bridge/share/altair_can_bridge/local_setup.sh\n'}
[1.162371] (altair_can_bridge) StdoutLine: {'line': b'-- Up-to-date: /home/altair/Person_Tracking_Roboware/install/altair_can_bridge/share/altair_can_bridge/local_setup.zsh\n'}
[1.162473] (altair_can_bridge) StdoutLine: {'line': b'-- Up-to-date: /home/altair/Person_Tracking_Roboware/install/altair_can_bridge/share/altair_can_bridge/local_setup.dsv\n'}
[1.162574] (altair_can_bridge) StdoutLine: {'line': b'-- Installing: /home/altair/Person_Tracking_Roboware/install/altair_can_bridge/share/altair_can_bridge/package.dsv\n'}
[1.162679] (altair_can_bridge) StdoutLine: {'line': b'-- Up-to-date: /home/altair/Person_Tracking_Roboware/install/altair_can_bridge/share/ament_index/resource_index/packages/altair_can_bridge\n'}
[1.162834] (altair_can_bridge) StdoutLine: {'line': b'-- Up-to-date: /home/altair/Person_Tracking_Roboware/install/altair_can_bridge/share/altair_can_bridge/cmake/altair_can_bridgeConfig.cmake\n'}
[1.163166] (altair_can_bridge) StdoutLine: {'line': b'-- Up-to-date: /home/altair/Person_Tracking_Roboware/install/altair_can_bridge/share/altair_can_bridge/cmake/altair_can_bridgeConfig-version.cmake\n'}
[1.163698] (altair_can_bridge) StdoutLine: {'line': b'-- Up-to-date: /home/altair/Person_Tracking_Roboware/install/altair_can_bridge/share/altair_can_bridge/package.xml\n'}
[1.163823] (altair_can_bridge) CommandEnded: {'returncode': 0}
[1.179980] (altair_can_bridge) JobEnded: {'identifier': 'altair_can_bridge', 'rc': 0}
[1.201410] (-) TimerEvent: {}
[1.301686] (-) TimerEvent: {}
[1.401987] (-) TimerEvent: {}
[1.502272] (-) TimerEvent: {}
[1.602542] (-) TimerEvent: {}
[1.702836] (-) TimerEvent: {}
[1.803110] (-) TimerEvent: {}
[1.903401] (-) TimerEvent: {}
[2.003692] (-) TimerEvent: {}
[2.077322] (Robowarepkg) Command: {'cmd': ['/usr/bin/python3', '-W', 'ignore:setup.py install is deprecated', '-W', 'ignore:easy_install command is deprecated', 'setup.py', 'egg_info', '--egg-base', '../../build/Robowarepkg', 'build', '--build-base', '/home/altair/Person_Tracking_Roboware/build/Robowarepkg/build', 'install', '--record', '/home/altair/Person_Tracking_Roboware/build/Robowarepkg/install.log', '--install-scripts', '$base/lib/Robowarepkg', '--single-version-externally-managed', 'install_data'], 'cwd': '/home/altair/Person_Tracking_Roboware/src/Robowarepkg', 'env': {'GJS_DEBUG_TOPICS': 'JS ERROR;JS LOG', 'LESSOPEN': '| /usr/bin/lesspipe %s', 'LANGUAGE': 'ja:en', 'USER': 'altair', 'LC_TIME': 'ja_JP.UTF-8', 'XDG_SESSION_TYPE': 'wayland', 'STM32CubeMX_PATH': '/home/altair/STM32CubeMX', 'SHLVL': '2', 'LD_LIBRARY_PATH': '/home/altair/Person_Tracking_Roboware/install/can_msgs/lib:/home/altair/Person_Tracking_Roboware/install/altair_interfaces/lib:/usr/local/lib:/usr/lib/x86_64-linux-gnu/gazebo-11/plugins:/opt/ros/humble/opt/rviz_ogre_vendor/lib:/opt/ros/humble/lib/x86_64-linux-gnu:/opt/ros/humble/lib', 'HOME': '/home/altair', 'TERM_PROGRAM_VERSION': '20240203-110809-5046fc22', 'DESKTOP_SESSION': 'ubuntu', 'GIO_LAUNCHED_DESKTOP_FILE': '/usr/share/applications/org.wezfurlong.wezterm.desktop', 'ROS_PYTHON_VERSION': '3', 'GNOME_SHELL_SESSION_MODE': 'ubuntu', 'GTK_MODULES': 'gail:atk-bridge', 'LC_MONETARY': 'ja_JP.UTF-8', 'MANAGERPID': '1085', 'SSL_CERT_FILE': '/usr/lib/ssl/certs/ca-certificates.crt', 'SYSTEMD_EXEC_PID': '1322', 'DBUS_SESSION_BUS_ADDRESS': 'unix:path=/run/user/1000/bus', 'COLORTERM': 'truecolor', 'GIO_LAUNCHED_DESKTOP_FILE_PID': '2439', 'WEZTERM_EXECUTABLE': '/usr/bin/wezterm-gui', 'IM_CONFIG_PHASE': '1', 'WAYLAND_DISPLAY': 'wayland-0', 'ROS_DISTRO': 'humble', 'LOGNAME': 'altair', 'JOURNAL_STREAM': '8:1917', '_': '/usr/bin/colcon', 'ROS_VERSION': '2', 'XDG_SESSION_CLASS': 'user', 'USERNAME': 'altair', 'TERM': 'xterm-256color', 'GNOME_DESKTOP_SESSION_ID': 'this-is-deprecated', 'WEZTERM_CONFIG_FILE': '/home/altair/.wezterm.lua', 'ROS_LOCALHOST_ONLY': '0', 'WEZTERM_EXECUTABLE_DIR': '/usr/bin', 'PATH': '/home/altair/.local/bin:/home/altair/spresenseenv/usr/bin:/opt/ros/humble/bin:/home/altair/.local/bin:/home/altair/.local/bin:/home/altair/bin:/usr/local/sbin:/usr/local/bin:/usr/sbin:/usr/bin:/sbin:/bin:/usr/games:/usr/local/games:/snap/bin:/snap/bin:/home/altair/bin:/home/altair/bin', 'SESSION_MANAGER': 'local/altair-ThinkPad-L380:@/tmp/.ICE-unix/1272,unix/altair-ThinkPad-L380:/tmp/.ICE-unix/1272', 'INVOCATION_ID': '72e2abd6bbc74719b93804593a356401', 'PAPERSIZE': 'a4', 'XDG_MENU_PREFIX': 'gnome-', 'LC_ADDRESS': 'ja_JP.UTF-8', 'GNOME_SETUP_DISPLAY': ':1', 'XDG_RUNTIME_DIR': '/run/user/1000', 'SSL_CERT_DIR': '/usr/lib/ssl/certs', 'DISPLAY': ':0', 'LANG': 'ja_JP.UTF-8', 'XDG_CURRENT_DESKTOP': 'ubuntu:GNOME', 'LC_TELEPHONE': 'ja_JP.UTF-8', 'XMODIFIERS': '@im=ibus', 'XDG_SESSION_DESKTOP': 'ubuntu', 'XAUTHORITY': '/run/user/1000/.mutter-Xwaylandauth.YPJIT3', 'LS_COLORS': 'rs=0:di=01;34:ln=01;36:mh=00:pi=40;33:so=01;35:do=01;35:bd=40;33;01:cd=40;33;01:or=40;31;01:mi=00:su=37;41:sg=30;43:ca=30;41:tw=30;42:ow=34;42:st=37;44:ex=01;32:*.tar=01;31:*.tgz=01;31:*.arc=01;31:*.arj=01;31:*.taz=01;31:*.lha=01;31:*.lz4=01;31:*.lzh=01;31:*.lzma=01;31:*.tlz=01;31:*.txz=01;31:*.tzo=01;31:*.t7z=01;31:*.zip=01;31:*.z=01;31:*.dz=01;31:*.gz=01;31:*.lrz=01;31:*.lz=01;31:*.lzo=01;31:*.xz=01;31:*.zst=01;31:*.tzst=01;31:*.bz2=01;31:*.bz=01;31:*.tbz=01;31:*.tbz2=01;31:*.tz=01;31:*.deb=01;31:*.rpm=01;31:*.jar=01;31:*.war=01;31:*.ear=01;31:*.sar=01;31:*.rar=01;31:*.alz=01;31:*.ace=01;31:*.zoo=01;31:*.cpio=01;31:*.7z=01;31:*.rz=01;31:*.cab=01;31:*.wim=01;31:*.swm=01;31:*.dwm=01;31:*.esd=01;31:*.jpg=01;35:*.jpeg=01;35:*.mjpg=01;35:*.mjpeg=01;35:*.gif=01;35:*.bmp=01;35:*.pbm=01;35:*.pgm=01;35:*.ppm=01;35:*.tga=01;35:*.xbm=01;35:*.xpm=01;35:*.tif=01;35:*.tiff=01;35:*.png=01;35:*.svg=01;35:*.svgz=01;35:*.mng=01;35:*.pcx=01;35:*.mov=01;35:*.mpg=01;35:*.mpeg=01;35:*.m2v=01;35:*.mkv=01;35:*.webm=01;35:*.webp=01;35:*.ogm=01;35:*.mp4=01;35:*.m4v=01;35:*.mp4v=01;35:*.vob=01;35:*.qt=01;35:*.nuv=01;35:*.wmv=01;35:*.asf=01;35:*.rm=01;35:*.rmvb=01;35:*.flc=01;35:*.avi=01;35:*.fli=01;35:*.flv=01;35:*.gl=01;35:*.dl=01;35:*.xcf=01;35:*.xwd=01;35:*.yuv=01;35:*.cgm=01;35:*.emf=01;35:*.ogv=01;35:*.ogx=01;35:*.aac=00;36:*.au=00;36:*.flac=00;36:*.m4a=00;36:*.mid=00;36:*.midi=00;36:*.mka=00;36:*.mp3=00;36:*.mpc=00;36:*.ogg=00;36:*.ra=00;36:*.wav=00;36:*.oga=00;36:*.opus=00;36:*.spx=00;36:*.xspf=00;36:', 'TERM_PROGRAM': 'WezTerm', 'SSH_AGENT_LAUNCHER': 'gnome-keyring', 'SSH_AUTH_SOCK': '/run/user/1000/keyring/ssh', 'ROS_DOMAIN_ID': '0', 'AMENT_PREFIX_PATH': '/home/altair/Person_Tracking_Roboware/install/can_msgs:/home/altair/Person_Tracking_Roboware/install/altair_interfaces:/opt/ros/humble', 'SHELL': '/bin/bash', 'LC_NAME': 'ja_JP.UTF-8', 'QT_ACCESSIBILITY': '1', 'GDMSESSION': 'ubuntu', 'LESSCLOSE': '/usr/bin/lesspipe %s %s', 'LC_MEASUREMENT': 'ja_JP.UTF-8', 'GJS_DEBUG_OUTPUT': 'stderr', 'LC_IDENTIFICATION': 'ja_JP.UTF-8', 'WEZTERM_CONFIG_DIR': '/home/altair', 'QT_IM_MODULE': 'ibus', 'PWD': '/home/altair/Person_Tracking_Roboware/build/Robowarepkg', 'LC_ALL': 'en_US.UTF-8', 'XDG_CONFIG_DIRS': '/etc/xdg/xdg-ubuntu:/etc/xdg', 'XDG_DATA_DIRS': '/usr/share/ubuntu:/usr/local/share/:/usr/share/:/var/lib/snapd/desktop', 'WEZTERM_UNIX_SOCKET': '/run/user/1000/wezterm/gui-sock-2439', 'PYTHONPATH': '/home/altair/Person_Tracking_Roboware/build/Robowarepkg/prefix_override:/usr/lib/python3/dist-packages/colcon_core/task/python/colcon_distutils_commands:/home/altair/Person_Tracking_Roboware/install/Robowarepkg/lib/python3.10/site-packages:/home/altair/Person_Tracking_Roboware/install/can_msgs/local/lib/python3.10/dist-packages:/home/altair/Person_Tracking_Roboware/install/altair_interfaces/local/lib/python3.10/dist-packages:/opt/ros/humble/lib/python3.10/site-packages:/opt/ros/humble/local/lib/python3.10/dist-packages', 'LC_NUMERIC': 'ja_JP.UTF-8', 'LC_PAPER': 'ja_JP.UTF-8', 'WEZTERM_PANE': '2', 'COLCON': '1', 'CMAKE_PREFIX_PATH': '/home/altair/Person_Tracking_Roboware/install/can_msgs:/home/altair/Person_Tracking_Roboware/install/altair_interfaces'}, 'shell': False}
[2.103825] (-) TimerEvent: {}
[2.204098] (-) TimerEvent: {}
[2.304406] (-) TimerEvent: {}
[2.404753] (-) TimerEvent: {}
[2.462270] (Robowarepkg) StdoutLine: {'line': b'running egg_info\n'}
[2.492743] (Robowarepkg) StdoutLine: {'line': b'writing ../../build/Robowarepkg/Robowarepkg.egg-info/PKG-INFO\n'}
[2.493423] (Robowarepkg) StdoutLine: {'line': b'writing dependency_links to ../../build/Robowarepkg/Robowarepkg.egg-info/dependency_links.txt\n'}
[2.493709] (Robowarepkg) StdoutLine: {'line': b'writing entry points to ../../build/Robowarepkg/Robowarepkg.egg-info/entry_points.txt\n'}
[2.493928] (Robowarepkg) StdoutLine: {'line': b'writing requirements to ../../build/Robowarepkg/Robowarepkg.egg-info/requires.txt\n'}
[2.494151] (Robowarepkg) StdoutLine: {'line': b'writing top-level names to ../../build/Robowarepkg/Robowarepkg.egg-info/top_level.txt\n'}
[2.504862] (-) TimerEvent: {}
[2.555547] (Robowarepkg) StdoutLine: {'line': b"reading manifest file '../../build/Robowarepkg/Robowarepkg.egg-info/SOURCES.txt'\n"}
[2.557279] (Robowarepkg) StdoutLine: {'line': b"writing manifest file '../../build/Robowarepkg/Robowarepkg.egg-info/SOURCES.txt'\n"}
[2.557494] (Robowarepkg) StdoutLine: {'line': b'running build\n'}
[2.557589] (Robowarepkg) StdoutLine: {'line': b'running build_py\n'}
[2.557840] (Robowarepkg) StdoutLine: {'line': b'copying Robowarepkg/serial_read_node.py -> /home/altair/Person_Tracking_Roboware/build/Robowarepkg/build/lib/Robowarepkg\n'}
[2.558131] (Robowarepkg) StdoutLine: {'line': b'copying Robowarepkg/FaceAnimation_node.py -> /home/altair/Person_Tracking_Roboware/build/Robowarepkg/build/lib/Robowarepkg\n'}
[2.558306] (Robowarepkg) StdoutLine: {'line': b'copying Robowarepkg/web_socket_node.py -> /home/altair/Person_Tracking_Roboware/build/Robowarepkg/build/lib/Robowarepkg\n'}
[2.558461] (Robowarepkg) StdoutLine: {'line': b'copying Robowarepkg/__init__.py -> /home/altair/Person_Tracking_Roboware/build/Robowarepkg/build/lib/Robowarepkg\n'}
[2.558595] (Robowarepkg) StdoutLine: {'line': b'copying Robowarepkg/Roboware_node_mpn.py -> /home/altair/Person_Tracking_Roboware/build/Robowarepkg/build/lib/Robowarepkg\n'}
[2.558828] (Robowarepkg) StdoutLine: {'line': b'copying Robowarepkg/RealSense_node.py -> /home/altair/Person_Tracking_Roboware/build/Robowarepkg/build/lib/Robowarepkg\n'}
[2.559005] (Robowarepkg) StdoutLine: {'line': b'copying Robowarepkg/Roboware_node_newmpn.py -> /home/altair/Person_Tracking_Roboware/build/Robowarepkg/build/lib/Robowarepkg\n'}
[2.559154] (Robowarepkg) StdoutLine: {'line': b'copying Robowarepkg/Roboware_node.py -> /home/altair/Person_Tracking_Roboware/build/Robowarepkg/build/lib/Robowarepkg\n'}
[2.559327] (Robowarepkg) StdoutLine: {'line': b'copying Robowarepkg/PID_node.py -> /home/altair/Person_Tracking_Roboware/build/Robowarepkg/build/lib/Robowarepkg\n'}
[2.559510] (Robowarepkg) StdoutLine: {'line': b'copying Robowarepkg/Roboware_node_np.py -> /home/altair/Person_Tracking_Roboware/build/Robowarepkg/build/lib/Robowarepkg\n'}
[2.559700] (Robowarepkg) StdoutLine: {'line': b'copying Robowarepkg/serial_send_node.py -> /home/altair/Person_Tracking_Roboware/build/Robowarepkg/build/lib/Robowarepkg\n'}
[2.559924] (Robowarepkg) StdoutLine: {'line': b'copying Robowarepkg/can_node.py -> /home/altair/Person_Tracking_Roboware/build/Robowarepkg/build/lib/Robowarepkg\n'}
[2.560462] (Robowarepkg) StdoutLine: {'line': b'running install\n'}
[2.565679] (Robowarepkg) StdoutLine: {'line': b'running install_lib\n'}
[2.597365] (Robowarepkg) StdoutLine: {'line': b'running install_data\n'}
[2.597638] (Robowarepkg) StdoutLine: {'line': b'copying resource/Robowarepkg -> /home/altair/Person_Tracking_Roboware/install/Robowarepkg/share/ament_index/resource_index/packages\n'}
[2.597927] (Robowarepkg) StdoutLine: {'line': b'copying package.xml -> /home/altair/Person_Tracking_Roboware/install/Robowarepkg/share/Robowarepkg\n'}
[2.598258] (Robowarepkg) StdoutLine: {'line': b'copying launch/roboware.launch.py -> /home/altair/Person_Tracking_Roboware/install/Robowarepkg/share/Robowarepkg/launch\n'}
[2.598466] (Robowarepkg) StdoutLine: {'line': b'running install_egg_info\n'}
[2.604977] (-) TimerEvent: {}
[2.631022] (Robowarepkg) StdoutLine: {'line': b"removing '/home/altair/Person_Tracking_Roboware/install/Robowarepkg/lib/python3.10/site-packages/Robowarepkg-0.0.0-py3.10.egg-info' (and everything under it)\n"}
[2.631389] (Robowarepkg) StdoutLine: {'line': b'Copying ../../build/Robowarepkg/Robowarepkg.egg-info to /home/altair/Person_Tracking_Roboware/install/Robowarepkg/lib/python3.10/site-packages/Robowarepkg-0.0.0-py3.10.egg-info\n'}
[2.632377] (Robowarepkg) StdoutLine: {'line': b'running install_scripts\n'}
[2.705036] (-) TimerEvent: {}
[2.805308] (-) TimerEvent: {}
[2.862879] (Robowarepkg) StdoutLine: {'line': b'Installing FaceAnimation_node script to /home/altair/Person_Tracking_Roboware/install/Robowarepkg/lib/Robowarepkg\n'}
[2.863166] (Robowarepkg) StdoutLine: {'line': b'Installing PID_node script to /home/altair/Person_Tracking_Roboware/install/Robowarepkg/lib/Robowarepkg\n'}
[2.863393] (Robowarepkg) StdoutLine: {'line': b'Installing RealSense_node script to /home/altair/Person_Tracking_Roboware/install/Robowarepkg/lib/Robowarepkg\n'}
[2.863478] (Robowarepkg) StdoutLine: {'line': b'Installing Roboware_node script to /home/altair/Person_Tracking_Roboware/install/Robowarepkg/lib/Robowarepkg\n'}
[2.863696] (Robowarepkg) StdoutLine: {'line': b'Installing can_node script to /home/altair/Person_Tracking_Roboware/install/Robowarepkg/lib/Robowarepkg\n'}
[2.863828] (Robowarepkg) StdoutLine: {'line': b'Installing serial_read_node script to /home/altair/Person_Tracking_Roboware/install/Robowarepkg/lib/Robowarepkg\n'}
[2.863971] (Robowarepkg) StdoutLine: {'line': b'Installing serial_send_node script to /home/altair/Person_Tracking_Roboware/install/Robowarepkg/lib/Robowarepkg\n'}
[2.864086] (Robowarepkg) StdoutLine: {'line': b'Installing web_socket_node script to /home/altair/Person_Tracking_Roboware/install/Robowarepkg/lib/Robowarepkg\n'}
[2.864345] (Robowarepkg) StdoutLine: {'line': b"writing list of installed files to '/home/altair/Person_Tracking_Roboware/build/Robowarepkg/install.log'\n"}
[2.893331] (Robowarepkg) CommandEnded: {'returncode': 0}
[2.900753] (Robowarepkg) JobEnded: {'identifier': 'Robowarepkg', 'rc': 0}
[2.901595] (-) EventReactorShutdown: {}
