[0.000000] (-) TimerEvent: {}
[0.000232] (altair_interfaces) JobQueued: {'identifier': 'altair_interfaces', 'dependencies': OrderedDict()}
[0.000284] (can_msgs) JobQueued: {'identifier': 'can_msgs', 'dependencies': OrderedDict()}
[0.000354] (Robowarepkg) JobQueued: {'identifier': 'Robowarepkg', 'dependencies': OrderedDict([('altair_interfaces', '/home/altair/Person_Tracking_Roboware/install/altair_interfaces'), ('can_msgs', '/home/altair/Person_Tracking_Roboware/install/can_msgs')])}
[0.000412] (altair_can_bridge) JobQueued: {'identifier': 'altair_can_bridge', 'dependencies': OrderedDict([('altair_interfaces', '/home/altair/Person_Tracking_Roboware/install/altair_interfaces'), ('can_msgs', '/home/altair/Person_Tracking_Roboware/install/can_msgs')])}
[0.000454] (altair_interfaces) JobStarted: {'identifier': 'altair_interfaces'}
[0.009969] (can_msgs) JobStarted: {'identifier': 'can_msgs'}
[0.014004] (altair_interfaces) JobProgress: {'identifier': 'altair_interfaces', 'progress': 'cmake'}
[0.014630] (altair_interfaces) Command: {'cmd': ['/usr/bin/cmake', '/home/altair/Person_Tracking_Roboware/src/altair_interfaces', '-DCMAKE_INSTALL_PREFIX=/home/altair/Person_Tracking_Roboware/install/altair_interfaces'], 'cwd': '/home/altair/Person_Tracking_Roboware/build/altair_interfaces', 'env': OrderedDict([('GJS_DEBUG_TOPICS', 'JS ERROR;JS LOG'), ('LESSOPEN', '| /usr/bin/lesspipe %s'), ('LANGUAGE', 'ja:en'), ('USER', 'altair'), ('LC_TIME', 'ja_JP.UTF-8'), ('XDG_SESSION_TYPE', 'wayland'), ('STM32CubeMX_PATH', '/home/altair/STM32CubeMX'), ('SHLVL', '2'), ('LD_LIBRARY_PATH', '/usr/local/lib:/usr/lib/x86_64-linux-gnu/gazebo-11/plugins:/opt/ros/humble/opt/rviz_ogre_vendor/lib:/opt/ros/humble/lib/x86_64-linux-gnu:/opt/ros/humble/lib'), ('HOME', '/home/altair'), ('OLDPWD', '/home/altair'), ('TERM_PROGRAM_VERSION', '20240203-110809-5046fc22'), ('DESKTOP_SESSION', 'ubuntu'), ('GIO_LAUNCHED_DESKTOP_FILE', '/usr/share/applications/org.wezfurlong.wezterm.desktop'), ('ROS_PYTHON_VERSION', '3'), ('GNOME_SHELL_SESSION_MODE', 'ubuntu'), ('GTK_MODULES', 'gail:atk-bridge'), ('LC_MONETARY', 'ja_JP.UTF-8'), ('MANAGERPID', '1085'), ('SYSTEMD_EXEC_PID', '1322'), ('DBUS_SESSION_BUS_ADDRESS', 'unix:path=/run/user/1000/bus'), ('COLORTERM', 'truecolor'), ('GIO_LAUNCHED_DESKTOP_FILE_PID', '2439'), ('WEZTERM_EXECUTABLE', '/usr/bin/wezterm-gui'), ('IM_CONFIG_PHASE', '1'), ('WAYLAND_DISPLAY', 'wayland-0'), ('ROS_DISTRO', 'humble'), ('LOGNAME', 'altair'), ('JOURNAL_STREAM', '8:1917'), ('_', '/usr/bin/colcon'), ('ROS_VERSION', '2'), ('XDG_SESSION_CLASS', 'user'), ('USERNAME', 'altair'), ('TERM', 'xterm-256color'), ('GNOME_DESKTOP_SESSION_ID', 'this-is-deprecated'), ('WEZTERM_CONFIG_FILE', '/home/altair/.wezterm.lua'), ('ROS_LOCALHOST_ONLY', '0'), ('WEZTERM_EXECUTABLE_DIR', '/usr/bin'), ('PATH', '/home/altair/.local/bin:/home/altair/spresenseenv/usr/bin:/opt/ros/humble/bin:/home/altair/.local/bin:/home/altair/.local/bin:/home/altair/bin:/usr/local/sbin:/usr/local/bin:/usr/sbin:/usr/bin:/sbin:/bin:/usr/games:/usr/local/games:/snap/bin:/snap/bin:/home/altair/bin:/home/altair/bin'), ('SESSION_MANAGER', 'local/altair-ThinkPad-L380:@/tmp/.ICE-unix/1272,unix/altair-ThinkPad-L380:/tmp/.ICE-unix/1272'), ('INVOCATION_ID', '72e2abd6bbc74719b93804593a356401'), ('PAPERSIZE', 'a4'), ('XDG_MENU_PREFIX', 'gnome-'), ('LC_ADDRESS', 'ja_JP.UTF-8'), ('GNOME_SETUP_DISPLAY', ':1'), ('XDG_RUNTIME_DIR', '/run/user/1000'), ('DISPLAY', ':0'), ('LANG', 'ja_JP.UTF-8'), ('XDG_CURRENT_DESKTOP', 'ubuntu:GNOME'), ('LC_TELEPHONE', 'ja_JP.UTF-8'), ('XMODIFIERS', '@im=ibus'), ('XDG_SESSION_DESKTOP', 'ubuntu'), ('XAUTHORITY', '/run/user/1000/.mutter-Xwaylandauth.YPJIT3'), ('LS_COLORS', 'rs=0:di=01;34:ln=01;36:mh=00:pi=40;33:so=01;35:do=01;35:bd=40;33;01:cd=40;33;01:or=40;31;01:mi=00:su=37;41:sg=30;43:ca=30;41:tw=30;42:ow=34;42:st=37;44:ex=01;32:*.tar=01;31:*.tgz=01;31:*.arc=01;31:*.arj=01;31:*.taz=01;31:*.lha=01;31:*.lz4=01;31:*.lzh=01;31:*.lzma=01;31:*.tlz=01;31:*.txz=01;31:*.tzo=01;31:*.t7z=01;31:*.zip=01;31:*.z=01;31:*.dz=01;31:*.gz=01;31:*.lrz=01;31:*.lz=01;31:*.lzo=01;31:*.xz=01;31:*.zst=01;31:*.tzst=01;31:*.bz2=01;31:*.bz=01;31:*.tbz=01;31:*.tbz2=01;31:*.tz=01;31:*.deb=01;31:*.rpm=01;31:*.jar=01;31:*.war=01;31:*.ear=01;31:*.sar=01;31:*.rar=01;31:*.alz=01;31:*.ace=01;31:*.zoo=01;31:*.cpio=01;31:*.7z=01;31:*.rz=01;31:*.cab=01;31:*.wim=01;31:*.swm=01;31:*.dwm=01;31:*.esd=01;31:*.jpg=01;35:*.jpeg=01;35:*.mjpg=01;35:*.mjpeg=01;35:*.gif=01;35:*.bmp=01;35:*.pbm=01;35:*.pgm=01;35:*.ppm=01;35:*.tga=01;35:*.xbm=01;35:*.xpm=01;35:*.tif=01;35:*.tiff=01;35:*.png=01;35:*.svg=01;35:*.svgz=01;35:*.mng=01;35:*.pcx=01;35:*.mov=01;35:*.mpg=01;35:*.mpeg=01;35:*.m2v=01;35:*.mkv=01;35:*.webm=01;35:*.webp=01;35:*.ogm=01;35:*.mp4=01;35:*.m4v=01;35:*.mp4v=01;35:*.vob=01;35:*.qt=01;35:*.nuv=01;35:*.wmv=01;35:*.asf=01;35:*.rm=01;35:*.rmvb=01;35:*.flc=01;35:*.avi=01;35:*.fli=01;35:*.flv=01;35:*.gl=01;35:*.dl=01;35:*.xcf=01;35:*.xwd=01;35:*.yuv=01;35:*.cgm=01;35:*.emf=01;35:*.ogv=01;35:*.ogx=01;35:*.aac=00;36:*.au=00;36:*.flac=00;36:*.m4a=00;36:*.mid=00;36:*.midi=00;36:*.mka=00;36:*.mp3=00;36:*.mpc=00;36:*.ogg=00;36:*.ra=00;36:*.wav=00;36:*.oga=00;36:*.opus=00;36:*.spx=00;36:*.xspf=00;36:'), ('TERM_PROGRAM', 'WezTerm'), ('SSH_AGENT_LAUNCHER', 'gnome-keyring'), ('SSH_AUTH_SOCK', '/run/user/1000/keyring/ssh'), ('ROS_DOMAIN_ID', '0'), ('AMENT_PREFIX_PATH', '/opt/ros/humble'), ('SHELL', '/bin/bash'), ('LC_NAME', 'ja_JP.UTF-8'), ('QT_ACCESSIBILITY', '1'), ('GDMSESSION', 'ubuntu'), ('LESSCLOSE', '/usr/bin/lesspipe %s %s'), ('LC_MEASUREMENT', 'ja_JP.UTF-8'), ('GJS_DEBUG_OUTPUT', 'stderr'), ('LC_IDENTIFICATION', 'ja_JP.UTF-8'), ('WEZTERM_CONFIG_DIR', '/home/altair'), ('QT_IM_MODULE', 'ibus'), ('PWD', '/home/altair/Person_Tracking_Roboware/build/altair_interfaces'), ('LC_ALL', 'en_US.UTF-8'), ('XDG_CONFIG_DIRS', '/etc/xdg/xdg-ubuntu:/etc/xdg'), ('XDG_DATA_DIRS', '/usr/share/ubuntu:/usr/local/share/:/usr/share/:/var/lib/snapd/desktop'), ('WEZTERM_UNIX_SOCKET', '/run/user/1000/wezterm/gui-sock-2439'), ('PYTHONPATH', '/opt/ros/humble/lib/python3.10/site-packages:/opt/ros/humble/local/lib/python3.10/dist-packages'), ('LC_NUMERIC', 'ja_JP.UTF-8'), ('LC_PAPER', 'ja_JP.UTF-8'), ('WEZTERM_PANE', '0'), ('COLCON', '1'), ('CMAKE_PREFIX_PATH', '/opt/ros/humble')]), 'shell': False}
[0.019206] (can_msgs) JobProgress: {'identifier': 'can_msgs', 'progress': 'cmake'}
[0.020197] (can_msgs) Command: {'cmd': ['/usr/bin/cmake', '/home/altair/Person_Tracking_Roboware/src/can_msgs', '-DCMAKE_INSTALL_PREFIX=/home/altair/Person_Tracking_Roboware/install/can_msgs'], 'cwd': '/home/altair/Person_Tracking_Roboware/build/can_msgs', 'env': OrderedDict([('GJS_DEBUG_TOPICS', 'JS ERROR;JS LOG'), ('LESSOPEN', '| /usr/bin/lesspipe %s'), ('LANGUAGE', 'ja:en'), ('USER', 'altair'), ('LC_TIME', 'ja_JP.UTF-8'), ('XDG_SESSION_TYPE', 'wayland'), ('STM32CubeMX_PATH', '/home/altair/STM32CubeMX'), ('SHLVL', '2'), ('LD_LIBRARY_PATH', '/usr/local/lib:/usr/lib/x86_64-linux-gnu/gazebo-11/plugins:/opt/ros/humble/opt/rviz_ogre_vendor/lib:/opt/ros/humble/lib/x86_64-linux-gnu:/opt/ros/humble/lib'), ('HOME', '/home/altair'), ('OLDPWD', '/home/altair'), ('TERM_PROGRAM_VERSION', '20240203-110809-5046fc22'), ('DESKTOP_SESSION', 'ubuntu'), ('GIO_LAUNCHED_DESKTOP_FILE', '/usr/share/applications/org.wezfurlong.wezterm.desktop'), ('ROS_PYTHON_VERSION', '3'), ('GNOME_SHELL_SESSION_MODE', 'ubuntu'), ('GTK_MODULES', 'gail:atk-bridge'), ('LC_MONETARY', 'ja_JP.UTF-8'), ('MANAGERPID', '1085'), ('SYSTEMD_EXEC_PID', '1322'), ('DBUS_SESSION_BUS_ADDRESS', 'unix:path=/run/user/1000/bus'), ('COLORTERM', 'truecolor'), ('GIO_LAUNCHED_DESKTOP_FILE_PID', '2439'), ('WEZTERM_EXECUTABLE', '/usr/bin/wezterm-gui'), ('IM_CONFIG_PHASE', '1'), ('WAYLAND_DISPLAY', 'wayland-0'), ('ROS_DISTRO', 'humble'), ('LOGNAME', 'altair'), ('JOURNAL_STREAM', '8:1917'), ('_', '/usr/bin/colcon'), ('ROS_VERSION', '2'), ('XDG_SESSION_CLASS', 'user'), ('USERNAME', 'altair'), ('TERM', 'xterm-256color'), ('GNOME_DESKTOP_SESSION_ID', 'this-is-deprecated'), ('WEZTERM_CONFIG_FILE', '/home/altair/.wezterm.lua'), ('ROS_LOCALHOST_ONLY', '0'), ('WEZTERM_EXECUTABLE_DIR', '/usr/bin'), ('PATH', '/home/altair/.local/bin:/home/altair/spresenseenv/usr/bin:/opt/ros/humble/bin:/home/altair/.local/bin:/home/altair/.local/bin:/home/altair/bin:/usr/local/sbin:/usr/local/bin:/usr/sbin:/usr/bin:/sbin:/bin:/usr/games:/usr/local/games:/snap/bin:/snap/bin:/home/altair/bin:/home/altair/bin'), ('SESSION_MANAGER', 'local/altair-ThinkPad-L380:@/tmp/.ICE-unix/1272,unix/altair-ThinkPad-L380:/tmp/.ICE-unix/1272'), ('INVOCATION_ID', '72e2abd6bbc74719b93804593a356401'), ('PAPERSIZE', 'a4'), ('XDG_MENU_PREFIX', 'gnome-'), ('LC_ADDRESS', 'ja_JP.UTF-8'), ('GNOME_SETUP_DISPLAY', ':1'), ('XDG_RUNTIME_DIR', '/run/user/1000'), ('DISPLAY', ':0'), ('LANG', 'ja_JP.UTF-8'), ('XDG_CURRENT_DESKTOP', 'ubuntu:GNOME'), ('LC_TELEPHONE', 'ja_JP.UTF-8'), ('XMODIFIERS', '@im=ibus'), ('XDG_SESSION_DESKTOP', 'ubuntu'), ('XAUTHORITY', '/run/user/1000/.mutter-Xwaylandauth.YPJIT3'), ('LS_COLORS', 'rs=0:di=01;34:ln=01;36:mh=00:pi=40;33:so=01;35:do=01;35:bd=40;33;01:cd=40;33;01:or=40;31;01:mi=00:su=37;41:sg=30;43:ca=30;41:tw=30;42:ow=34;42:st=37;44:ex=01;32:*.tar=01;31:*.tgz=01;31:*.arc=01;31:*.arj=01;31:*.taz=01;31:*.lha=01;31:*.lz4=01;31:*.lzh=01;31:*.lzma=01;31:*.tlz=01;31:*.txz=01;31:*.tzo=01;31:*.t7z=01;31:*.zip=01;31:*.z=01;31:*.dz=01;31:*.gz=01;31:*.lrz=01;31:*.lz=01;31:*.lzo=01;31:*.xz=01;31:*.zst=01;31:*.tzst=01;31:*.bz2=01;31:*.bz=01;31:*.tbz=01;31:*.tbz2=01;31:*.tz=01;31:*.deb=01;31:*.rpm=01;31:*.jar=01;31:*.war=01;31:*.ear=01;31:*.sar=01;31:*.rar=01;31:*.alz=01;31:*.ace=01;31:*.zoo=01;31:*.cpio=01;31:*.7z=01;31:*.rz=01;31:*.cab=01;31:*.wim=01;31:*.swm=01;31:*.dwm=01;31:*.esd=01;31:*.jpg=01;35:*.jpeg=01;35:*.mjpg=01;35:*.mjpeg=01;35:*.gif=01;35:*.bmp=01;35:*.pbm=01;35:*.pgm=01;35:*.ppm=01;35:*.tga=01;35:*.xbm=01;35:*.xpm=01;35:*.tif=01;35:*.tiff=01;35:*.png=01;35:*.svg=01;35:*.svgz=01;35:*.mng=01;35:*.pcx=01;35:*.mov=01;35:*.mpg=01;35:*.mpeg=01;35:*.m2v=01;35:*.mkv=01;35:*.webm=01;35:*.webp=01;35:*.ogm=01;35:*.mp4=01;35:*.m4v=01;35:*.mp4v=01;35:*.vob=01;35:*.qt=01;35:*.nuv=01;35:*.wmv=01;35:*.asf=01;35:*.rm=01;35:*.rmvb=01;35:*.flc=01;35:*.avi=01;35:*.fli=01;35:*.flv=01;35:*.gl=01;35:*.dl=01;35:*.xcf=01;35:*.xwd=01;35:*.yuv=01;35:*.cgm=01;35:*.emf=01;35:*.ogv=01;35:*.ogx=01;35:*.aac=00;36:*.au=00;36:*.flac=00;36:*.m4a=00;36:*.mid=00;36:*.midi=00;36:*.mka=00;36:*.mp3=00;36:*.mpc=00;36:*.ogg=00;36:*.ra=00;36:*.wav=00;36:*.oga=00;36:*.opus=00;36:*.spx=00;36:*.xspf=00;36:'), ('TERM_PROGRAM', 'WezTerm'), ('SSH_AGENT_LAUNCHER', 'gnome-keyring'), ('SSH_AUTH_SOCK', '/run/user/1000/keyring/ssh'), ('ROS_DOMAIN_ID', '0'), ('AMENT_PREFIX_PATH', '/opt/ros/humble'), ('SHELL', '/bin/bash'), ('LC_NAME', 'ja_JP.UTF-8'), ('QT_ACCESSIBILITY', '1'), ('GDMSESSION', 'ubuntu'), ('LESSCLOSE', '/usr/bin/lesspipe %s %s'), ('LC_MEASUREMENT', 'ja_JP.UTF-8'), ('GJS_DEBUG_OUTPUT', 'stderr'), ('LC_IDENTIFICATION', 'ja_JP.UTF-8'), ('WEZTERM_CONFIG_DIR', '/home/altair'), ('QT_IM_MODULE', 'ibus'), ('PWD', '/home/altair/Person_Tracking_Roboware/build/can_msgs'), ('LC_ALL', 'en_US.UTF-8'), ('XDG_CONFIG_DIRS', '/etc/xdg/xdg-ubuntu:/etc/xdg'), ('XDG_DATA_DIRS', '/usr/share/ubuntu:/usr/local/share/:/usr/share/:/var/lib/snapd/desktop'), ('WEZTERM_UNIX_SOCKET', '/run/user/1000/wezterm/gui-sock-2439'), ('PYTHONPATH', '/opt/ros/humble/lib/python3.10/site-packages:/opt/ros/humble/local/lib/python3.10/dist-packages'), ('LC_NUMERIC', 'ja_JP.UTF-8'), ('LC_PAPER', 'ja_JP.UTF-8'), ('WEZTERM_PANE', '0'), ('COLCON', '1'), ('CMAKE_PREFIX_PATH', '/opt/ros/humble')]), 'shell': False}
[0.099365] (-) TimerEvent: {}
[0.198487] (altair_interfaces) StdoutLine: {'line': b'-- The C compiler identification is GNU 11.4.0\n'}
[0.198707] (can_msgs) StdoutLine: {'line': b'-- The C compiler identification is GNU 11.4.0\n'}
[0.199462] (-) TimerEvent: {}
[0.299685] (-) TimerEvent: {}
[0.342394] (altair_interfaces) StdoutLine: {'line': b'-- The CXX compiler identification is GNU 11.4.0\n'}
[0.342619] (can_msgs) StdoutLine: {'line': b'-- The CXX compiler identification is GNU 11.4.0\n'}
[0.358743] (altair_interfaces) StdoutLine: {'line': b'-- Detecting C compiler ABI info\n'}
[0.359030] (can_msgs) StdoutLine: {'line': b'-- Detecting C compiler ABI info\n'}
[0.399803] (-) TimerEvent: {}
[0.429378] (can_msgs) StdoutLine: {'line': b'-- Detecting C compiler ABI info - done\n'}
[0.429533] (altair_interfaces) StdoutLine: {'line': b'-- Detecting C compiler ABI info - done\n'}
[0.437780] (can_msgs) StdoutLine: {'line': b'-- Check for working C compiler: /usr/bin/cc - skipped\n'}
[0.438322] (can_msgs) StdoutLine: {'line': b'-- Detecting C compile features\n'}
[0.438459] (altair_interfaces) StdoutLine: {'line': b'-- Check for working C compiler: /usr/bin/cc - skipped\n'}
[0.438803] (altair_interfaces) StdoutLine: {'line': b'-- Detecting C compile features\n'}
[0.438972] (can_msgs) StdoutLine: {'line': b'-- Detecting C compile features - done\n'}
[0.439527] (altair_interfaces) StdoutLine: {'line': b'-- Detecting C compile features - done\n'}
[0.443054] (can_msgs) StdoutLine: {'line': b'-- Detecting CXX compiler ABI info\n'}
[0.443411] (altair_interfaces) StdoutLine: {'line': b'-- Detecting CXX compiler ABI info\n'}
[0.499919] (-) TimerEvent: {}
[0.519272] (can_msgs) StdoutLine: {'line': b'-- Detecting CXX compiler ABI info - done\n'}
[0.519497] (altair_interfaces) StdoutLine: {'line': b'-- Detecting CXX compiler ABI info - done\n'}
[0.527931] (altair_interfaces) StdoutLine: {'line': b'-- Check for working CXX compiler: /usr/bin/c++ - skipped\n'}
[0.528072] (can_msgs) StdoutLine: {'line': b'-- Check for working CXX compiler: /usr/bin/c++ - skipped\n'}
[0.528268] (can_msgs) StdoutLine: {'line': b'-- Detecting CXX compile features\n'}
[0.528439] (altair_interfaces) StdoutLine: {'line': b'-- Detecting CXX compile features\n'}
[0.528725] (altair_interfaces) StdoutLine: {'line': b'-- Detecting CXX compile features - done\n'}
[0.528835] (can_msgs) StdoutLine: {'line': b'-- Detecting CXX compile features - done\n'}
[0.541415] (can_msgs) StdoutLine: {'line': b'-- Found ament_cmake: 1.3.14 (/opt/ros/humble/share/ament_cmake/cmake)\n'}
[0.541604] (altair_interfaces) StdoutLine: {'line': b'-- Found ament_cmake: 1.3.14 (/opt/ros/humble/share/ament_cmake/cmake)\n'}
[0.600030] (-) TimerEvent: {}
[0.700372] (-) TimerEvent: {}
[0.800736] (-) TimerEvent: {}
[0.901125] (-) TimerEvent: {}
[0.917894] (can_msgs) StdoutLine: {'line': b'-- Found Python3: /usr/bin/python3 (found version "3.10.12") found components: Interpreter \n'}
[0.918103] (altair_interfaces) StdoutLine: {'line': b'-- Found Python3: /usr/bin/python3 (found version "3.10.12") found components: Interpreter \n'}
[1.001227] (-) TimerEvent: {}
[1.049888] (altair_interfaces) StdoutLine: {'line': b'-- Found rosidl_default_generators: 1.2.1 (/opt/ros/humble/share/rosidl_default_generators/cmake)\n'}
[1.050068] (can_msgs) StdoutLine: {'line': b'-- Found rosidl_default_generators: 1.2.1 (/opt/ros/humble/share/rosidl_default_generators/cmake)\n'}
[1.055646] (altair_interfaces) StdoutLine: {'line': b'-- Using all available rosidl_typesupport_c: rosidl_typesupport_fastrtps_c;rosidl_typesupport_introspection_c\n'}
[1.055861] (can_msgs) StdoutLine: {'line': b'-- Using all available rosidl_typesupport_c: rosidl_typesupport_fastrtps_c;rosidl_typesupport_introspection_c\n'}
[1.066611] (altair_interfaces) StdoutLine: {'line': b'-- Found rosidl_adapter: 3.1.8 (/opt/ros/humble/share/rosidl_adapter/cmake)\n'}
[1.066777] (can_msgs) StdoutLine: {'line': b'-- Found rosidl_adapter: 3.1.8 (/opt/ros/humble/share/rosidl_adapter/cmake)\n'}
[1.101357] (-) TimerEvent: {}
[1.140428] (altair_interfaces) StdoutLine: {'line': b'-- Using all available rosidl_typesupport_cpp: rosidl_typesupport_fastrtps_cpp;rosidl_typesupport_introspection_cpp\n'}
[1.140603] (can_msgs) StdoutLine: {'line': b'-- Using all available rosidl_typesupport_cpp: rosidl_typesupport_fastrtps_cpp;rosidl_typesupport_introspection_cpp\n'}
[1.201497] (-) TimerEvent: {}
[1.205841] (can_msgs) StdoutLine: {'line': b'-- Found std_msgs: 4.9.1 (/opt/ros/humble/share/std_msgs/cmake)\n'}
[1.301627] (-) TimerEvent: {}
[1.401933] (-) TimerEvent: {}
[1.473760] (altair_interfaces) StdoutLine: {'line': b'-- Found ament_cmake_ros: 0.10.0 (/opt/ros/humble/share/ament_cmake_ros/cmake)\n'}
[1.484143] (can_msgs) StdoutLine: {'line': b'-- Found ament_cmake_ros: 0.10.0 (/opt/ros/humble/share/ament_cmake_ros/cmake)\n'}
[1.502032] (-) TimerEvent: {}
[1.581813] (altair_interfaces) StdoutLine: {'line': b'-- Using all available rosidl_typesupport_c: rosidl_typesupport_fastrtps_c;rosidl_typesupport_introspection_c\n'}
[1.602128] (-) TimerEvent: {}
[1.625979] (can_msgs) StdoutLine: {'line': b'-- Using all available rosidl_typesupport_c: rosidl_typesupport_fastrtps_c;rosidl_typesupport_introspection_c\n'}
[1.702221] (-) TimerEvent: {}
[1.713897] (altair_interfaces) StdoutLine: {'line': b'-- Using all available rosidl_typesupport_cpp: rosidl_typesupport_fastrtps_cpp;rosidl_typesupport_introspection_cpp\n'}
[1.739654] (altair_interfaces) StdoutLine: {'line': b'-- Found PythonInterp: /usr/bin/python3 (found suitable version "3.10.12", minimum required is "3.6") \n'}
[1.742108] (altair_interfaces) StdoutLine: {'line': b'-- Found python_cmake_module: 0.10.0 (/opt/ros/humble/share/python_cmake_module/cmake)\n'}
[1.773157] (altair_interfaces) StdoutLine: {'line': b'-- Found PythonLibs: /usr/lib/x86_64-linux-gnu/libpython3.10.so (found suitable version "3.10.12", minimum required is "3.5") \n'}
[1.773482] (altair_interfaces) StdoutLine: {'line': b'-- Using PYTHON_EXECUTABLE: /usr/bin/python3\n'}
[1.773605] (altair_interfaces) StdoutLine: {'line': b'-- Using PYTHON_INCLUDE_DIRS: /usr/include/python3.10\n'}
[1.773734] (altair_interfaces) StdoutLine: {'line': b'-- Using PYTHON_LIBRARIES: /usr/lib/x86_64-linux-gnu/libpython3.10.so\n'}
[1.801545] (altair_interfaces) StdoutLine: {'line': b'-- Found PythonExtra: .so  \n'}
[1.802323] (-) TimerEvent: {}
[1.807024] (can_msgs) StdoutLine: {'line': b'-- Using all available rosidl_typesupport_cpp: rosidl_typesupport_fastrtps_cpp;rosidl_typesupport_introspection_cpp\n'}
[1.832605] (can_msgs) StdoutLine: {'line': b'-- Found PythonInterp: /usr/bin/python3 (found suitable version "3.10.12", minimum required is "3.6") \n'}
[1.834332] (can_msgs) StdoutLine: {'line': b'-- Found python_cmake_module: 0.10.0 (/opt/ros/humble/share/python_cmake_module/cmake)\n'}
[1.863476] (can_msgs) StdoutLine: {'line': b'-- Found PythonLibs: /usr/lib/x86_64-linux-gnu/libpython3.10.so (found suitable version "3.10.12", minimum required is "3.5") \n'}
[1.863797] (can_msgs) StdoutLine: {'line': b'-- Using PYTHON_EXECUTABLE: /usr/bin/python3\n'}
[1.863943] (can_msgs) StdoutLine: {'line': b'-- Using PYTHON_INCLUDE_DIRS: /usr/include/python3.10\n'}
[1.864056] (can_msgs) StdoutLine: {'line': b'-- Using PYTHON_LIBRARIES: /usr/lib/x86_64-linux-gnu/libpython3.10.so\n'}
[1.885408] (altair_interfaces) StdoutLine: {'line': b'-- Configuring done\n'}
[1.889010] (can_msgs) StdoutLine: {'line': b'-- Found PythonExtra: .so  \n'}
[1.902455] (-) TimerEvent: {}
[1.954477] (altair_interfaces) StdoutLine: {'line': b'-- Generating done\n'}
[1.968019] (altair_interfaces) StdoutLine: {'line': b'-- Build files have been written to: /home/altair/Person_Tracking_Roboware/build/altair_interfaces\n'}
[1.975861] (altair_interfaces) CommandEnded: {'returncode': 0}
[1.977970] (altair_interfaces) JobProgress: {'identifier': 'altair_interfaces', 'progress': 'build'}
[1.978248] (altair_interfaces) Command: {'cmd': ['/usr/bin/cmake', '--build', '/home/altair/Person_Tracking_Roboware/build/altair_interfaces', '--', '-j8', '-l8'], 'cwd': '/home/altair/Person_Tracking_Roboware/build/altair_interfaces', 'env': OrderedDict([('GJS_DEBUG_TOPICS', 'JS ERROR;JS LOG'), ('LESSOPEN', '| /usr/bin/lesspipe %s'), ('LANGUAGE', 'ja:en'), ('USER', 'altair'), ('LC_TIME', 'ja_JP.UTF-8'), ('XDG_SESSION_TYPE', 'wayland'), ('STM32CubeMX_PATH', '/home/altair/STM32CubeMX'), ('SHLVL', '2'), ('LD_LIBRARY_PATH', '/usr/local/lib:/usr/lib/x86_64-linux-gnu/gazebo-11/plugins:/opt/ros/humble/opt/rviz_ogre_vendor/lib:/opt/ros/humble/lib/x86_64-linux-gnu:/opt/ros/humble/lib'), ('HOME', '/home/altair'), ('OLDPWD', '/home/altair'), ('TERM_PROGRAM_VERSION', '20240203-110809-5046fc22'), ('DESKTOP_SESSION', 'ubuntu'), ('GIO_LAUNCHED_DESKTOP_FILE', '/usr/share/applications/org.wezfurlong.wezterm.desktop'), ('ROS_PYTHON_VERSION', '3'), ('GNOME_SHELL_SESSION_MODE', 'ubuntu'), ('GTK_MODULES', 'gail:atk-bridge'), ('LC_MONETARY', 'ja_JP.UTF-8'), ('MANAGERPID', '1085'), ('SYSTEMD_EXEC_PID', '1322'), ('DBUS_SESSION_BUS_ADDRESS', 'unix:path=/run/user/1000/bus'), ('COLORTERM', 'truecolor'), ('GIO_LAUNCHED_DESKTOP_FILE_PID', '2439'), ('WEZTERM_EXECUTABLE', '/usr/bin/wezterm-gui'), ('IM_CONFIG_PHASE', '1'), ('WAYLAND_DISPLAY', 'wayland-0'), ('ROS_DISTRO', 'humble'), ('LOGNAME', 'altair'), ('JOURNAL_STREAM', '8:1917'), ('_', '/usr/bin/colcon'), ('ROS_VERSION', '2'), ('XDG_SESSION_CLASS', 'user'), ('USERNAME', 'altair'), ('TERM', 'xterm-256color'), ('GNOME_DESKTOP_SESSION_ID', 'this-is-deprecated'), ('WEZTERM_CONFIG_FILE', '/home/altair/.wezterm.lua'), ('ROS_LOCALHOST_ONLY', '0'), ('WEZTERM_EXECUTABLE_DIR', '/usr/bin'), ('PATH', '/home/altair/.local/bin:/home/altair/spresenseenv/usr/bin:/opt/ros/humble/bin:/home/altair/.local/bin:/home/altair/.local/bin:/home/altair/bin:/usr/local/sbin:/usr/local/bin:/usr/sbin:/usr/bin:/sbin:/bin:/usr/games:/usr/local/games:/snap/bin:/snap/bin:/home/altair/bin:/home/altair/bin'), ('SESSION_MANAGER', 'local/altair-ThinkPad-L380:@/tmp/.ICE-unix/1272,unix/altair-ThinkPad-L380:/tmp/.ICE-unix/1272'), ('INVOCATION_ID', '72e2abd6bbc74719b93804593a356401'), ('PAPERSIZE', 'a4'), ('XDG_MENU_PREFIX', 'gnome-'), ('LC_ADDRESS', 'ja_JP.UTF-8'), ('GNOME_SETUP_DISPLAY', ':1'), ('XDG_RUNTIME_DIR', '/run/user/1000'), ('DISPLAY', ':0'), ('LANG', 'ja_JP.UTF-8'), ('XDG_CURRENT_DESKTOP', 'ubuntu:GNOME'), ('LC_TELEPHONE', 'ja_JP.UTF-8'), ('XMODIFIERS', '@im=ibus'), ('XDG_SESSION_DESKTOP', 'ubuntu'), ('XAUTHORITY', '/run/user/1000/.mutter-Xwaylandauth.YPJIT3'), ('LS_COLORS', 'rs=0:di=01;34:ln=01;36:mh=00:pi=40;33:so=01;35:do=01;35:bd=40;33;01:cd=40;33;01:or=40;31;01:mi=00:su=37;41:sg=30;43:ca=30;41:tw=30;42:ow=34;42:st=37;44:ex=01;32:*.tar=01;31:*.tgz=01;31:*.arc=01;31:*.arj=01;31:*.taz=01;31:*.lha=01;31:*.lz4=01;31:*.lzh=01;31:*.lzma=01;31:*.tlz=01;31:*.txz=01;31:*.tzo=01;31:*.t7z=01;31:*.zip=01;31:*.z=01;31:*.dz=01;31:*.gz=01;31:*.lrz=01;31:*.lz=01;31:*.lzo=01;31:*.xz=01;31:*.zst=01;31:*.tzst=01;31:*.bz2=01;31:*.bz=01;31:*.tbz=01;31:*.tbz2=01;31:*.tz=01;31:*.deb=01;31:*.rpm=01;31:*.jar=01;31:*.war=01;31:*.ear=01;31:*.sar=01;31:*.rar=01;31:*.alz=01;31:*.ace=01;31:*.zoo=01;31:*.cpio=01;31:*.7z=01;31:*.rz=01;31:*.cab=01;31:*.wim=01;31:*.swm=01;31:*.dwm=01;31:*.esd=01;31:*.jpg=01;35:*.jpeg=01;35:*.mjpg=01;35:*.mjpeg=01;35:*.gif=01;35:*.bmp=01;35:*.pbm=01;35:*.pgm=01;35:*.ppm=01;35:*.tga=01;35:*.xbm=01;35:*.xpm=01;35:*.tif=01;35:*.tiff=01;35:*.png=01;35:*.svg=01;35:*.svgz=01;35:*.mng=01;35:*.pcx=01;35:*.mov=01;35:*.mpg=01;35:*.mpeg=01;35:*.m2v=01;35:*.mkv=01;35:*.webm=01;35:*.webp=01;35:*.ogm=01;35:*.mp4=01;35:*.m4v=01;35:*.mp4v=01;35:*.vob=01;35:*.qt=01;35:*.nuv=01;35:*.wmv=01;35:*.asf=01;35:*.rm=01;35:*.rmvb=01;35:*.flc=01;35:*.avi=01;35:*.fli=01;35:*.flv=01;35:*.gl=01;35:*.dl=01;35:*.xcf=01;35:*.xwd=01;35:*.yuv=01;35:*.cgm=01;35:*.emf=01;35:*.ogv=01;35:*.ogx=01;35:*.aac=00;36:*.au=00;36:*.flac=00;36:*.m4a=00;36:*.mid=00;36:*.midi=00;36:*.mka=00;36:*.mp3=00;36:*.mpc=00;36:*.ogg=00;36:*.ra=00;36:*.wav=00;36:*.oga=00;36:*.opus=00;36:*.spx=00;36:*.xspf=00;36:'), ('TERM_PROGRAM', 'WezTerm'), ('SSH_AGENT_LAUNCHER', 'gnome-keyring'), ('SSH_AUTH_SOCK', '/run/user/1000/keyring/ssh'), ('ROS_DOMAIN_ID', '0'), ('AMENT_PREFIX_PATH', '/opt/ros/humble'), ('SHELL', '/bin/bash'), ('LC_NAME', 'ja_JP.UTF-8'), ('QT_ACCESSIBILITY', '1'), ('GDMSESSION', 'ubuntu'), ('LESSCLOSE', '/usr/bin/lesspipe %s %s'), ('LC_MEASUREMENT', 'ja_JP.UTF-8'), ('GJS_DEBUG_OUTPUT', 'stderr'), ('LC_IDENTIFICATION', 'ja_JP.UTF-8'), ('WEZTERM_CONFIG_DIR', '/home/altair'), ('QT_IM_MODULE', 'ibus'), ('PWD', '/home/altair/Person_Tracking_Roboware/build/altair_interfaces'), ('LC_ALL', 'en_US.UTF-8'), ('XDG_CONFIG_DIRS', '/etc/xdg/xdg-ubuntu:/etc/xdg'), ('XDG_DATA_DIRS', '/usr/share/ubuntu:/usr/local/share/:/usr/share/:/var/lib/snapd/desktop'), ('WEZTERM_UNIX_SOCKET', '/run/user/1000/wezterm/gui-sock-2439'), ('PYTHONPATH', '/opt/ros/humble/lib/python3.10/site-packages:/opt/ros/humble/local/lib/python3.10/dist-packages'), ('LC_NUMERIC', 'ja_JP.UTF-8'), ('LC_PAPER', 'ja_JP.UTF-8'), ('WEZTERM_PANE', '0'), ('COLCON', '1'), ('CMAKE_PREFIX_PATH', '/opt/ros/humble')]), 'shell': False}
[2.001710] (altair_interfaces) StdoutLine: {'line': b'[  1%] \x1b[34m\x1b[1mGenerating C code for ROS interfaces\x1b[0m\n'}
[2.002534] (-) TimerEvent: {}
[2.008417] (altair_interfaces) StdoutLine: {'line': b'[  2%] \x1b[34m\x1b[1mGenerating Rust code for ROS interfaces\x1b[0m\n'}
[2.011187] (can_msgs) StdoutLine: {'line': b'-- Configuring done\n'}
[2.011524] (altair_interfaces) StdoutLine: {'line': b'[  3%] \x1b[34m\x1b[1mGenerating C++ code for ROS interfaces\x1b[0m\n'}
[2.013100] (altair_interfaces) StdoutLine: {'line': b'[  3%] Built target ament_cmake_python_copy_altair_interfaces\n'}
[2.079657] (can_msgs) StdoutLine: {'line': b'-- Generating done\n'}
[2.102634] (-) TimerEvent: {}
[2.104115] (can_msgs) StdoutLine: {'line': b'-- Build files have been written to: /home/altair/Person_Tracking_Roboware/build/can_msgs\n'}
[2.118779] (can_msgs) CommandEnded: {'returncode': 0}
[2.119390] (can_msgs) JobProgress: {'identifier': 'can_msgs', 'progress': 'build'}
[2.119438] (can_msgs) Command: {'cmd': ['/usr/bin/cmake', '--build', '/home/altair/Person_Tracking_Roboware/build/can_msgs', '--', '-j8', '-l8'], 'cwd': '/home/altair/Person_Tracking_Roboware/build/can_msgs', 'env': OrderedDict([('GJS_DEBUG_TOPICS', 'JS ERROR;JS LOG'), ('LESSOPEN', '| /usr/bin/lesspipe %s'), ('LANGUAGE', 'ja:en'), ('USER', 'altair'), ('LC_TIME', 'ja_JP.UTF-8'), ('XDG_SESSION_TYPE', 'wayland'), ('STM32CubeMX_PATH', '/home/altair/STM32CubeMX'), ('SHLVL', '2'), ('LD_LIBRARY_PATH', '/usr/local/lib:/usr/lib/x86_64-linux-gnu/gazebo-11/plugins:/opt/ros/humble/opt/rviz_ogre_vendor/lib:/opt/ros/humble/lib/x86_64-linux-gnu:/opt/ros/humble/lib'), ('HOME', '/home/altair'), ('OLDPWD', '/home/altair'), ('TERM_PROGRAM_VERSION', '20240203-110809-5046fc22'), ('DESKTOP_SESSION', 'ubuntu'), ('GIO_LAUNCHED_DESKTOP_FILE', '/usr/share/applications/org.wezfurlong.wezterm.desktop'), ('ROS_PYTHON_VERSION', '3'), ('GNOME_SHELL_SESSION_MODE', 'ubuntu'), ('GTK_MODULES', 'gail:atk-bridge'), ('LC_MONETARY', 'ja_JP.UTF-8'), ('MANAGERPID', '1085'), ('SYSTEMD_EXEC_PID', '1322'), ('DBUS_SESSION_BUS_ADDRESS', 'unix:path=/run/user/1000/bus'), ('COLORTERM', 'truecolor'), ('GIO_LAUNCHED_DESKTOP_FILE_PID', '2439'), ('WEZTERM_EXECUTABLE', '/usr/bin/wezterm-gui'), ('IM_CONFIG_PHASE', '1'), ('WAYLAND_DISPLAY', 'wayland-0'), ('ROS_DISTRO', 'humble'), ('LOGNAME', 'altair'), ('JOURNAL_STREAM', '8:1917'), ('_', '/usr/bin/colcon'), ('ROS_VERSION', '2'), ('XDG_SESSION_CLASS', 'user'), ('USERNAME', 'altair'), ('TERM', 'xterm-256color'), ('GNOME_DESKTOP_SESSION_ID', 'this-is-deprecated'), ('WEZTERM_CONFIG_FILE', '/home/altair/.wezterm.lua'), ('ROS_LOCALHOST_ONLY', '0'), ('WEZTERM_EXECUTABLE_DIR', '/usr/bin'), ('PATH', '/home/altair/.local/bin:/home/altair/spresenseenv/usr/bin:/opt/ros/humble/bin:/home/altair/.local/bin:/home/altair/.local/bin:/home/altair/bin:/usr/local/sbin:/usr/local/bin:/usr/sbin:/usr/bin:/sbin:/bin:/usr/games:/usr/local/games:/snap/bin:/snap/bin:/home/altair/bin:/home/altair/bin'), ('SESSION_MANAGER', 'local/altair-ThinkPad-L380:@/tmp/.ICE-unix/1272,unix/altair-ThinkPad-L380:/tmp/.ICE-unix/1272'), ('INVOCATION_ID', '72e2abd6bbc74719b93804593a356401'), ('PAPERSIZE', 'a4'), ('XDG_MENU_PREFIX', 'gnome-'), ('LC_ADDRESS', 'ja_JP.UTF-8'), ('GNOME_SETUP_DISPLAY', ':1'), ('XDG_RUNTIME_DIR', '/run/user/1000'), ('DISPLAY', ':0'), ('LANG', 'ja_JP.UTF-8'), ('XDG_CURRENT_DESKTOP', 'ubuntu:GNOME'), ('LC_TELEPHONE', 'ja_JP.UTF-8'), ('XMODIFIERS', '@im=ibus'), ('XDG_SESSION_DESKTOP', 'ubuntu'), ('XAUTHORITY', '/run/user/1000/.mutter-Xwaylandauth.YPJIT3'), ('LS_COLORS', 'rs=0:di=01;34:ln=01;36:mh=00:pi=40;33:so=01;35:do=01;35:bd=40;33;01:cd=40;33;01:or=40;31;01:mi=00:su=37;41:sg=30;43:ca=30;41:tw=30;42:ow=34;42:st=37;44:ex=01;32:*.tar=01;31:*.tgz=01;31:*.arc=01;31:*.arj=01;31:*.taz=01;31:*.lha=01;31:*.lz4=01;31:*.lzh=01;31:*.lzma=01;31:*.tlz=01;31:*.txz=01;31:*.tzo=01;31:*.t7z=01;31:*.zip=01;31:*.z=01;31:*.dz=01;31:*.gz=01;31:*.lrz=01;31:*.lz=01;31:*.lzo=01;31:*.xz=01;31:*.zst=01;31:*.tzst=01;31:*.bz2=01;31:*.bz=01;31:*.tbz=01;31:*.tbz2=01;31:*.tz=01;31:*.deb=01;31:*.rpm=01;31:*.jar=01;31:*.war=01;31:*.ear=01;31:*.sar=01;31:*.rar=01;31:*.alz=01;31:*.ace=01;31:*.zoo=01;31:*.cpio=01;31:*.7z=01;31:*.rz=01;31:*.cab=01;31:*.wim=01;31:*.swm=01;31:*.dwm=01;31:*.esd=01;31:*.jpg=01;35:*.jpeg=01;35:*.mjpg=01;35:*.mjpeg=01;35:*.gif=01;35:*.bmp=01;35:*.pbm=01;35:*.pgm=01;35:*.ppm=01;35:*.tga=01;35:*.xbm=01;35:*.xpm=01;35:*.tif=01;35:*.tiff=01;35:*.png=01;35:*.svg=01;35:*.svgz=01;35:*.mng=01;35:*.pcx=01;35:*.mov=01;35:*.mpg=01;35:*.mpeg=01;35:*.m2v=01;35:*.mkv=01;35:*.webm=01;35:*.webp=01;35:*.ogm=01;35:*.mp4=01;35:*.m4v=01;35:*.mp4v=01;35:*.vob=01;35:*.qt=01;35:*.nuv=01;35:*.wmv=01;35:*.asf=01;35:*.rm=01;35:*.rmvb=01;35:*.flc=01;35:*.avi=01;35:*.fli=01;35:*.flv=01;35:*.gl=01;35:*.dl=01;35:*.xcf=01;35:*.xwd=01;35:*.yuv=01;35:*.cgm=01;35:*.emf=01;35:*.ogv=01;35:*.ogx=01;35:*.aac=00;36:*.au=00;36:*.flac=00;36:*.m4a=00;36:*.mid=00;36:*.midi=00;36:*.mka=00;36:*.mp3=00;36:*.mpc=00;36:*.ogg=00;36:*.ra=00;36:*.wav=00;36:*.oga=00;36:*.opus=00;36:*.spx=00;36:*.xspf=00;36:'), ('TERM_PROGRAM', 'WezTerm'), ('SSH_AGENT_LAUNCHER', 'gnome-keyring'), ('SSH_AUTH_SOCK', '/run/user/1000/keyring/ssh'), ('ROS_DOMAIN_ID', '0'), ('AMENT_PREFIX_PATH', '/opt/ros/humble'), ('SHELL', '/bin/bash'), ('LC_NAME', 'ja_JP.UTF-8'), ('QT_ACCESSIBILITY', '1'), ('GDMSESSION', 'ubuntu'), ('LESSCLOSE', '/usr/bin/lesspipe %s %s'), ('LC_MEASUREMENT', 'ja_JP.UTF-8'), ('GJS_DEBUG_OUTPUT', 'stderr'), ('LC_IDENTIFICATION', 'ja_JP.UTF-8'), ('WEZTERM_CONFIG_DIR', '/home/altair'), ('QT_IM_MODULE', 'ibus'), ('PWD', '/home/altair/Person_Tracking_Roboware/build/can_msgs'), ('LC_ALL', 'en_US.UTF-8'), ('XDG_CONFIG_DIRS', '/etc/xdg/xdg-ubuntu:/etc/xdg'), ('XDG_DATA_DIRS', '/usr/share/ubuntu:/usr/local/share/:/usr/share/:/var/lib/snapd/desktop'), ('WEZTERM_UNIX_SOCKET', '/run/user/1000/wezterm/gui-sock-2439'), ('PYTHONPATH', '/opt/ros/humble/lib/python3.10/site-packages:/opt/ros/humble/local/lib/python3.10/dist-packages'), ('LC_NUMERIC', 'ja_JP.UTF-8'), ('LC_PAPER', 'ja_JP.UTF-8'), ('WEZTERM_PANE', '0'), ('COLCON', '1'), ('CMAKE_PREFIX_PATH', '/opt/ros/humble')]), 'shell': False}
[2.151340] (can_msgs) StdoutLine: {'line': b'[  3%] \x1b[34m\x1b[1mGenerating C code for ROS interfaces\x1b[0m\n'}
[2.157619] (can_msgs) StdoutLine: {'line': b'[  6%] \x1b[34m\x1b[1mGenerating C++ code for ROS interfaces\x1b[0m\n'}
[2.161468] (can_msgs) StdoutLine: {'line': b'[  9%] \x1b[34m\x1b[1mGenerating Rust code for ROS interfaces\x1b[0m\n'}
[2.165877] (can_msgs) StdoutLine: {'line': b'[  9%] Built target ament_cmake_python_copy_can_msgs\n'}
[2.202926] (-) TimerEvent: {}
[2.306222] (-) TimerEvent: {}
[2.406591] (-) TimerEvent: {}
[2.516632] (-) TimerEvent: {}
[2.640287] (-) TimerEvent: {}
[2.709043] (altair_interfaces) StdoutLine: {'line': b'running egg_info\n'}
[2.740405] (-) TimerEvent: {}
[2.835605] (altair_interfaces) StdoutLine: {'line': b'creating altair_interfaces.egg-info\n'}
[2.836275] (altair_interfaces) StdoutLine: {'line': b'writing altair_interfaces.egg-info/PKG-INFO\n'}
[2.837050] (altair_interfaces) StdoutLine: {'line': b'writing dependency_links to altair_interfaces.egg-info/dependency_links.txt\n'}
[2.837725] (altair_interfaces) StdoutLine: {'line': b'writing top-level names to altair_interfaces.egg-info/top_level.txt\n'}
[2.838407] (altair_interfaces) StdoutLine: {'line': b"writing manifest file 'altair_interfaces.egg-info/SOURCES.txt'\n"}
[2.840508] (-) TimerEvent: {}
[2.943070] (-) TimerEvent: {}
[3.043851] (-) TimerEvent: {}
[3.131799] (can_msgs) StdoutLine: {'line': b'running egg_info\n'}
[3.139085] (can_msgs) StdoutLine: {'line': b'[ 12%] \x1b[32mBuilding C object CMakeFiles/can_msgs__rosidl_generator_c.dir/rosidl_generator_c/can_msgs/msg/detail/frame__functions.c.o\x1b[0m\n'}
[3.143953] (-) TimerEvent: {}
[3.163171] (can_msgs) StdoutLine: {'line': b'[ 12%] Built target can_msgs__cpp\n'}
[3.171254] (can_msgs) StdoutLine: {'line': b'[ 12%] Built target can_msgs__rs\n'}
[3.181400] (can_msgs) StdoutLine: {'line': b'[ 15%] \x1b[34m\x1b[1mGenerating C++ type support dispatch for ROS interfaces\x1b[0m\n'}
[3.182055] (can_msgs) StdoutLine: {'line': b'[ 18%] \x1b[34m\x1b[1mGenerating C++ introspection for ROS interfaces\x1b[0m\n'}
[3.186153] (altair_interfaces) StdoutLine: {'line': b"reading manifest file 'altair_interfaces.egg-info/SOURCES.txt'\n"}
[3.186843] (altair_interfaces) StdoutLine: {'line': b"writing manifest file 'altair_interfaces.egg-info/SOURCES.txt'\n"}
[3.199201] (can_msgs) StdoutLine: {'line': b'[ 21%] \x1b[34m\x1b[1mGenerating C++ type support for eProsima Fast-RTPS\x1b[0m\n'}
[3.220010] (can_msgs) StdoutLine: {'line': b'creating can_msgs.egg-info\n'}
[3.220352] (can_msgs) StdoutLine: {'line': b'writing can_msgs.egg-info/PKG-INFO\n'}
[3.220721] (can_msgs) StdoutLine: {'line': b'writing dependency_links to can_msgs.egg-info/dependency_links.txt\n'}
[3.221628] (can_msgs) StdoutLine: {'line': b'writing top-level names to can_msgs.egg-info/top_level.txt\n'}
[3.221940] (can_msgs) StdoutLine: {'line': b"writing manifest file 'can_msgs.egg-info/SOURCES.txt'\n"}
[3.244319] (-) TimerEvent: {}
[3.259840] (altair_interfaces) StdoutLine: {'line': b'[  3%] Built target ament_cmake_python_build_altair_interfaces_egg\n'}
[3.324243] (can_msgs) StdoutLine: {'line': b'[ 25%] \x1b[32m\x1b[1mLinking C shared library libcan_msgs__rosidl_generator_c.so\x1b[0m\n'}
[3.344426] (-) TimerEvent: {}
[3.405132] (can_msgs) StdoutLine: {'line': b'[ 25%] Built target can_msgs__rosidl_generator_c\n'}
[3.419822] (can_msgs) StdoutLine: {'line': b'[ 28%] \x1b[34m\x1b[1mGenerating C type support for eProsima Fast-RTPS\x1b[0m\n'}
[3.421947] (can_msgs) StdoutLine: {'line': b'[ 31%] \x1b[34m\x1b[1mGenerating C introspection for ROS interfaces\x1b[0m\n'}
[3.430410] (can_msgs) StdoutLine: {'line': b'[ 34%] \x1b[34m\x1b[1mGenerating C type support dispatch for ROS interfaces\x1b[0m\n'}
[3.444551] (-) TimerEvent: {}
[3.501130] (can_msgs) StdoutLine: {'line': b"reading manifest file 'can_msgs.egg-info/SOURCES.txt'\n"}
[3.505859] (can_msgs) StdoutLine: {'line': b"writing manifest file 'can_msgs.egg-info/SOURCES.txt'\n"}
[3.544662] (-) TimerEvent: {}
[3.646291] (-) TimerEvent: {}
[3.654440] (can_msgs) StdoutLine: {'line': b'[ 34%] Built target ament_cmake_python_build_can_msgs_egg\n'}
[3.746414] (-) TimerEvent: {}
[3.847074] (-) TimerEvent: {}
[3.947769] (-) TimerEvent: {}
[3.985724] (can_msgs) StdoutLine: {'line': b'[ 37%] \x1b[32mBuilding CXX object CMakeFiles/can_msgs__rosidl_typesupport_cpp.dir/rosidl_typesupport_cpp/can_msgs/msg/frame__type_support.cpp.o\x1b[0m\n'}
[4.047881] (-) TimerEvent: {}
[4.078771] (can_msgs) StdoutLine: {'line': b'[ 40%] \x1b[32mBuilding CXX object CMakeFiles/can_msgs__rosidl_typesupport_introspection_cpp.dir/rosidl_typesupport_introspection_cpp/can_msgs/msg/detail/frame__type_support.cpp.o\x1b[0m\n'}
[4.123070] (can_msgs) StdoutLine: {'line': b'[ 43%] \x1b[32mBuilding CXX object CMakeFiles/can_msgs__rosidl_typesupport_fastrtps_cpp.dir/rosidl_typesupport_fastrtps_cpp/can_msgs/msg/detail/dds_fastrtps/frame__type_support.cpp.o\x1b[0m\n'}
[4.148004] (-) TimerEvent: {}
[4.248546] (-) TimerEvent: {}
[4.316190] (can_msgs) StdoutLine: {'line': b'[ 46%] \x1b[32mBuilding CXX object CMakeFiles/can_msgs__rosidl_typesupport_c.dir/rosidl_typesupport_c/can_msgs/msg/frame__type_support.cpp.o\x1b[0m\n'}
[4.350097] (-) TimerEvent: {}
[4.383035] (can_msgs) StdoutLine: {'line': b'[ 50%] \x1b[32mBuilding C object CMakeFiles/can_msgs__rosidl_typesupport_introspection_c.dir/rosidl_typesupport_introspection_c/can_msgs/msg/detail/frame__type_support.c.o\x1b[0m\n'}
[4.428066] (can_msgs) StdoutLine: {'line': b'[ 53%] \x1b[32m\x1b[1mLinking CXX shared library libcan_msgs__rosidl_typesupport_c.so\x1b[0m\n'}
[4.453070] (-) TimerEvent: {}
[4.502192] (can_msgs) StdoutLine: {'line': b'[ 56%] \x1b[32m\x1b[1mLinking C shared library libcan_msgs__rosidl_typesupport_introspection_c.so\x1b[0m\n'}
[4.551088] (can_msgs) StdoutLine: {'line': b'[ 59%] \x1b[32mBuilding CXX object CMakeFiles/can_msgs__rosidl_typesupport_fastrtps_c.dir/rosidl_typesupport_fastrtps_c/can_msgs/msg/detail/frame__type_support_c.cpp.o\x1b[0m\n'}
[4.553176] (-) TimerEvent: {}
[4.559397] (can_msgs) StdoutLine: {'line': b'[ 59%] Built target can_msgs__rosidl_typesupport_c\n'}
[4.616487] (can_msgs) StdoutLine: {'line': b'[ 59%] Built target can_msgs__rosidl_typesupport_introspection_c\n'}
[4.653304] (-) TimerEvent: {}
[4.756080] (-) TimerEvent: {}
[4.810413] (altair_interfaces) StdoutLine: {'line': b'[  3%] Built target altair_interfaces__rs\n'}
[4.856200] (-) TimerEvent: {}
[4.956658] (-) TimerEvent: {}
[5.041806] (can_msgs) StdoutLine: {'line': b'[ 62%] \x1b[32m\x1b[1mLinking CXX shared library libcan_msgs__rosidl_typesupport_cpp.so\x1b[0m\n'}
[5.056779] (-) TimerEvent: {}
[5.105373] (can_msgs) StdoutLine: {'line': b'[ 62%] Built target can_msgs__rosidl_typesupport_cpp\n'}
[5.156893] (-) TimerEvent: {}
[5.257383] (-) TimerEvent: {}
[5.300021] (can_msgs) StdoutLine: {'line': b'[ 65%] \x1b[32m\x1b[1mLinking CXX shared library libcan_msgs__rosidl_typesupport_fastrtps_cpp.so\x1b[0m\n'}
[5.325682] (can_msgs) StdoutLine: {'line': b'[ 68%] \x1b[32m\x1b[1mLinking CXX shared library libcan_msgs__rosidl_typesupport_introspection_cpp.so\x1b[0m\n'}
[5.357516] (-) TimerEvent: {}
[5.441815] (can_msgs) StdoutLine: {'line': b'[ 68%] Built target can_msgs__rosidl_typesupport_fastrtps_cpp\n'}
[5.457629] (-) TimerEvent: {}
[5.459683] (can_msgs) StdoutLine: {'line': b'[ 68%] Built target can_msgs__rosidl_typesupport_introspection_cpp\n'}
[5.552098] (can_msgs) StdoutLine: {'line': b'[ 71%] \x1b[32m\x1b[1mLinking CXX shared library libcan_msgs__rosidl_typesupport_fastrtps_c.so\x1b[0m\n'}
[5.557745] (-) TimerEvent: {}
[5.659126] (-) TimerEvent: {}
[5.685580] (altair_interfaces) StdoutLine: {'line': b'[  3%] Built target altair_interfaces__cpp\n'}
[5.702090] (altair_interfaces) StdoutLine: {'line': b'[  4%] \x1b[34m\x1b[1mGenerating C++ type support dispatch for ROS interfaces\x1b[0m\n'}
[5.702504] (altair_interfaces) StdoutLine: {'line': b'[  5%] \x1b[34m\x1b[1mGenerating C++ introspection for ROS interfaces\x1b[0m\n'}
[5.702739] (altair_interfaces) StdoutLine: {'line': b'[  6%] \x1b[34m\x1b[1mGenerating C++ type support for eProsima Fast-RTPS\x1b[0m\n'}
[5.744150] (can_msgs) StdoutLine: {'line': b'[ 71%] Built target can_msgs__rosidl_typesupport_fastrtps_c\n'}
[5.759218] (-) TimerEvent: {}
[5.767617] (can_msgs) StdoutLine: {'line': b'[ 71%] Built target can_msgs\n'}
[5.798615] (can_msgs) StdoutLine: {'line': b'[ 75%] \x1b[34m\x1b[1mGenerating Python code for ROS interfaces\x1b[0m\n'}
[5.826691] (altair_interfaces) StdoutLine: {'line': b'[  7%] \x1b[32mBuilding C object CMakeFiles/altair_interfaces__rosidl_generator_c.dir/rosidl_generator_c/altair_interfaces/msg/detail/can_status__functions.c.o\x1b[0m\n'}
[5.829487] (altair_interfaces) StdoutLine: {'line': b'[  8%] \x1b[32mBuilding C object CMakeFiles/altair_interfaces__rosidl_generator_c.dir/rosidl_generator_c/altair_interfaces/msg/detail/mdd_command__functions.c.o\x1b[0m\n'}
[5.832769] (altair_interfaces) StdoutLine: {'line': b'[  9%] \x1b[32mBuilding C object CMakeFiles/altair_interfaces__rosidl_generator_c.dir/rosidl_generator_c/altair_interfaces/msg/detail/mdd_feedback__functions.c.o\x1b[0m\n'}
[5.833415] (altair_interfaces) StdoutLine: {'line': b'[ 10%] \x1b[32mBuilding C object CMakeFiles/altair_interfaces__rosidl_generator_c.dir/rosidl_generator_c/altair_interfaces/msg/detail/servo_command__functions.c.o\x1b[0m\n'}
[5.838384] (altair_interfaces) StdoutLine: {'line': b'[ 11%] \x1b[32mBuilding C object CMakeFiles/altair_interfaces__rosidl_generator_c.dir/rosidl_generator_c/altair_interfaces/msg/detail/solenoid_command__functions.c.o\x1b[0m\n'}
[5.862067] (-) TimerEvent: {}
[5.954281] (altair_interfaces) StdoutLine: {'line': b'[ 12%] \x1b[32mBuilding C object CMakeFiles/altair_interfaces__rosidl_generator_c.dir/rosidl_generator_c/altair_interfaces/srv/detail/get_available_ports__functions.c.o\x1b[0m\n'}
[5.956294] (altair_interfaces) StdoutLine: {'line': b'[ 13%] \x1b[32mBuilding C object CMakeFiles/altair_interfaces__rosidl_generator_c.dir/rosidl_generator_c/altair_interfaces/srv/detail/trigger_control__functions.c.o\x1b[0m\n'}
[5.962172] (-) TimerEvent: {}
[5.977902] (altair_interfaces) StdoutLine: {'line': b'[ 14%] \x1b[32mBuilding C object CMakeFiles/altair_interfaces__rosidl_generator_c.dir/rosidl_generator_c/altair_interfaces/srv/detail/connect_can__functions.c.o\x1b[0m\n'}
[6.000411] (altair_interfaces) StdoutLine: {'line': b'[ 15%] \x1b[32mBuilding C object CMakeFiles/altair_interfaces__rosidl_generator_c.dir/rosidl_generator_c/altair_interfaces/srv/detail/start_behavior__functions.c.o\x1b[0m\n'}
[6.062276] (-) TimerEvent: {}
[6.106634] (altair_interfaces) StdoutLine: {'line': b'[ 16%] \x1b[32m\x1b[1mLinking C shared library libaltair_interfaces__rosidl_generator_c.so\x1b[0m\n'}
[6.141144] (altair_interfaces) StdoutLine: {'line': b'[ 16%] Built target altair_interfaces__rosidl_generator_c\n'}
[6.153060] (altair_interfaces) StdoutLine: {'line': b'[ 18%] \x1b[34m\x1b[1mGenerating C type support for eProsima Fast-RTPS\x1b[0m\n'}
[6.153331] (altair_interfaces) StdoutLine: {'line': b'[ 18%] \x1b[34m\x1b[1mGenerating C type support dispatch for ROS interfaces\x1b[0m\n'}
[6.153480] (altair_interfaces) StdoutLine: {'line': b'[ 19%] \x1b[34m\x1b[1mGenerating C introspection for ROS interfaces\x1b[0m\n'}
[6.162372] (-) TimerEvent: {}
[6.262801] (-) TimerEvent: {}
[6.363238] (-) TimerEvent: {}
[6.463676] (-) TimerEvent: {}
[6.564058] (-) TimerEvent: {}
[6.585475] (can_msgs) StdoutLine: {'line': b'[ 75%] Built target can_msgs__py\n'}
[6.607362] (can_msgs) StdoutLine: {'line': b'[ 78%] \x1b[32mBuilding C object CMakeFiles/can_msgs__rosidl_generator_py.dir/rosidl_generator_py/can_msgs/msg/_frame_s.c.o\x1b[0m\n'}
[6.664161] (-) TimerEvent: {}
[6.764627] (-) TimerEvent: {}
[6.855016] (can_msgs) StdoutLine: {'line': b'[ 81%] \x1b[32m\x1b[1mLinking C shared library rosidl_generator_py/can_msgs/libcan_msgs__rosidl_generator_py.so\x1b[0m\n'}
[6.864716] (-) TimerEvent: {}
[6.918359] (can_msgs) StdoutLine: {'line': b'[ 81%] Built target can_msgs__rosidl_generator_py\n'}
[6.947381] (can_msgs) StdoutLine: {'line': b'[ 84%] \x1b[32mBuilding C object CMakeFiles/can_msgs__rosidl_typesupport_fastrtps_c__pyext.dir/rosidl_generator_py/can_msgs/_can_msgs_s.ep.rosidl_typesupport_fastrtps_c.c.o\x1b[0m\n'}
[6.956198] (can_msgs) StdoutLine: {'line': b'[ 90%] \x1b[32mBuilding C object CMakeFiles/can_msgs__rosidl_typesupport_introspection_c__pyext.dir/rosidl_generator_py/can_msgs/_can_msgs_s.ep.rosidl_typesupport_introspection_c.c.o\x1b[0m\n'}
[6.957728] (can_msgs) StdoutLine: {'line': b'[ 90%] \x1b[32mBuilding C object CMakeFiles/can_msgs__rosidl_typesupport_c__pyext.dir/rosidl_generator_py/can_msgs/_can_msgs_s.ep.rosidl_typesupport_c.c.o\x1b[0m\n'}
[6.965149] (-) TimerEvent: {}
[7.065670] (-) TimerEvent: {}
[7.166155] (-) TimerEvent: {}
[7.217988] (can_msgs) StdoutLine: {'line': b'[ 93%] \x1b[32m\x1b[1mLinking C shared library rosidl_generator_py/can_msgs/can_msgs_s__rosidl_typesupport_c.cpython-310-x86_64-linux-gnu.so\x1b[0m\n'}
[7.231478] (can_msgs) StdoutLine: {'line': b'[ 96%] \x1b[32m\x1b[1mLinking C shared library rosidl_generator_py/can_msgs/can_msgs_s__rosidl_typesupport_introspection_c.cpython-310-x86_64-linux-gnu.so\x1b[0m\n'}
[7.266258] (-) TimerEvent: {}
[7.313047] (can_msgs) StdoutLine: {'line': b'[100%] \x1b[32m\x1b[1mLinking C shared library rosidl_generator_py/can_msgs/can_msgs_s__rosidl_typesupport_fastrtps_c.cpython-310-x86_64-linux-gnu.so\x1b[0m\n'}
[7.322007] (can_msgs) StdoutLine: {'line': b'[100%] Built target can_msgs__rosidl_typesupport_c__pyext\n'}
[7.341315] (can_msgs) StdoutLine: {'line': b'[100%] Built target can_msgs__rosidl_typesupport_introspection_c__pyext\n'}
[7.368058] (-) TimerEvent: {}
[7.368712] (can_msgs) StdoutLine: {'line': b'[100%] Built target can_msgs__rosidl_typesupport_fastrtps_c__pyext\n'}
[7.390209] (can_msgs) CommandEnded: {'returncode': 0}
[7.392318] (can_msgs) JobProgress: {'identifier': 'can_msgs', 'progress': 'install'}
[7.395421] (can_msgs) Command: {'cmd': ['/usr/bin/cmake', '--install', '/home/altair/Person_Tracking_Roboware/build/can_msgs'], 'cwd': '/home/altair/Person_Tracking_Roboware/build/can_msgs', 'env': OrderedDict([('GJS_DEBUG_TOPICS', 'JS ERROR;JS LOG'), ('LESSOPEN', '| /usr/bin/lesspipe %s'), ('LANGUAGE', 'ja:en'), ('USER', 'altair'), ('LC_TIME', 'ja_JP.UTF-8'), ('XDG_SESSION_TYPE', 'wayland'), ('STM32CubeMX_PATH', '/home/altair/STM32CubeMX'), ('SHLVL', '2'), ('LD_LIBRARY_PATH', '/usr/local/lib:/usr/lib/x86_64-linux-gnu/gazebo-11/plugins:/opt/ros/humble/opt/rviz_ogre_vendor/lib:/opt/ros/humble/lib/x86_64-linux-gnu:/opt/ros/humble/lib'), ('HOME', '/home/altair'), ('OLDPWD', '/home/altair'), ('TERM_PROGRAM_VERSION', '20240203-110809-5046fc22'), ('DESKTOP_SESSION', 'ubuntu'), ('GIO_LAUNCHED_DESKTOP_FILE', '/usr/share/applications/org.wezfurlong.wezterm.desktop'), ('ROS_PYTHON_VERSION', '3'), ('GNOME_SHELL_SESSION_MODE', 'ubuntu'), ('GTK_MODULES', 'gail:atk-bridge'), ('LC_MONETARY', 'ja_JP.UTF-8'), ('MANAGERPID', '1085'), ('SYSTEMD_EXEC_PID', '1322'), ('DBUS_SESSION_BUS_ADDRESS', 'unix:path=/run/user/1000/bus'), ('COLORTERM', 'truecolor'), ('GIO_LAUNCHED_DESKTOP_FILE_PID', '2439'), ('WEZTERM_EXECUTABLE', '/usr/bin/wezterm-gui'), ('IM_CONFIG_PHASE', '1'), ('WAYLAND_DISPLAY', 'wayland-0'), ('ROS_DISTRO', 'humble'), ('LOGNAME', 'altair'), ('JOURNAL_STREAM', '8:1917'), ('_', '/usr/bin/colcon'), ('ROS_VERSION', '2'), ('XDG_SESSION_CLASS', 'user'), ('USERNAME', 'altair'), ('TERM', 'xterm-256color'), ('GNOME_DESKTOP_SESSION_ID', 'this-is-deprecated'), ('WEZTERM_CONFIG_FILE', '/home/altair/.wezterm.lua'), ('ROS_LOCALHOST_ONLY', '0'), ('WEZTERM_EXECUTABLE_DIR', '/usr/bin'), ('PATH', '/home/altair/.local/bin:/home/altair/spresenseenv/usr/bin:/opt/ros/humble/bin:/home/altair/.local/bin:/home/altair/.local/bin:/home/altair/bin:/usr/local/sbin:/usr/local/bin:/usr/sbin:/usr/bin:/sbin:/bin:/usr/games:/usr/local/games:/snap/bin:/snap/bin:/home/altair/bin:/home/altair/bin'), ('SESSION_MANAGER', 'local/altair-ThinkPad-L380:@/tmp/.ICE-unix/1272,unix/altair-ThinkPad-L380:/tmp/.ICE-unix/1272'), ('INVOCATION_ID', '72e2abd6bbc74719b93804593a356401'), ('PAPERSIZE', 'a4'), ('XDG_MENU_PREFIX', 'gnome-'), ('LC_ADDRESS', 'ja_JP.UTF-8'), ('GNOME_SETUP_DISPLAY', ':1'), ('XDG_RUNTIME_DIR', '/run/user/1000'), ('DISPLAY', ':0'), ('LANG', 'ja_JP.UTF-8'), ('XDG_CURRENT_DESKTOP', 'ubuntu:GNOME'), ('LC_TELEPHONE', 'ja_JP.UTF-8'), ('XMODIFIERS', '@im=ibus'), ('XDG_SESSION_DESKTOP', 'ubuntu'), ('XAUTHORITY', '/run/user/1000/.mutter-Xwaylandauth.YPJIT3'), ('LS_COLORS', 'rs=0:di=01;34:ln=01;36:mh=00:pi=40;33:so=01;35:do=01;35:bd=40;33;01:cd=40;33;01:or=40;31;01:mi=00:su=37;41:sg=30;43:ca=30;41:tw=30;42:ow=34;42:st=37;44:ex=01;32:*.tar=01;31:*.tgz=01;31:*.arc=01;31:*.arj=01;31:*.taz=01;31:*.lha=01;31:*.lz4=01;31:*.lzh=01;31:*.lzma=01;31:*.tlz=01;31:*.txz=01;31:*.tzo=01;31:*.t7z=01;31:*.zip=01;31:*.z=01;31:*.dz=01;31:*.gz=01;31:*.lrz=01;31:*.lz=01;31:*.lzo=01;31:*.xz=01;31:*.zst=01;31:*.tzst=01;31:*.bz2=01;31:*.bz=01;31:*.tbz=01;31:*.tbz2=01;31:*.tz=01;31:*.deb=01;31:*.rpm=01;31:*.jar=01;31:*.war=01;31:*.ear=01;31:*.sar=01;31:*.rar=01;31:*.alz=01;31:*.ace=01;31:*.zoo=01;31:*.cpio=01;31:*.7z=01;31:*.rz=01;31:*.cab=01;31:*.wim=01;31:*.swm=01;31:*.dwm=01;31:*.esd=01;31:*.jpg=01;35:*.jpeg=01;35:*.mjpg=01;35:*.mjpeg=01;35:*.gif=01;35:*.bmp=01;35:*.pbm=01;35:*.pgm=01;35:*.ppm=01;35:*.tga=01;35:*.xbm=01;35:*.xpm=01;35:*.tif=01;35:*.tiff=01;35:*.png=01;35:*.svg=01;35:*.svgz=01;35:*.mng=01;35:*.pcx=01;35:*.mov=01;35:*.mpg=01;35:*.mpeg=01;35:*.m2v=01;35:*.mkv=01;35:*.webm=01;35:*.webp=01;35:*.ogm=01;35:*.mp4=01;35:*.m4v=01;35:*.mp4v=01;35:*.vob=01;35:*.qt=01;35:*.nuv=01;35:*.wmv=01;35:*.asf=01;35:*.rm=01;35:*.rmvb=01;35:*.flc=01;35:*.avi=01;35:*.fli=01;35:*.flv=01;35:*.gl=01;35:*.dl=01;35:*.xcf=01;35:*.xwd=01;35:*.yuv=01;35:*.cgm=01;35:*.emf=01;35:*.ogv=01;35:*.ogx=01;35:*.aac=00;36:*.au=00;36:*.flac=00;36:*.m4a=00;36:*.mid=00;36:*.midi=00;36:*.mka=00;36:*.mp3=00;36:*.mpc=00;36:*.ogg=00;36:*.ra=00;36:*.wav=00;36:*.oga=00;36:*.opus=00;36:*.spx=00;36:*.xspf=00;36:'), ('TERM_PROGRAM', 'WezTerm'), ('SSH_AGENT_LAUNCHER', 'gnome-keyring'), ('SSH_AUTH_SOCK', '/run/user/1000/keyring/ssh'), ('ROS_DOMAIN_ID', '0'), ('AMENT_PREFIX_PATH', '/opt/ros/humble'), ('SHELL', '/bin/bash'), ('LC_NAME', 'ja_JP.UTF-8'), ('QT_ACCESSIBILITY', '1'), ('GDMSESSION', 'ubuntu'), ('LESSCLOSE', '/usr/bin/lesspipe %s %s'), ('LC_MEASUREMENT', 'ja_JP.UTF-8'), ('GJS_DEBUG_OUTPUT', 'stderr'), ('LC_IDENTIFICATION', 'ja_JP.UTF-8'), ('WEZTERM_CONFIG_DIR', '/home/altair'), ('QT_IM_MODULE', 'ibus'), ('PWD', '/home/altair/Person_Tracking_Roboware/build/can_msgs'), ('LC_ALL', 'en_US.UTF-8'), ('XDG_CONFIG_DIRS', '/etc/xdg/xdg-ubuntu:/etc/xdg'), ('XDG_DATA_DIRS', '/usr/share/ubuntu:/usr/local/share/:/usr/share/:/var/lib/snapd/desktop'), ('WEZTERM_UNIX_SOCKET', '/run/user/1000/wezterm/gui-sock-2439'), ('PYTHONPATH', '/opt/ros/humble/lib/python3.10/site-packages:/opt/ros/humble/local/lib/python3.10/dist-packages'), ('LC_NUMERIC', 'ja_JP.UTF-8'), ('LC_PAPER', 'ja_JP.UTF-8'), ('WEZTERM_PANE', '0'), ('COLCON', '1'), ('CMAKE_PREFIX_PATH', '/opt/ros/humble')]), 'shell': False}
[7.404205] (can_msgs) StdoutLine: {'line': b'-- Install configuration: ""\n'}
[7.405813] (can_msgs) StdoutLine: {'line': b'-- Installing: /home/altair/Person_Tracking_Roboware/install/can_msgs/share/ament_index/resource_index/rosidl_interfaces/can_msgs\n'}
[7.408326] (can_msgs) StdoutLine: {'line': b'-- Installing: /home/altair/Person_Tracking_Roboware/install/can_msgs/include/can_msgs/can_msgs\n'}
[7.408732] (can_msgs) StdoutLine: {'line': b'-- Installing: /home/altair/Person_Tracking_Roboware/install/can_msgs/include/can_msgs/can_msgs/msg\n'}
[7.409084] (can_msgs) StdoutLine: {'line': b'-- Installing: /home/altair/Person_Tracking_Roboware/install/can_msgs/include/can_msgs/can_msgs/msg/frame.h\n'}
[7.409427] (can_msgs) StdoutLine: {'line': b'-- Installing: /home/altair/Person_Tracking_Roboware/install/can_msgs/include/can_msgs/can_msgs/msg/rosidl_generator_c__visibility_control.h\n'}
[7.409756] (can_msgs) StdoutLine: {'line': b'-- Installing: /home/altair/Person_Tracking_Roboware/install/can_msgs/include/can_msgs/can_msgs/msg/detail\n'}
[7.410115] (can_msgs) StdoutLine: {'line': b'-- Installing: /home/altair/Person_Tracking_Roboware/install/can_msgs/include/can_msgs/can_msgs/msg/detail/frame__functions.h\n'}
[7.410428] (can_msgs) StdoutLine: {'line': b'-- Installing: /home/altair/Person_Tracking_Roboware/install/can_msgs/include/can_msgs/can_msgs/msg/detail/frame__struct.h\n'}
[7.410835] (can_msgs) StdoutLine: {'line': b'-- Installing: /home/altair/Person_Tracking_Roboware/install/can_msgs/include/can_msgs/can_msgs/msg/detail/frame__functions.c\n'}
[7.411878] (can_msgs) StdoutLine: {'line': b'-- Installing: /home/altair/Person_Tracking_Roboware/install/can_msgs/include/can_msgs/can_msgs/msg/detail/frame__type_support.h\n'}
[7.412552] (can_msgs) StdoutLine: {'line': b'-- Installing: /home/altair/Person_Tracking_Roboware/install/can_msgs/share/can_msgs/environment/library_path.sh\n'}
[7.413846] (can_msgs) StdoutLine: {'line': b'-- Installing: /home/altair/Person_Tracking_Roboware/install/can_msgs/share/can_msgs/environment/library_path.dsv\n'}
[7.416155] (can_msgs) StdoutLine: {'line': b'-- Installing: /home/altair/Person_Tracking_Roboware/install/can_msgs/lib/libcan_msgs__rosidl_generator_c.so\n'}
[7.416388] (can_msgs) StdoutLine: {'line': b'-- Set runtime path of "/home/altair/Person_Tracking_Roboware/install/can_msgs/lib/libcan_msgs__rosidl_generator_c.so" to ""\n'}
[7.416577] (can_msgs) StdoutLine: {'line': b'-- Up-to-date: /home/altair/Person_Tracking_Roboware/install/can_msgs/include/can_msgs/can_msgs\n'}
[7.416713] (can_msgs) StdoutLine: {'line': b'-- Up-to-date: /home/altair/Person_Tracking_Roboware/install/can_msgs/include/can_msgs/can_msgs/msg\n'}
[7.420062] (can_msgs) StdoutLine: {'line': b'-- Installing: /home/altair/Person_Tracking_Roboware/install/can_msgs/include/can_msgs/can_msgs/msg/rosidl_typesupport_fastrtps_c__visibility_control.h\n'}
[7.420332] (can_msgs) StdoutLine: {'line': b'-- Up-to-date: /home/altair/Person_Tracking_Roboware/install/can_msgs/include/can_msgs/can_msgs/msg/detail\n'}
[7.420477] (can_msgs) StdoutLine: {'line': b'-- Installing: /home/altair/Person_Tracking_Roboware/install/can_msgs/include/can_msgs/can_msgs/msg/detail/frame__rosidl_typesupport_fastrtps_c.h\n'}
[7.420623] (can_msgs) StdoutLine: {'line': b'-- Installing: /home/altair/Person_Tracking_Roboware/install/can_msgs/lib/libcan_msgs__rosidl_typesupport_fastrtps_c.so\n'}
[7.420754] (can_msgs) StdoutLine: {'line': b'-- Set runtime path of "/home/altair/Person_Tracking_Roboware/install/can_msgs/lib/libcan_msgs__rosidl_typesupport_fastrtps_c.so" to ""\n'}
[7.420883] (can_msgs) StdoutLine: {'line': b'-- Up-to-date: /home/altair/Person_Tracking_Roboware/install/can_msgs/include/can_msgs/can_msgs\n'}
[7.421035] (can_msgs) StdoutLine: {'line': b'-- Up-to-date: /home/altair/Person_Tracking_Roboware/install/can_msgs/include/can_msgs/can_msgs/msg\n'}
[7.421268] (can_msgs) StdoutLine: {'line': b'-- Up-to-date: /home/altair/Person_Tracking_Roboware/install/can_msgs/include/can_msgs/can_msgs/msg/detail\n'}
[7.421391] (can_msgs) StdoutLine: {'line': b'-- Installing: /home/altair/Person_Tracking_Roboware/install/can_msgs/include/can_msgs/can_msgs/msg/detail/frame__rosidl_typesupport_introspection_c.h\n'}
[7.421536] (can_msgs) StdoutLine: {'line': b'-- Installing: /home/altair/Person_Tracking_Roboware/install/can_msgs/include/can_msgs/can_msgs/msg/detail/frame__type_support.c\n'}
[7.421652] (can_msgs) StdoutLine: {'line': b'-- Installing: /home/altair/Person_Tracking_Roboware/install/can_msgs/include/can_msgs/can_msgs/msg/rosidl_typesupport_introspection_c__visibility_control.h\n'}
[7.421866] (can_msgs) StdoutLine: {'line': b'-- Installing: /home/altair/Person_Tracking_Roboware/install/can_msgs/lib/libcan_msgs__rosidl_typesupport_introspection_c.so\n'}
[7.423315] (can_msgs) StdoutLine: {'line': b'-- Set runtime path of "/home/altair/Person_Tracking_Roboware/install/can_msgs/lib/libcan_msgs__rosidl_typesupport_introspection_c.so" to ""\n'}
[7.423686] (can_msgs) StdoutLine: {'line': b'-- Installing: /home/altair/Person_Tracking_Roboware/install/can_msgs/lib/libcan_msgs__rosidl_typesupport_c.so\n'}
[7.425006] (can_msgs) StdoutLine: {'line': b'-- Set runtime path of "/home/altair/Person_Tracking_Roboware/install/can_msgs/lib/libcan_msgs__rosidl_typesupport_c.so" to ""\n'}
[7.425305] (can_msgs) StdoutLine: {'line': b'-- Up-to-date: /home/altair/Person_Tracking_Roboware/install/can_msgs/include/can_msgs/can_msgs\n'}
[7.425651] (can_msgs) StdoutLine: {'line': b'-- Up-to-date: /home/altair/Person_Tracking_Roboware/install/can_msgs/include/can_msgs/can_msgs/msg\n'}
[7.427207] (can_msgs) StdoutLine: {'line': b'-- Up-to-date: /home/altair/Person_Tracking_Roboware/install/can_msgs/include/can_msgs/can_msgs/msg/detail\n'}
[7.427568] (can_msgs) StdoutLine: {'line': b'-- Installing: /home/altair/Person_Tracking_Roboware/install/can_msgs/include/can_msgs/can_msgs/msg/detail/frame__type_support.hpp\n'}
[7.427861] (can_msgs) StdoutLine: {'line': b'-- Installing: /home/altair/Person_Tracking_Roboware/install/can_msgs/include/can_msgs/can_msgs/msg/detail/frame__traits.hpp\n'}
[7.428369] (can_msgs) StdoutLine: {'line': b'-- Installing: /home/altair/Person_Tracking_Roboware/install/can_msgs/include/can_msgs/can_msgs/msg/detail/frame__builder.hpp\n'}
[7.428672] (can_msgs) StdoutLine: {'line': b'-- Installing: /home/altair/Person_Tracking_Roboware/install/can_msgs/include/can_msgs/can_msgs/msg/detail/frame__struct.hpp\n'}
[7.428842] (can_msgs) StdoutLine: {'line': b'-- Installing: /home/altair/Person_Tracking_Roboware/install/can_msgs/include/can_msgs/can_msgs/msg/rosidl_generator_cpp__visibility_control.hpp\n'}
[7.429032] (can_msgs) StdoutLine: {'line': b'-- Installing: /home/altair/Person_Tracking_Roboware/install/can_msgs/include/can_msgs/can_msgs/msg/frame.hpp\n'}
[7.432255] (can_msgs) StdoutLine: {'line': b'-- Up-to-date: /home/altair/Person_Tracking_Roboware/install/can_msgs/include/can_msgs/can_msgs\n'}
[7.432409] (can_msgs) StdoutLine: {'line': b'-- Up-to-date: /home/altair/Person_Tracking_Roboware/install/can_msgs/include/can_msgs/can_msgs/msg\n'}
[7.432536] (can_msgs) StdoutLine: {'line': b'-- Installing: /home/altair/Person_Tracking_Roboware/install/can_msgs/include/can_msgs/can_msgs/msg/rosidl_typesupport_fastrtps_cpp__visibility_control.h\n'}
[7.432673] (can_msgs) StdoutLine: {'line': b'-- Up-to-date: /home/altair/Person_Tracking_Roboware/install/can_msgs/include/can_msgs/can_msgs/msg/detail\n'}
[7.432796] (can_msgs) StdoutLine: {'line': b'-- Installing: /home/altair/Person_Tracking_Roboware/install/can_msgs/include/can_msgs/can_msgs/msg/detail/frame__rosidl_typesupport_fastrtps_cpp.hpp\n'}
[7.432943] (can_msgs) StdoutLine: {'line': b'-- Installing: /home/altair/Person_Tracking_Roboware/install/can_msgs/include/can_msgs/can_msgs/msg/detail/dds_fastrtps\n'}
[7.433109] (can_msgs) StdoutLine: {'line': b'-- Installing: /home/altair/Person_Tracking_Roboware/install/can_msgs/lib/libcan_msgs__rosidl_typesupport_fastrtps_cpp.so\n'}
[7.433242] (can_msgs) StdoutLine: {'line': b'-- Set runtime path of "/home/altair/Person_Tracking_Roboware/install/can_msgs/lib/libcan_msgs__rosidl_typesupport_fastrtps_cpp.so" to ""\n'}
[7.433370] (can_msgs) StdoutLine: {'line': b'-- Up-to-date: /home/altair/Person_Tracking_Roboware/install/can_msgs/include/can_msgs/can_msgs\n'}
[7.433493] (can_msgs) StdoutLine: {'line': b'-- Up-to-date: /home/altair/Person_Tracking_Roboware/install/can_msgs/include/can_msgs/can_msgs/msg\n'}
[7.433614] (can_msgs) StdoutLine: {'line': b'-- Up-to-date: /home/altair/Person_Tracking_Roboware/install/can_msgs/include/can_msgs/can_msgs/msg/detail\n'}
[7.433740] (can_msgs) StdoutLine: {'line': b'-- Installing: /home/altair/Person_Tracking_Roboware/install/can_msgs/include/can_msgs/can_msgs/msg/detail/frame__rosidl_typesupport_introspection_cpp.hpp\n'}
[7.433875] (can_msgs) StdoutLine: {'line': b'-- Installing: /home/altair/Person_Tracking_Roboware/install/can_msgs/include/can_msgs/can_msgs/msg/detail/frame__type_support.cpp\n'}
[7.434018] (can_msgs) StdoutLine: {'line': b'-- Installing: /home/altair/Person_Tracking_Roboware/install/can_msgs/lib/libcan_msgs__rosidl_typesupport_introspection_cpp.so\n'}
[7.434163] (can_msgs) StdoutLine: {'line': b'-- Set runtime path of "/home/altair/Person_Tracking_Roboware/install/can_msgs/lib/libcan_msgs__rosidl_typesupport_introspection_cpp.so" to ""\n'}
[7.434291] (can_msgs) StdoutLine: {'line': b'-- Installing: /home/altair/Person_Tracking_Roboware/install/can_msgs/lib/libcan_msgs__rosidl_typesupport_cpp.so\n'}
[7.434968] (can_msgs) StdoutLine: {'line': b'-- Set runtime path of "/home/altair/Person_Tracking_Roboware/install/can_msgs/lib/libcan_msgs__rosidl_typesupport_cpp.so" to ""\n'}
[7.435282] (can_msgs) StdoutLine: {'line': b'-- Installing: /home/altair/Person_Tracking_Roboware/install/can_msgs/share/can_msgs/environment/pythonpath.sh\n'}
[7.438039] (can_msgs) StdoutLine: {'line': b'-- Installing: /home/altair/Person_Tracking_Roboware/install/can_msgs/share/can_msgs/environment/pythonpath.dsv\n'}
[7.438273] (can_msgs) StdoutLine: {'line': b'-- Installing: /home/altair/Person_Tracking_Roboware/install/can_msgs/local/lib/python3.10/dist-packages/can_msgs-2.0.0-py3.10.egg-info\n'}
[7.438412] (can_msgs) StdoutLine: {'line': b'-- Installing: /home/altair/Person_Tracking_Roboware/install/can_msgs/local/lib/python3.10/dist-packages/can_msgs-2.0.0-py3.10.egg-info/dependency_links.txt\n'}
[7.438539] (can_msgs) StdoutLine: {'line': b'-- Installing: /home/altair/Person_Tracking_Roboware/install/can_msgs/local/lib/python3.10/dist-packages/can_msgs-2.0.0-py3.10.egg-info/PKG-INFO\n'}
[7.438947] (can_msgs) StdoutLine: {'line': b'-- Installing: /home/altair/Person_Tracking_Roboware/install/can_msgs/local/lib/python3.10/dist-packages/can_msgs-2.0.0-py3.10.egg-info/top_level.txt\n'}
[7.439580] (can_msgs) StdoutLine: {'line': b'-- Installing: /home/altair/Person_Tracking_Roboware/install/can_msgs/local/lib/python3.10/dist-packages/can_msgs-2.0.0-py3.10.egg-info/SOURCES.txt\n'}
[7.440325] (can_msgs) StdoutLine: {'line': b'-- Installing: /home/altair/Person_Tracking_Roboware/install/can_msgs/local/lib/python3.10/dist-packages/can_msgs\n'}
[7.440692] (can_msgs) StdoutLine: {'line': b'-- Installing: /home/altair/Person_Tracking_Roboware/install/can_msgs/local/lib/python3.10/dist-packages/can_msgs/can_msgs_s__rosidl_typesupport_c.cpython-310-x86_64-linux-gnu.so\n'}
[7.441281] (can_msgs) StdoutLine: {'line': b'-- Installing: /home/altair/Person_Tracking_Roboware/install/can_msgs/local/lib/python3.10/dist-packages/can_msgs/_can_msgs_s.ep.rosidl_typesupport_fastrtps_c.c\n'}
[7.447419] (can_msgs) StdoutLine: {'line': b'-- Installing: /home/altair/Person_Tracking_Roboware/install/can_msgs/local/lib/python3.10/dist-packages/can_msgs/msg\n'}
[7.450035] (can_msgs) StdoutLine: {'line': b'-- Installing: /home/altair/Person_Tracking_Roboware/install/can_msgs/local/lib/python3.10/dist-packages/can_msgs/msg/_frame_s.c\n'}
[7.450252] (can_msgs) StdoutLine: {'line': b'-- Installing: /home/altair/Person_Tracking_Roboware/install/can_msgs/local/lib/python3.10/dist-packages/can_msgs/msg/_frame.py\n'}
[7.450385] (can_msgs) StdoutLine: {'line': b'-- Installing: /home/altair/Person_Tracking_Roboware/install/can_msgs/local/lib/python3.10/dist-packages/can_msgs/msg/__init__.py\n'}
[7.450543] (can_msgs) StdoutLine: {'line': b'-- Installing: /home/altair/Person_Tracking_Roboware/install/can_msgs/local/lib/python3.10/dist-packages/can_msgs/__init__.py\n'}
[7.450722] (can_msgs) StdoutLine: {'line': b'-- Installing: /home/altair/Person_Tracking_Roboware/install/can_msgs/local/lib/python3.10/dist-packages/can_msgs/can_msgs_s__rosidl_typesupport_introspection_c.cpython-310-x86_64-linux-gnu.so\n'}
[7.450854] (can_msgs) StdoutLine: {'line': b'-- Installing: /home/altair/Person_Tracking_Roboware/install/can_msgs/local/lib/python3.10/dist-packages/can_msgs/libcan_msgs__rosidl_generator_py.so\n'}
[7.451536] (can_msgs) StdoutLine: {'line': b'-- Installing: /home/altair/Person_Tracking_Roboware/install/can_msgs/local/lib/python3.10/dist-packages/can_msgs/_can_msgs_s.ep.rosidl_typesupport_introspection_c.c\n'}
[7.452141] (can_msgs) StdoutLine: {'line': b'-- Installing: /home/altair/Person_Tracking_Roboware/install/can_msgs/local/lib/python3.10/dist-packages/can_msgs/_can_msgs_s.ep.rosidl_typesupport_c.c\n'}
[7.452860] (can_msgs) StdoutLine: {'line': b'-- Installing: /home/altair/Person_Tracking_Roboware/install/can_msgs/local/lib/python3.10/dist-packages/can_msgs/can_msgs_s__rosidl_typesupport_fastrtps_c.cpython-310-x86_64-linux-gnu.so\n'}
[7.468159] (-) TimerEvent: {}
[7.501083] (altair_interfaces) StdoutLine: {'line': b'[ 20%] \x1b[32mBuilding CXX object CMakeFiles/altair_interfaces__rosidl_typesupport_cpp.dir/rosidl_typesupport_cpp/altair_interfaces/msg/mdd_command__type_support.cpp.o\x1b[0m\n'}
[7.502699] (altair_interfaces) StdoutLine: {'line': b'[ 21%] \x1b[32mBuilding CXX object CMakeFiles/altair_interfaces__rosidl_typesupport_cpp.dir/rosidl_typesupport_cpp/altair_interfaces/msg/can_status__type_support.cpp.o\x1b[0m\n'}
[7.503009] (altair_interfaces) StdoutLine: {'line': b'[ 22%] \x1b[32mBuilding CXX object CMakeFiles/altair_interfaces__rosidl_typesupport_cpp.dir/rosidl_typesupport_cpp/altair_interfaces/msg/mdd_feedback__type_support.cpp.o\x1b[0m\n'}
[7.569048] (-) TimerEvent: {}
[7.613053] (can_msgs) StdoutLine: {'line': b"Listing '/home/altair/Person_Tracking_Roboware/install/can_msgs/local/lib/python3.10/dist-packages/can_msgs'...\n"}
[7.613322] (can_msgs) StdoutLine: {'line': b"Compiling '/home/altair/Person_Tracking_Roboware/install/can_msgs/local/lib/python3.10/dist-packages/can_msgs/__init__.py'...\n"}
[7.613460] (can_msgs) StdoutLine: {'line': b"Listing '/home/altair/Person_Tracking_Roboware/install/can_msgs/local/lib/python3.10/dist-packages/can_msgs/msg'...\n"}
[7.613583] (can_msgs) StdoutLine: {'line': b"Compiling '/home/altair/Person_Tracking_Roboware/install/can_msgs/local/lib/python3.10/dist-packages/can_msgs/msg/__init__.py'...\n"}
[7.613704] (can_msgs) StdoutLine: {'line': b"Compiling '/home/altair/Person_Tracking_Roboware/install/can_msgs/local/lib/python3.10/dist-packages/can_msgs/msg/_frame.py'...\n"}
[7.636117] (can_msgs) StdoutLine: {'line': b'-- Installing: /home/altair/Person_Tracking_Roboware/install/can_msgs/local/lib/python3.10/dist-packages/can_msgs/can_msgs_s__rosidl_typesupport_fastrtps_c.cpython-310-x86_64-linux-gnu.so\n'}
[7.636915] (can_msgs) StdoutLine: {'line': b'-- Set runtime path of "/home/altair/Person_Tracking_Roboware/install/can_msgs/local/lib/python3.10/dist-packages/can_msgs/can_msgs_s__rosidl_typesupport_fastrtps_c.cpython-310-x86_64-linux-gnu.so" to ""\n'}
[7.639377] (can_msgs) StdoutLine: {'line': b'-- Installing: /home/altair/Person_Tracking_Roboware/install/can_msgs/local/lib/python3.10/dist-packages/can_msgs/can_msgs_s__rosidl_typesupport_introspection_c.cpython-310-x86_64-linux-gnu.so\n'}
[7.639688] (can_msgs) StdoutLine: {'line': b'-- Set runtime path of "/home/altair/Person_Tracking_Roboware/install/can_msgs/local/lib/python3.10/dist-packages/can_msgs/can_msgs_s__rosidl_typesupport_introspection_c.cpython-310-x86_64-linux-gnu.so" to ""\n'}
[7.640101] (can_msgs) StdoutLine: {'line': b'-- Installing: /home/altair/Person_Tracking_Roboware/install/can_msgs/local/lib/python3.10/dist-packages/can_msgs/can_msgs_s__rosidl_typesupport_c.cpython-310-x86_64-linux-gnu.so\n'}
[7.640925] (can_msgs) StdoutLine: {'line': b'-- Set runtime path of "/home/altair/Person_Tracking_Roboware/install/can_msgs/local/lib/python3.10/dist-packages/can_msgs/can_msgs_s__rosidl_typesupport_c.cpython-310-x86_64-linux-gnu.so" to ""\n'}
[7.641551] (can_msgs) StdoutLine: {'line': b'-- Installing: /home/altair/Person_Tracking_Roboware/install/can_msgs/lib/libcan_msgs__rosidl_generator_py.so\n'}
[7.645195] (can_msgs) StdoutLine: {'line': b'-- Set runtime path of "/home/altair/Person_Tracking_Roboware/install/can_msgs/lib/libcan_msgs__rosidl_generator_py.so" to ""\n'}
[7.645535] (can_msgs) StdoutLine: {'line': b'-- Installing: /home/altair/Person_Tracking_Roboware/install/can_msgs/share/ament_index/resource_index/rust_packages/can_msgs\n'}
[7.645862] (can_msgs) StdoutLine: {'line': b'-- Installing: /home/altair/Person_Tracking_Roboware/install/can_msgs/share/can_msgs/rust\n'}
[7.646629] (can_msgs) StdoutLine: {'line': b'-- Installing: /home/altair/Person_Tracking_Roboware/install/can_msgs/share/can_msgs/rust/Cargo.toml\n'}
[7.647561] (can_msgs) StdoutLine: {'line': b'-- Installing: /home/altair/Person_Tracking_Roboware/install/can_msgs/share/can_msgs/rust/src\n'}
[7.647932] (can_msgs) StdoutLine: {'line': b'-- Installing: /home/altair/Person_Tracking_Roboware/install/can_msgs/share/can_msgs/rust/src/msg\n'}
[7.649258] (can_msgs) StdoutLine: {'line': b'-- Installing: /home/altair/Person_Tracking_Roboware/install/can_msgs/share/can_msgs/rust/src/msg/rmw.rs\n'}
[7.649447] (can_msgs) StdoutLine: {'line': b'-- Installing: /home/altair/Person_Tracking_Roboware/install/can_msgs/share/can_msgs/rust/src/msg.rs\n'}
[7.649613] (can_msgs) StdoutLine: {'line': b'-- Installing: /home/altair/Person_Tracking_Roboware/install/can_msgs/share/can_msgs/rust/src/lib.rs\n'}
[7.649768] (can_msgs) StdoutLine: {'line': b'-- Installing: /home/altair/Person_Tracking_Roboware/install/can_msgs/share/can_msgs/rust/build.rs\n'}
[7.652850] (can_msgs) StdoutLine: {'line': b'-- Installing: /home/altair/Person_Tracking_Roboware/install/can_msgs/share/can_msgs/msg/Frame.idl\n'}
[7.653136] (can_msgs) StdoutLine: {'line': b'-- Installing: /home/altair/Person_Tracking_Roboware/install/can_msgs/share/can_msgs/msg/Frame.msg\n'}
[7.653316] (can_msgs) StdoutLine: {'line': b'-- Installing: /home/altair/Person_Tracking_Roboware/install/can_msgs/share/ament_index/resource_index/package_run_dependencies/can_msgs\n'}
[7.653571] (can_msgs) StdoutLine: {'line': b'-- Installing: /home/altair/Person_Tracking_Roboware/install/can_msgs/share/ament_index/resource_index/parent_prefix_path/can_msgs\n'}
[7.653745] (can_msgs) StdoutLine: {'line': b'-- Installing: /home/altair/Person_Tracking_Roboware/install/can_msgs/share/can_msgs/environment/ament_prefix_path.sh\n'}
[7.654008] (can_msgs) StdoutLine: {'line': b'-- Installing: /home/altair/Person_Tracking_Roboware/install/can_msgs/share/can_msgs/environment/ament_prefix_path.dsv\n'}
[7.654659] (can_msgs) StdoutLine: {'line': b'-- Installing: /home/altair/Person_Tracking_Roboware/install/can_msgs/share/can_msgs/environment/path.sh\n'}
[7.655051] (can_msgs) StdoutLine: {'line': b'-- Installing: /home/altair/Person_Tracking_Roboware/install/can_msgs/share/can_msgs/environment/path.dsv\n'}
[7.655813] (can_msgs) StdoutLine: {'line': b'-- Installing: /home/altair/Person_Tracking_Roboware/install/can_msgs/share/can_msgs/local_setup.bash\n'}
[7.656034] (can_msgs) StdoutLine: {'line': b'-- Installing: /home/altair/Person_Tracking_Roboware/install/can_msgs/share/can_msgs/local_setup.sh\n'}
[7.657049] (can_msgs) StdoutLine: {'line': b'-- Installing: /home/altair/Person_Tracking_Roboware/install/can_msgs/share/can_msgs/local_setup.zsh\n'}
[7.657275] (can_msgs) StdoutLine: {'line': b'-- Installing: /home/altair/Person_Tracking_Roboware/install/can_msgs/share/can_msgs/local_setup.dsv\n'}
[7.657832] (can_msgs) StdoutLine: {'line': b'-- Installing: /home/altair/Person_Tracking_Roboware/install/can_msgs/share/can_msgs/package.dsv\n'}
[7.661314] (can_msgs) StdoutLine: {'line': b'-- Installing: /home/altair/Person_Tracking_Roboware/install/can_msgs/share/ament_index/resource_index/packages/can_msgs\n'}
[7.661486] (can_msgs) StdoutLine: {'line': b'-- Installing: /home/altair/Person_Tracking_Roboware/install/can_msgs/share/can_msgs/cmake/export_can_msgs__rosidl_generator_cExport.cmake\n'}
[7.661638] (can_msgs) StdoutLine: {'line': b'-- Installing: /home/altair/Person_Tracking_Roboware/install/can_msgs/share/can_msgs/cmake/export_can_msgs__rosidl_generator_cExport-noconfig.cmake\n'}
[7.661778] (can_msgs) StdoutLine: {'line': b'-- Installing: /home/altair/Person_Tracking_Roboware/install/can_msgs/share/can_msgs/cmake/export_can_msgs__rosidl_typesupport_fastrtps_cExport.cmake\n'}
[7.662373] (can_msgs) StdoutLine: {'line': b'-- Installing: /home/altair/Person_Tracking_Roboware/install/can_msgs/share/can_msgs/cmake/export_can_msgs__rosidl_typesupport_fastrtps_cExport-noconfig.cmake\n'}
[7.664440] (can_msgs) StdoutLine: {'line': b'-- Installing: /home/altair/Person_Tracking_Roboware/install/can_msgs/share/can_msgs/cmake/can_msgs__rosidl_typesupport_introspection_cExport.cmake\n'}
[7.665416] (can_msgs) StdoutLine: {'line': b'-- Installing: /home/altair/Person_Tracking_Roboware/install/can_msgs/share/can_msgs/cmake/can_msgs__rosidl_typesupport_introspection_cExport-noconfig.cmake\n'}
[7.667956] (can_msgs) StdoutLine: {'line': b'-- Installing: /home/altair/Person_Tracking_Roboware/install/can_msgs/share/can_msgs/cmake/can_msgs__rosidl_typesupport_cExport.cmake\n'}
[7.668801] (can_msgs) StdoutLine: {'line': b'-- Installing: /home/altair/Person_Tracking_Roboware/install/can_msgs/share/can_msgs/cmake/can_msgs__rosidl_typesupport_cExport-noconfig.cmake\n'}
[7.669130] (-) TimerEvent: {}
[7.670337] (can_msgs) StdoutLine: {'line': b'-- Installing: /home/altair/Person_Tracking_Roboware/install/can_msgs/share/can_msgs/cmake/export_can_msgs__rosidl_generator_cppExport.cmake\n'}
[7.670620] (can_msgs) StdoutLine: {'line': b'-- Installing: /home/altair/Person_Tracking_Roboware/install/can_msgs/share/can_msgs/cmake/export_can_msgs__rosidl_typesupport_fastrtps_cppExport.cmake\n'}
[7.672863] (can_msgs) StdoutLine: {'line': b'-- Installing: /home/altair/Person_Tracking_Roboware/install/can_msgs/share/can_msgs/cmake/export_can_msgs__rosidl_typesupport_fastrtps_cppExport-noconfig.cmake\n'}
[7.673854] (can_msgs) StdoutLine: {'line': b'-- Installing: /home/altair/Person_Tracking_Roboware/install/can_msgs/share/can_msgs/cmake/can_msgs__rosidl_typesupport_introspection_cppExport.cmake\n'}
[7.674501] (can_msgs) StdoutLine: {'line': b'-- Installing: /home/altair/Person_Tracking_Roboware/install/can_msgs/share/can_msgs/cmake/can_msgs__rosidl_typesupport_introspection_cppExport-noconfig.cmake\n'}
[7.674729] (can_msgs) StdoutLine: {'line': b'-- Installing: /home/altair/Person_Tracking_Roboware/install/can_msgs/share/can_msgs/cmake/can_msgs__rosidl_typesupport_cppExport.cmake\n'}
[7.675642] (can_msgs) StdoutLine: {'line': b'-- Installing: /home/altair/Person_Tracking_Roboware/install/can_msgs/share/can_msgs/cmake/can_msgs__rosidl_typesupport_cppExport-noconfig.cmake\n'}
[7.677100] (can_msgs) StdoutLine: {'line': b'-- Installing: /home/altair/Person_Tracking_Roboware/install/can_msgs/share/can_msgs/cmake/export_can_msgs__rosidl_generator_pyExport.cmake\n'}
[7.677366] (can_msgs) StdoutLine: {'line': b'-- Installing: /home/altair/Person_Tracking_Roboware/install/can_msgs/share/can_msgs/cmake/export_can_msgs__rosidl_generator_pyExport-noconfig.cmake\n'}
[7.677532] (can_msgs) StdoutLine: {'line': b'-- Installing: /home/altair/Person_Tracking_Roboware/install/can_msgs/share/can_msgs/cmake/rosidl_cmake-extras.cmake\n'}
[7.677689] (can_msgs) StdoutLine: {'line': b'-- Installing: /home/altair/Person_Tracking_Roboware/install/can_msgs/share/can_msgs/cmake/ament_cmake_export_dependencies-extras.cmake\n'}
[7.677903] (can_msgs) StdoutLine: {'line': b'-- Installing: /home/altair/Person_Tracking_Roboware/install/can_msgs/share/can_msgs/cmake/ament_cmake_export_include_directories-extras.cmake\n'}
[7.681516] (can_msgs) StdoutLine: {'line': b'-- Installing: /home/altair/Person_Tracking_Roboware/install/can_msgs/share/can_msgs/cmake/ament_cmake_export_libraries-extras.cmake\n'}
[7.682350] (can_msgs) StdoutLine: {'line': b'-- Installing: /home/altair/Person_Tracking_Roboware/install/can_msgs/share/can_msgs/cmake/ament_cmake_export_targets-extras.cmake\n'}
[7.683065] (can_msgs) StdoutLine: {'line': b'-- Installing: /home/altair/Person_Tracking_Roboware/install/can_msgs/share/can_msgs/cmake/rosidl_cmake_export_typesupport_targets-extras.cmake\n'}
[7.683784] (can_msgs) StdoutLine: {'line': b'-- Installing: /home/altair/Person_Tracking_Roboware/install/can_msgs/share/can_msgs/cmake/rosidl_cmake_export_typesupport_libraries-extras.cmake\n'}
[7.687871] (can_msgs) StdoutLine: {'line': b'-- Installing: /home/altair/Person_Tracking_Roboware/install/can_msgs/share/can_msgs/cmake/can_msgsConfig.cmake\n'}
[7.688187] (can_msgs) StdoutLine: {'line': b'-- Installing: /home/altair/Person_Tracking_Roboware/install/can_msgs/share/can_msgs/cmake/can_msgsConfig-version.cmake\n'}
[7.688424] (can_msgs) StdoutLine: {'line': b'-- Installing: /home/altair/Person_Tracking_Roboware/install/can_msgs/share/can_msgs/package.xml\n'}
[7.694072] (can_msgs) CommandEnded: {'returncode': 0}
[7.769235] (-) TimerEvent: {}
[7.806325] (can_msgs) JobEnded: {'identifier': 'can_msgs', 'rc': 0}
[7.870056] (-) TimerEvent: {}
[7.950141] (altair_interfaces) StdoutLine: {'line': b'[ 23%] \x1b[32mBuilding CXX object CMakeFiles/altair_interfaces__rosidl_typesupport_c.dir/rosidl_typesupport_c/altair_interfaces/msg/can_status__type_support.cpp.o\x1b[0m\n'}
[7.975071] (-) TimerEvent: {}
[7.998645] (altair_interfaces) StdoutLine: {'line': b'[ 25%] \x1b[32mBuilding CXX object CMakeFiles/altair_interfaces__rosidl_typesupport_c.dir/rosidl_typesupport_c/altair_interfaces/msg/mdd_feedback__type_support.cpp.o\x1b[0m\n'}
[8.035171] (altair_interfaces) StdoutLine: {'line': b'[ 26%] \x1b[32mBuilding CXX object CMakeFiles/altair_interfaces__rosidl_typesupport_introspection_cpp.dir/rosidl_typesupport_introspection_cpp/altair_interfaces/msg/detail/can_status__type_support.cpp.o\x1b[0m\n'}
[8.048949] (altair_interfaces) StdoutLine: {'line': b'[ 27%] \x1b[32mBuilding CXX object CMakeFiles/altair_interfaces__rosidl_typesupport_c.dir/rosidl_typesupport_c/altair_interfaces/msg/mdd_command__type_support.cpp.o\x1b[0m\n'}
[8.075173] (-) TimerEvent: {}
[8.111816] (altair_interfaces) StdoutLine: {'line': b'[ 28%] \x1b[32mBuilding CXX object CMakeFiles/altair_interfaces__rosidl_typesupport_c.dir/rosidl_typesupport_c/altair_interfaces/msg/servo_command__type_support.cpp.o\x1b[0m\n'}
[8.112360] (altair_interfaces) StdoutLine: {'line': b'[ 29%] \x1b[32mBuilding CXX object CMakeFiles/altair_interfaces__rosidl_typesupport_introspection_cpp.dir/rosidl_typesupport_introspection_cpp/altair_interfaces/msg/detail/mdd_feedback__type_support.cpp.o\x1b[0m\n'}
[8.158695] (altair_interfaces) StdoutLine: {'line': b'[ 30%] \x1b[32mBuilding CXX object CMakeFiles/altair_interfaces__rosidl_typesupport_introspection_cpp.dir/rosidl_typesupport_introspection_cpp/altair_interfaces/msg/detail/mdd_command__type_support.cpp.o\x1b[0m\n'}
[8.175279] (-) TimerEvent: {}
[8.206810] (altair_interfaces) StdoutLine: {'line': b'[ 31%] \x1b[32mBuilding CXX object CMakeFiles/altair_interfaces__rosidl_typesupport_c.dir/rosidl_typesupport_c/altair_interfaces/msg/solenoid_command__type_support.cpp.o\x1b[0m\n'}
[8.279069] (-) TimerEvent: {}
[8.287527] (altair_interfaces) StdoutLine: {'line': b'[ 32%] \x1b[32mBuilding CXX object CMakeFiles/altair_interfaces__rosidl_typesupport_cpp.dir/rosidl_typesupport_cpp/altair_interfaces/msg/servo_command__type_support.cpp.o\x1b[0m\n'}
[8.299646] (altair_interfaces) StdoutLine: {'line': b'[ 33%] \x1b[32mBuilding CXX object CMakeFiles/altair_interfaces__rosidl_typesupport_c.dir/rosidl_typesupport_c/altair_interfaces/srv/trigger_control__type_support.cpp.o\x1b[0m\n'}
[8.379184] (-) TimerEvent: {}
[8.407795] (altair_interfaces) StdoutLine: {'line': b'[ 34%] \x1b[32mBuilding CXX object CMakeFiles/altair_interfaces__rosidl_typesupport_c.dir/rosidl_typesupport_c/altair_interfaces/srv/get_available_ports__type_support.cpp.o\x1b[0m\n'}
[8.479336] (-) TimerEvent: {}
[8.498130] (altair_interfaces) StdoutLine: {'line': b'[ 35%] \x1b[32mBuilding CXX object CMakeFiles/altair_interfaces__rosidl_typesupport_c.dir/rosidl_typesupport_c/altair_interfaces/srv/connect_can__type_support.cpp.o\x1b[0m\n'}
[8.551721] (altair_interfaces) StdoutLine: {'line': b'[ 36%] \x1b[32mBuilding CXX object CMakeFiles/altair_interfaces__rosidl_typesupport_c.dir/rosidl_typesupport_c/altair_interfaces/srv/start_behavior__type_support.cpp.o\x1b[0m\n'}
[8.579435] (-) TimerEvent: {}
[8.592255] (altair_interfaces) StdoutLine: {'line': b'[ 37%] \x1b[32mBuilding CXX object CMakeFiles/altair_interfaces__rosidl_typesupport_fastrtps_cpp.dir/rosidl_typesupport_fastrtps_cpp/altair_interfaces/msg/detail/dds_fastrtps/can_status__type_support.cpp.o\x1b[0m\n'}
[8.595211] (altair_interfaces) StdoutLine: {'line': b'[ 38%] \x1b[32mBuilding C object CMakeFiles/altair_interfaces__rosidl_typesupport_introspection_c.dir/rosidl_typesupport_introspection_c/altair_interfaces/msg/detail/can_status__type_support.c.o\x1b[0m\n'}
[8.617819] (altair_interfaces) StdoutLine: {'line': b'[ 39%] \x1b[32m\x1b[1mLinking CXX shared library libaltair_interfaces__rosidl_typesupport_c.so\x1b[0m\n'}
[8.661158] (altair_interfaces) StdoutLine: {'line': b'[ 40%] \x1b[32mBuilding CXX object CMakeFiles/altair_interfaces__rosidl_typesupport_fastrtps_c.dir/rosidl_typesupport_fastrtps_c/altair_interfaces/msg/detail/can_status__type_support_c.cpp.o\x1b[0m\n'}
[8.672085] (altair_interfaces) StdoutLine: {'line': b'[ 41%] \x1b[32mBuilding C object CMakeFiles/altair_interfaces__rosidl_typesupport_introspection_c.dir/rosidl_typesupport_introspection_c/altair_interfaces/msg/detail/mdd_feedback__type_support.c.o\x1b[0m\n'}
[8.679571] (-) TimerEvent: {}
[8.688744] (altair_interfaces) StdoutLine: {'line': b'[ 41%] Built target altair_interfaces__rosidl_typesupport_c\n'}
[8.699730] (altair_interfaces) StdoutLine: {'line': b'[ 42%] \x1b[32mBuilding CXX object CMakeFiles/altair_interfaces__rosidl_typesupport_cpp.dir/rosidl_typesupport_cpp/altair_interfaces/msg/solenoid_command__type_support.cpp.o\x1b[0m\n'}
[8.748804] (altair_interfaces) StdoutLine: {'line': b'[ 43%] \x1b[32mBuilding C object CMakeFiles/altair_interfaces__rosidl_typesupport_introspection_c.dir/rosidl_typesupport_introspection_c/altair_interfaces/msg/detail/mdd_command__type_support.c.o\x1b[0m\n'}
[8.779690] (-) TimerEvent: {}
[8.839799] (altair_interfaces) StdoutLine: {'line': b'[ 44%] \x1b[32mBuilding CXX object CMakeFiles/altair_interfaces__rosidl_typesupport_fastrtps_cpp.dir/rosidl_typesupport_fastrtps_cpp/altair_interfaces/msg/detail/dds_fastrtps/mdd_feedback__type_support.cpp.o\x1b[0m\n'}
[8.847698] (altair_interfaces) StdoutLine: {'line': b'[ 45%] \x1b[32mBuilding CXX object CMakeFiles/altair_interfaces__rosidl_typesupport_fastrtps_c.dir/rosidl_typesupport_fastrtps_c/altair_interfaces/msg/detail/mdd_feedback__type_support_c.cpp.o\x1b[0m\n'}
[8.864400] (altair_interfaces) StdoutLine: {'line': b'[ 46%] \x1b[32mBuilding C object CMakeFiles/altair_interfaces__rosidl_typesupport_introspection_c.dir/rosidl_typesupport_introspection_c/altair_interfaces/msg/detail/servo_command__type_support.c.o\x1b[0m\n'}
[8.879807] (-) TimerEvent: {}
[8.977102] (altair_interfaces) StdoutLine: {'line': b'[ 47%] \x1b[32mBuilding C object CMakeFiles/altair_interfaces__rosidl_typesupport_introspection_c.dir/rosidl_typesupport_introspection_c/altair_interfaces/msg/detail/solenoid_command__type_support.c.o\x1b[0m\n'}
[8.979917] (-) TimerEvent: {}
[8.994151] (altair_interfaces) StdoutLine: {'line': b'[ 48%] \x1b[32mBuilding CXX object CMakeFiles/altair_interfaces__rosidl_typesupport_fastrtps_cpp.dir/rosidl_typesupport_fastrtps_cpp/altair_interfaces/msg/detail/dds_fastrtps/mdd_command__type_support.cpp.o\x1b[0m\n'}
[9.014442] (altair_interfaces) StdoutLine: {'line': b'[ 50%] \x1b[32mBuilding CXX object CMakeFiles/altair_interfaces__rosidl_typesupport_introspection_cpp.dir/rosidl_typesupport_introspection_cpp/altair_interfaces/msg/detail/servo_command__type_support.cpp.o\x1b[0m\n'}
[9.060751] (altair_interfaces) StdoutLine: {'line': b'[ 51%] \x1b[32mBuilding C object CMakeFiles/altair_interfaces__rosidl_typesupport_introspection_c.dir/rosidl_typesupport_introspection_c/altair_interfaces/srv/detail/trigger_control__type_support.c.o\x1b[0m\n'}
[9.080056] (-) TimerEvent: {}
[9.147318] (altair_interfaces) StdoutLine: {'line': b'[ 52%] \x1b[32mBuilding C object CMakeFiles/altair_interfaces__rosidl_typesupport_introspection_c.dir/rosidl_typesupport_introspection_c/altair_interfaces/srv/detail/get_available_ports__type_support.c.o\x1b[0m\n'}
[9.180184] (-) TimerEvent: {}
[9.234415] (altair_interfaces) StdoutLine: {'line': b'[ 53%] \x1b[32mBuilding C object CMakeFiles/altair_interfaces__rosidl_typesupport_introspection_c.dir/rosidl_typesupport_introspection_c/altair_interfaces/srv/detail/connect_can__type_support.c.o\x1b[0m\n'}
[9.264079] (altair_interfaces) StdoutLine: {'line': b'[ 54%] \x1b[32mBuilding CXX object CMakeFiles/altair_interfaces__rosidl_typesupport_cpp.dir/rosidl_typesupport_cpp/altair_interfaces/srv/trigger_control__type_support.cpp.o\x1b[0m\n'}
[9.283075] (-) TimerEvent: {}
[9.296364] (altair_interfaces) StdoutLine: {'line': b'[ 55%] \x1b[32mBuilding C object CMakeFiles/altair_interfaces__rosidl_typesupport_introspection_c.dir/rosidl_typesupport_introspection_c/altair_interfaces/srv/detail/start_behavior__type_support.c.o\x1b[0m\n'}
[9.367084] (altair_interfaces) StdoutLine: {'line': b'[ 56%] \x1b[32m\x1b[1mLinking C shared library libaltair_interfaces__rosidl_typesupport_introspection_c.so\x1b[0m\n'}
[9.383241] (-) TimerEvent: {}
[9.445067] (altair_interfaces) StdoutLine: {'line': b'[ 56%] Built target altair_interfaces__rosidl_typesupport_introspection_c\n'}
[9.447262] (altair_interfaces) StdoutLine: {'line': b'[ 57%] \x1b[32mBuilding CXX object CMakeFiles/altair_interfaces__rosidl_typesupport_fastrtps_cpp.dir/rosidl_typesupport_fastrtps_cpp/altair_interfaces/msg/detail/dds_fastrtps/servo_command__type_support.cpp.o\x1b[0m\n'}
[9.460326] (altair_interfaces) StdoutLine: {'line': b'[ 58%] \x1b[32mBuilding CXX object CMakeFiles/altair_interfaces__rosidl_typesupport_fastrtps_cpp.dir/rosidl_typesupport_fastrtps_cpp/altair_interfaces/msg/detail/dds_fastrtps/solenoid_command__type_support.cpp.o\x1b[0m\n'}
[9.483371] (-) TimerEvent: {}
[9.504429] (altair_interfaces) StdoutLine: {'line': b'[ 59%] \x1b[32mBuilding CXX object CMakeFiles/altair_interfaces__rosidl_typesupport_fastrtps_c.dir/rosidl_typesupport_fastrtps_c/altair_interfaces/msg/detail/mdd_command__type_support_c.cpp.o\x1b[0m\n'}
[9.549095] (altair_interfaces) StdoutLine: {'line': b'[ 60%] \x1b[32mBuilding CXX object CMakeFiles/altair_interfaces__rosidl_typesupport_cpp.dir/rosidl_typesupport_cpp/altair_interfaces/srv/get_available_ports__type_support.cpp.o\x1b[0m\n'}
[9.583476] (-) TimerEvent: {}
[9.683982] (-) TimerEvent: {}
[9.784561] (-) TimerEvent: {}
[9.877079] (altair_interfaces) StdoutLine: {'line': b'[ 61%] \x1b[32mBuilding CXX object CMakeFiles/altair_interfaces__rosidl_typesupport_cpp.dir/rosidl_typesupport_cpp/altair_interfaces/srv/connect_can__type_support.cpp.o\x1b[0m\n'}
[9.884660] (-) TimerEvent: {}
[9.893379] (altair_interfaces) StdoutLine: {'line': b'[ 62%] \x1b[32mBuilding CXX object CMakeFiles/altair_interfaces__rosidl_typesupport_introspection_cpp.dir/rosidl_typesupport_introspection_cpp/altair_interfaces/msg/detail/solenoid_command__type_support.cpp.o\x1b[0m\n'}
[9.940548] (altair_interfaces) StdoutLine: {'line': b'[ 63%] \x1b[32mBuilding CXX object CMakeFiles/altair_interfaces__rosidl_typesupport_introspection_cpp.dir/rosidl_typesupport_introspection_cpp/altair_interfaces/srv/detail/trigger_control__type_support.cpp.o\x1b[0m\n'}
[9.963505] (altair_interfaces) StdoutLine: {'line': b'[ 64%] \x1b[32mBuilding CXX object CMakeFiles/altair_interfaces__rosidl_typesupport_fastrtps_c.dir/rosidl_typesupport_fastrtps_c/altair_interfaces/msg/detail/servo_command__type_support_c.cpp.o\x1b[0m\n'}
[9.984779] (-) TimerEvent: {}
[10.086453] (-) TimerEvent: {}
[10.124365] (altair_interfaces) StdoutLine: {'line': b'[ 65%] \x1b[32mBuilding CXX object CMakeFiles/altair_interfaces__rosidl_typesupport_introspection_cpp.dir/rosidl_typesupport_introspection_cpp/altair_interfaces/srv/detail/get_available_ports__type_support.cpp.o\x1b[0m\n'}
[10.186588] (-) TimerEvent: {}
[10.283167] (altair_interfaces) StdoutLine: {'line': b'[ 66%] \x1b[32mBuilding CXX object CMakeFiles/altair_interfaces__rosidl_typesupport_fastrtps_cpp.dir/rosidl_typesupport_fastrtps_cpp/altair_interfaces/srv/detail/dds_fastrtps/trigger_control__type_support.cpp.o\x1b[0m\n'}
[10.286691] (-) TimerEvent: {}
[10.303163] (altair_interfaces) StdoutLine: {'line': b'[ 67%] \x1b[32mBuilding CXX object CMakeFiles/altair_interfaces__rosidl_typesupport_fastrtps_c.dir/rosidl_typesupport_fastrtps_c/altair_interfaces/msg/detail/solenoid_command__type_support_c.cpp.o\x1b[0m\n'}
[10.386811] (-) TimerEvent: {}
[10.487430] (-) TimerEvent: {}
[10.518091] (altair_interfaces) StdoutLine: {'line': b'[ 68%] \x1b[32mBuilding CXX object CMakeFiles/altair_interfaces__rosidl_typesupport_cpp.dir/rosidl_typesupport_cpp/altair_interfaces/srv/start_behavior__type_support.cpp.o\x1b[0m\n'}
[10.587549] (-) TimerEvent: {}
[10.652773] (altair_interfaces) StdoutLine: {'line': b'[ 69%] \x1b[32mBuilding CXX object CMakeFiles/altair_interfaces__rosidl_typesupport_introspection_cpp.dir/rosidl_typesupport_introspection_cpp/altair_interfaces/srv/detail/connect_can__type_support.cpp.o\x1b[0m\n'}
[10.687665] (-) TimerEvent: {}
[10.746094] (altair_interfaces) StdoutLine: {'line': b'[ 70%] \x1b[32mBuilding CXX object CMakeFiles/altair_interfaces__rosidl_typesupport_fastrtps_cpp.dir/rosidl_typesupport_fastrtps_cpp/altair_interfaces/srv/detail/dds_fastrtps/get_available_ports__type_support.cpp.o\x1b[0m\n'}
[10.776126] (altair_interfaces) StdoutLine: {'line': b'[ 71%] \x1b[32mBuilding CXX object CMakeFiles/altair_interfaces__rosidl_typesupport_fastrtps_c.dir/rosidl_typesupport_fastrtps_c/altair_interfaces/srv/detail/trigger_control__type_support_c.cpp.o\x1b[0m\n'}
[10.787832] (-) TimerEvent: {}
[10.813978] (altair_interfaces) StdoutLine: {'line': b'[ 72%] \x1b[32mBuilding CXX object CMakeFiles/altair_interfaces__rosidl_typesupport_fastrtps_cpp.dir/rosidl_typesupport_fastrtps_cpp/altair_interfaces/srv/detail/dds_fastrtps/connect_can__type_support.cpp.o\x1b[0m\n'}
[10.887938] (-) TimerEvent: {}
[10.990072] (altair_interfaces) StdoutLine: {'line': b'[ 73%] \x1b[32mBuilding CXX object CMakeFiles/altair_interfaces__rosidl_typesupport_fastrtps_cpp.dir/rosidl_typesupport_fastrtps_cpp/altair_interfaces/srv/detail/dds_fastrtps/start_behavior__type_support.cpp.o\x1b[0m\n'}
[10.990699] (-) TimerEvent: {}
[11.093094] (-) TimerEvent: {}
[11.193577] (-) TimerEvent: {}
[11.199105] (altair_interfaces) StdoutLine: {'line': b'[ 75%] \x1b[32m\x1b[1mLinking CXX shared library libaltair_interfaces__rosidl_typesupport_cpp.so\x1b[0m\n'}
[11.210120] (altair_interfaces) StdoutLine: {'line': b'[ 76%] \x1b[32mBuilding CXX object CMakeFiles/altair_interfaces__rosidl_typesupport_fastrtps_c.dir/rosidl_typesupport_fastrtps_c/altair_interfaces/srv/detail/get_available_ports__type_support_c.cpp.o\x1b[0m\n'}
[11.274919] (altair_interfaces) StdoutLine: {'line': b'[ 76%] Built target altair_interfaces__rosidl_typesupport_cpp\n'}
[11.285083] (altair_interfaces) StdoutLine: {'line': b'[ 77%] \x1b[32mBuilding CXX object CMakeFiles/altair_interfaces__rosidl_typesupport_fastrtps_c.dir/rosidl_typesupport_fastrtps_c/altair_interfaces/srv/detail/connect_can__type_support_c.cpp.o\x1b[0m\n'}
[11.293697] (-) TimerEvent: {}
[11.394206] (-) TimerEvent: {}
[11.463220] (altair_interfaces) StdoutLine: {'line': b'[ 78%] \x1b[32mBuilding CXX object CMakeFiles/altair_interfaces__rosidl_typesupport_fastrtps_c.dir/rosidl_typesupport_fastrtps_c/altair_interfaces/srv/detail/start_behavior__type_support_c.cpp.o\x1b[0m\n'}
[11.494325] (-) TimerEvent: {}
[11.594872] (-) TimerEvent: {}
[11.640141] (altair_interfaces) StdoutLine: {'line': b'[ 79%] \x1b[32mBuilding CXX object CMakeFiles/altair_interfaces__rosidl_typesupport_introspection_cpp.dir/rosidl_typesupport_introspection_cpp/altair_interfaces/srv/detail/start_behavior__type_support.cpp.o\x1b[0m\n'}
[11.695010] (-) TimerEvent: {}
[11.799109] (-) TimerEvent: {}
[11.902075] (-) TimerEvent: {}
[11.996546] (altair_interfaces) StdoutLine: {'line': b'[ 80%] \x1b[32m\x1b[1mLinking CXX shared library libaltair_interfaces__rosidl_typesupport_fastrtps_cpp.so\x1b[0m\n'}
[12.002182] (-) TimerEvent: {}
[12.102654] (-) TimerEvent: {}
[12.140918] (altair_interfaces) StdoutLine: {'line': b'[ 80%] Built target altair_interfaces__rosidl_typesupport_fastrtps_cpp\n'}
[12.197640] (altair_interfaces) StdoutLine: {'line': b'[ 81%] \x1b[32m\x1b[1mLinking CXX shared library libaltair_interfaces__rosidl_typesupport_fastrtps_c.so\x1b[0m\n'}
[12.202762] (-) TimerEvent: {}
[12.257867] (altair_interfaces) StdoutLine: {'line': b'[ 82%] \x1b[32m\x1b[1mLinking CXX shared library libaltair_interfaces__rosidl_typesupport_introspection_cpp.so\x1b[0m\n'}
[12.289472] (altair_interfaces) StdoutLine: {'line': b'[ 82%] Built target altair_interfaces__rosidl_typesupport_fastrtps_c\n'}
[12.302875] (-) TimerEvent: {}
[12.350651] (altair_interfaces) StdoutLine: {'line': b'[ 82%] Built target altair_interfaces__rosidl_typesupport_introspection_cpp\n'}
[12.361939] (altair_interfaces) StdoutLine: {'line': b'[ 82%] Built target altair_interfaces\n'}
[12.374678] (altair_interfaces) StdoutLine: {'line': b'[ 83%] \x1b[34m\x1b[1mGenerating Python code for ROS interfaces\x1b[0m\n'}
[12.402973] (-) TimerEvent: {}
[12.503298] (-) TimerEvent: {}
[12.603621] (-) TimerEvent: {}
[12.703939] (-) TimerEvent: {}
[12.804276] (-) TimerEvent: {}
[12.904605] (-) TimerEvent: {}
[13.004912] (-) TimerEvent: {}
[13.105236] (-) TimerEvent: {}
[13.205533] (-) TimerEvent: {}
[13.305843] (-) TimerEvent: {}
[13.406168] (-) TimerEvent: {}
[13.506487] (-) TimerEvent: {}
[13.606800] (-) TimerEvent: {}
[13.707112] (-) TimerEvent: {}
[13.807404] (-) TimerEvent: {}
[13.907691] (-) TimerEvent: {}
[14.007973] (-) TimerEvent: {}
[14.108261] (-) TimerEvent: {}
[14.208562] (-) TimerEvent: {}
[14.308829] (-) TimerEvent: {}
[14.409087] (-) TimerEvent: {}
[14.471887] (altair_interfaces) StdoutLine: {'line': b'[ 83%] Built target altair_interfaces__py\n'}
[14.487164] (altair_interfaces) StdoutLine: {'line': b'[ 85%] \x1b[32mBuilding C object CMakeFiles/altair_interfaces__rosidl_generator_py.dir/rosidl_generator_py/altair_interfaces/msg/_can_status_s.c.o\x1b[0m\n'}
[14.487469] (altair_interfaces) StdoutLine: {'line': b'[ 86%] \x1b[32mBuilding C object CMakeFiles/altair_interfaces__rosidl_generator_py.dir/rosidl_generator_py/altair_interfaces/msg/_servo_command_s.c.o\x1b[0m\n'}
[14.487643] (altair_interfaces) StdoutLine: {'line': b'[ 87%] \x1b[32mBuilding C object CMakeFiles/altair_interfaces__rosidl_generator_py.dir/rosidl_generator_py/altair_interfaces/msg/_mdd_command_s.c.o\x1b[0m\n'}
[14.487806] (altair_interfaces) StdoutLine: {'line': b'[ 88%] \x1b[32mBuilding C object CMakeFiles/altair_interfaces__rosidl_generator_py.dir/rosidl_generator_py/altair_interfaces/msg/_solenoid_command_s.c.o\x1b[0m\n'}
[14.487973] (altair_interfaces) StdoutLine: {'line': b'[ 89%] \x1b[32mBuilding C object CMakeFiles/altair_interfaces__rosidl_generator_py.dir/rosidl_generator_py/altair_interfaces/srv/_trigger_control_s.c.o\x1b[0m\n'}
[14.488652] (altair_interfaces) StdoutLine: {'line': b'[ 90%] \x1b[32mBuilding C object CMakeFiles/altair_interfaces__rosidl_generator_py.dir/rosidl_generator_py/altair_interfaces/srv/_get_available_ports_s.c.o\x1b[0m\n'}
[14.488854] (altair_interfaces) StdoutLine: {'line': b'[ 85%] \x1b[32mBuilding C object CMakeFiles/altair_interfaces__rosidl_generator_py.dir/rosidl_generator_py/altair_interfaces/msg/_mdd_feedback_s.c.o\x1b[0m\n'}
[14.489019] (altair_interfaces) StdoutLine: {'line': b'[ 91%] \x1b[32mBuilding C object CMakeFiles/altair_interfaces__rosidl_generator_py.dir/rosidl_generator_py/altair_interfaces/srv/_connect_can_s.c.o\x1b[0m\n'}
[14.510080] (-) TimerEvent: {}
[14.610588] (-) TimerEvent: {}
[14.677262] (altair_interfaces) StdoutLine: {'line': b'[ 92%] \x1b[32mBuilding C object CMakeFiles/altair_interfaces__rosidl_generator_py.dir/rosidl_generator_py/altair_interfaces/srv/_start_behavior_s.c.o\x1b[0m\n'}
[14.710814] (-) TimerEvent: {}
[14.796338] (altair_interfaces) StdoutLine: {'line': b'[ 93%] \x1b[32m\x1b[1mLinking C shared library rosidl_generator_py/altair_interfaces/libaltair_interfaces__rosidl_generator_py.so\x1b[0m\n'}
[14.810961] (-) TimerEvent: {}
[14.830749] (altair_interfaces) StdoutLine: {'line': b'[ 93%] Built target altair_interfaces__rosidl_generator_py\n'}
[14.842480] (altair_interfaces) StdoutLine: {'line': b'[ 95%] \x1b[32mBuilding C object CMakeFiles/altair_interfaces__rosidl_typesupport_fastrtps_c__pyext.dir/rosidl_generator_py/altair_interfaces/_altair_interfaces_s.ep.rosidl_typesupport_fastrtps_c.c.o\x1b[0m\n'}
[14.842758] (altair_interfaces) StdoutLine: {'line': b'[ 95%] \x1b[32mBuilding C object CMakeFiles/altair_interfaces__rosidl_typesupport_introspection_c__pyext.dir/rosidl_generator_py/altair_interfaces/_altair_interfaces_s.ep.rosidl_typesupport_introspection_c.c.o\x1b[0m\n'}
[14.842911] (altair_interfaces) StdoutLine: {'line': b'[ 96%] \x1b[32mBuilding C object CMakeFiles/altair_interfaces__rosidl_typesupport_c__pyext.dir/rosidl_generator_py/altair_interfaces/_altair_interfaces_s.ep.rosidl_typesupport_c.c.o\x1b[0m\n'}
[14.911093] (-) TimerEvent: {}
[14.982233] (altair_interfaces) StdoutLine: {'line': b'[ 97%] \x1b[32m\x1b[1mLinking C shared library rosidl_generator_py/altair_interfaces/altair_interfaces_s__rosidl_typesupport_c.cpython-310-x86_64-linux-gnu.so\x1b[0m\n'}
[14.984596] (altair_interfaces) StdoutLine: {'line': b'[ 98%] \x1b[32m\x1b[1mLinking C shared library rosidl_generator_py/altair_interfaces/altair_interfaces_s__rosidl_typesupport_introspection_c.cpython-310-x86_64-linux-gnu.so\x1b[0m\n'}
[14.988289] (altair_interfaces) StdoutLine: {'line': b'[100%] \x1b[32m\x1b[1mLinking C shared library rosidl_generator_py/altair_interfaces/altair_interfaces_s__rosidl_typesupport_fastrtps_c.cpython-310-x86_64-linux-gnu.so\x1b[0m\n'}
[15.010130] (altair_interfaces) StdoutLine: {'line': b'[100%] Built target altair_interfaces__rosidl_typesupport_c__pyext\n'}
[15.011171] (-) TimerEvent: {}
[15.012441] (altair_interfaces) StdoutLine: {'line': b'[100%] Built target altair_interfaces__rosidl_typesupport_introspection_c__pyext\n'}
[15.017026] (altair_interfaces) StdoutLine: {'line': b'[100%] Built target altair_interfaces__rosidl_typesupport_fastrtps_c__pyext\n'}
[15.025223] (altair_interfaces) CommandEnded: {'returncode': 0}
[15.026213] (altair_interfaces) JobProgress: {'identifier': 'altair_interfaces', 'progress': 'install'}
[15.027348] (altair_interfaces) Command: {'cmd': ['/usr/bin/cmake', '--install', '/home/altair/Person_Tracking_Roboware/build/altair_interfaces'], 'cwd': '/home/altair/Person_Tracking_Roboware/build/altair_interfaces', 'env': OrderedDict([('GJS_DEBUG_TOPICS', 'JS ERROR;JS LOG'), ('LESSOPEN', '| /usr/bin/lesspipe %s'), ('LANGUAGE', 'ja:en'), ('USER', 'altair'), ('LC_TIME', 'ja_JP.UTF-8'), ('XDG_SESSION_TYPE', 'wayland'), ('STM32CubeMX_PATH', '/home/altair/STM32CubeMX'), ('SHLVL', '2'), ('LD_LIBRARY_PATH', '/usr/local/lib:/usr/lib/x86_64-linux-gnu/gazebo-11/plugins:/opt/ros/humble/opt/rviz_ogre_vendor/lib:/opt/ros/humble/lib/x86_64-linux-gnu:/opt/ros/humble/lib'), ('HOME', '/home/altair'), ('OLDPWD', '/home/altair'), ('TERM_PROGRAM_VERSION', '20240203-110809-5046fc22'), ('DESKTOP_SESSION', 'ubuntu'), ('GIO_LAUNCHED_DESKTOP_FILE', '/usr/share/applications/org.wezfurlong.wezterm.desktop'), ('ROS_PYTHON_VERSION', '3'), ('GNOME_SHELL_SESSION_MODE', 'ubuntu'), ('GTK_MODULES', 'gail:atk-bridge'), ('LC_MONETARY', 'ja_JP.UTF-8'), ('MANAGERPID', '1085'), ('SYSTEMD_EXEC_PID', '1322'), ('DBUS_SESSION_BUS_ADDRESS', 'unix:path=/run/user/1000/bus'), ('COLORTERM', 'truecolor'), ('GIO_LAUNCHED_DESKTOP_FILE_PID', '2439'), ('WEZTERM_EXECUTABLE', '/usr/bin/wezterm-gui'), ('IM_CONFIG_PHASE', '1'), ('WAYLAND_DISPLAY', 'wayland-0'), ('ROS_DISTRO', 'humble'), ('LOGNAME', 'altair'), ('JOURNAL_STREAM', '8:1917'), ('_', '/usr/bin/colcon'), ('ROS_VERSION', '2'), ('XDG_SESSION_CLASS', 'user'), ('USERNAME', 'altair'), ('TERM', 'xterm-256color'), ('GNOME_DESKTOP_SESSION_ID', 'this-is-deprecated'), ('WEZTERM_CONFIG_FILE', '/home/altair/.wezterm.lua'), ('ROS_LOCALHOST_ONLY', '0'), ('WEZTERM_EXECUTABLE_DIR', '/usr/bin'), ('PATH', '/home/altair/.local/bin:/home/altair/spresenseenv/usr/bin:/opt/ros/humble/bin:/home/altair/.local/bin:/home/altair/.local/bin:/home/altair/bin:/usr/local/sbin:/usr/local/bin:/usr/sbin:/usr/bin:/sbin:/bin:/usr/games:/usr/local/games:/snap/bin:/snap/bin:/home/altair/bin:/home/altair/bin'), ('SESSION_MANAGER', 'local/altair-ThinkPad-L380:@/tmp/.ICE-unix/1272,unix/altair-ThinkPad-L380:/tmp/.ICE-unix/1272'), ('INVOCATION_ID', '72e2abd6bbc74719b93804593a356401'), ('PAPERSIZE', 'a4'), ('XDG_MENU_PREFIX', 'gnome-'), ('LC_ADDRESS', 'ja_JP.UTF-8'), ('GNOME_SETUP_DISPLAY', ':1'), ('XDG_RUNTIME_DIR', '/run/user/1000'), ('DISPLAY', ':0'), ('LANG', 'ja_JP.UTF-8'), ('XDG_CURRENT_DESKTOP', 'ubuntu:GNOME'), ('LC_TELEPHONE', 'ja_JP.UTF-8'), ('XMODIFIERS', '@im=ibus'), ('XDG_SESSION_DESKTOP', 'ubuntu'), ('XAUTHORITY', '/run/user/1000/.mutter-Xwaylandauth.YPJIT3'), ('LS_COLORS', 'rs=0:di=01;34:ln=01;36:mh=00:pi=40;33:so=01;35:do=01;35:bd=40;33;01:cd=40;33;01:or=40;31;01:mi=00:su=37;41:sg=30;43:ca=30;41:tw=30;42:ow=34;42:st=37;44:ex=01;32:*.tar=01;31:*.tgz=01;31:*.arc=01;31:*.arj=01;31:*.taz=01;31:*.lha=01;31:*.lz4=01;31:*.lzh=01;31:*.lzma=01;31:*.tlz=01;31:*.txz=01;31:*.tzo=01;31:*.t7z=01;31:*.zip=01;31:*.z=01;31:*.dz=01;31:*.gz=01;31:*.lrz=01;31:*.lz=01;31:*.lzo=01;31:*.xz=01;31:*.zst=01;31:*.tzst=01;31:*.bz2=01;31:*.bz=01;31:*.tbz=01;31:*.tbz2=01;31:*.tz=01;31:*.deb=01;31:*.rpm=01;31:*.jar=01;31:*.war=01;31:*.ear=01;31:*.sar=01;31:*.rar=01;31:*.alz=01;31:*.ace=01;31:*.zoo=01;31:*.cpio=01;31:*.7z=01;31:*.rz=01;31:*.cab=01;31:*.wim=01;31:*.swm=01;31:*.dwm=01;31:*.esd=01;31:*.jpg=01;35:*.jpeg=01;35:*.mjpg=01;35:*.mjpeg=01;35:*.gif=01;35:*.bmp=01;35:*.pbm=01;35:*.pgm=01;35:*.ppm=01;35:*.tga=01;35:*.xbm=01;35:*.xpm=01;35:*.tif=01;35:*.tiff=01;35:*.png=01;35:*.svg=01;35:*.svgz=01;35:*.mng=01;35:*.pcx=01;35:*.mov=01;35:*.mpg=01;35:*.mpeg=01;35:*.m2v=01;35:*.mkv=01;35:*.webm=01;35:*.webp=01;35:*.ogm=01;35:*.mp4=01;35:*.m4v=01;35:*.mp4v=01;35:*.vob=01;35:*.qt=01;35:*.nuv=01;35:*.wmv=01;35:*.asf=01;35:*.rm=01;35:*.rmvb=01;35:*.flc=01;35:*.avi=01;35:*.fli=01;35:*.flv=01;35:*.gl=01;35:*.dl=01;35:*.xcf=01;35:*.xwd=01;35:*.yuv=01;35:*.cgm=01;35:*.emf=01;35:*.ogv=01;35:*.ogx=01;35:*.aac=00;36:*.au=00;36:*.flac=00;36:*.m4a=00;36:*.mid=00;36:*.midi=00;36:*.mka=00;36:*.mp3=00;36:*.mpc=00;36:*.ogg=00;36:*.ra=00;36:*.wav=00;36:*.oga=00;36:*.opus=00;36:*.spx=00;36:*.xspf=00;36:'), ('TERM_PROGRAM', 'WezTerm'), ('SSH_AGENT_LAUNCHER', 'gnome-keyring'), ('SSH_AUTH_SOCK', '/run/user/1000/keyring/ssh'), ('ROS_DOMAIN_ID', '0'), ('AMENT_PREFIX_PATH', '/opt/ros/humble'), ('SHELL', '/bin/bash'), ('LC_NAME', 'ja_JP.UTF-8'), ('QT_ACCESSIBILITY', '1'), ('GDMSESSION', 'ubuntu'), ('LESSCLOSE', '/usr/bin/lesspipe %s %s'), ('LC_MEASUREMENT', 'ja_JP.UTF-8'), ('GJS_DEBUG_OUTPUT', 'stderr'), ('LC_IDENTIFICATION', 'ja_JP.UTF-8'), ('WEZTERM_CONFIG_DIR', '/home/altair'), ('QT_IM_MODULE', 'ibus'), ('PWD', '/home/altair/Person_Tracking_Roboware/build/altair_interfaces'), ('LC_ALL', 'en_US.UTF-8'), ('XDG_CONFIG_DIRS', '/etc/xdg/xdg-ubuntu:/etc/xdg'), ('XDG_DATA_DIRS', '/usr/share/ubuntu:/usr/local/share/:/usr/share/:/var/lib/snapd/desktop'), ('WEZTERM_UNIX_SOCKET', '/run/user/1000/wezterm/gui-sock-2439'), ('PYTHONPATH', '/opt/ros/humble/lib/python3.10/site-packages:/opt/ros/humble/local/lib/python3.10/dist-packages'), ('LC_NUMERIC', 'ja_JP.UTF-8'), ('LC_PAPER', 'ja_JP.UTF-8'), ('WEZTERM_PANE', '0'), ('COLCON', '1'), ('CMAKE_PREFIX_PATH', '/opt/ros/humble')]), 'shell': False}
[15.031045] (altair_interfaces) StdoutLine: {'line': b'-- Install configuration: ""\n'}
[15.031291] (altair_interfaces) StdoutLine: {'line': b'-- Installing: /home/altair/Person_Tracking_Roboware/install/altair_interfaces/share/ament_index/resource_index/rosidl_interfaces/altair_interfaces\n'}
[15.031519] (altair_interfaces) StdoutLine: {'line': b'-- Installing: /home/altair/Person_Tracking_Roboware/install/altair_interfaces/include/altair_interfaces/altair_interfaces\n'}
[15.031734] (altair_interfaces) StdoutLine: {'line': b'-- Installing: /home/altair/Person_Tracking_Roboware/install/altair_interfaces/include/altair_interfaces/altair_interfaces/msg\n'}
[15.031903] (altair_interfaces) StdoutLine: {'line': b'-- Installing: /home/altair/Person_Tracking_Roboware/install/altair_interfaces/include/altair_interfaces/altair_interfaces/msg/mdd_command.h\n'}
[15.032083] (altair_interfaces) StdoutLine: {'line': b'-- Installing: /home/altair/Person_Tracking_Roboware/install/altair_interfaces/include/altair_interfaces/altair_interfaces/msg/rosidl_generator_c__visibility_control.h\n'}
[15.032239] (altair_interfaces) StdoutLine: {'line': b'-- Installing: /home/altair/Person_Tracking_Roboware/install/altair_interfaces/include/altair_interfaces/altair_interfaces/msg/detail\n'}
[15.032365] (altair_interfaces) StdoutLine: {'line': b'-- Installing: /home/altair/Person_Tracking_Roboware/install/altair_interfaces/include/altair_interfaces/altair_interfaces/msg/detail/mdd_feedback__struct.h\n'}
[15.032547] (altair_interfaces) StdoutLine: {'line': b'-- Installing: /home/altair/Person_Tracking_Roboware/install/altair_interfaces/include/altair_interfaces/altair_interfaces/msg/detail/mdd_command__struct.h\n'}
[15.032729] (altair_interfaces) StdoutLine: {'line': b'-- Installing: /home/altair/Person_Tracking_Roboware/install/altair_interfaces/include/altair_interfaces/altair_interfaces/msg/detail/can_status__struct.h\n'}
[15.032850] (altair_interfaces) StdoutLine: {'line': b'-- Installing: /home/altair/Person_Tracking_Roboware/install/altair_interfaces/include/altair_interfaces/altair_interfaces/msg/detail/mdd_feedback__type_support.h\n'}
[15.033015] (altair_interfaces) StdoutLine: {'line': b'-- Installing: /home/altair/Person_Tracking_Roboware/install/altair_interfaces/include/altair_interfaces/altair_interfaces/msg/detail/servo_command__functions.h\n'}
[15.033166] (altair_interfaces) StdoutLine: {'line': b'-- Installing: /home/altair/Person_Tracking_Roboware/install/altair_interfaces/include/altair_interfaces/altair_interfaces/msg/detail/solenoid_command__functions.h\n'}
[15.033290] (altair_interfaces) StdoutLine: {'line': b'-- Installing: /home/altair/Person_Tracking_Roboware/install/altair_interfaces/include/altair_interfaces/altair_interfaces/msg/detail/mdd_command__type_support.h\n'}
[15.033457] (altair_interfaces) StdoutLine: {'line': b'-- Installing: /home/altair/Person_Tracking_Roboware/install/altair_interfaces/include/altair_interfaces/altair_interfaces/msg/detail/servo_command__struct.h\n'}
[15.033577] (altair_interfaces) StdoutLine: {'line': b'-- Installing: /home/altair/Person_Tracking_Roboware/install/altair_interfaces/include/altair_interfaces/altair_interfaces/msg/detail/solenoid_command__type_support.h\n'}
[15.033701] (altair_interfaces) StdoutLine: {'line': b'-- Installing: /home/altair/Person_Tracking_Roboware/install/altair_interfaces/include/altair_interfaces/altair_interfaces/msg/detail/mdd_feedback__functions.c\n'}
[15.033866] (altair_interfaces) StdoutLine: {'line': b'-- Installing: /home/altair/Person_Tracking_Roboware/install/altair_interfaces/include/altair_interfaces/altair_interfaces/msg/detail/solenoid_command__struct.h\n'}
[15.033986] (altair_interfaces) StdoutLine: {'line': b'-- Installing: /home/altair/Person_Tracking_Roboware/install/altair_interfaces/include/altair_interfaces/altair_interfaces/msg/detail/can_status__functions.c\n'}
[15.034169] (altair_interfaces) StdoutLine: {'line': b'-- Installing: /home/altair/Person_Tracking_Roboware/install/altair_interfaces/include/altair_interfaces/altair_interfaces/msg/detail/servo_command__type_support.h\n'}
[15.034290] (altair_interfaces) StdoutLine: {'line': b'-- Installing: /home/altair/Person_Tracking_Roboware/install/altair_interfaces/include/altair_interfaces/altair_interfaces/msg/detail/mdd_command__functions.c\n'}
[15.034448] (altair_interfaces) StdoutLine: {'line': b'-- Installing: /home/altair/Person_Tracking_Roboware/install/altair_interfaces/include/altair_interfaces/altair_interfaces/msg/detail/mdd_command__functions.h\n'}
[15.034564] (altair_interfaces) StdoutLine: {'line': b'-- Installing: /home/altair/Person_Tracking_Roboware/install/altair_interfaces/include/altair_interfaces/altair_interfaces/msg/detail/can_status__functions.h\n'}
[15.034707] (altair_interfaces) StdoutLine: {'line': b'-- Installing: /home/altair/Person_Tracking_Roboware/install/altair_interfaces/include/altair_interfaces/altair_interfaces/msg/detail/servo_command__functions.c\n'}
[15.034849] (altair_interfaces) StdoutLine: {'line': b'-- Installing: /home/altair/Person_Tracking_Roboware/install/altair_interfaces/include/altair_interfaces/altair_interfaces/msg/detail/solenoid_command__functions.c\n'}
[15.034973] (altair_interfaces) StdoutLine: {'line': b'-- Installing: /home/altair/Person_Tracking_Roboware/install/altair_interfaces/include/altair_interfaces/altair_interfaces/msg/detail/can_status__type_support.h\n'}
[15.035182] (altair_interfaces) StdoutLine: {'line': b'-- Installing: /home/altair/Person_Tracking_Roboware/install/altair_interfaces/include/altair_interfaces/altair_interfaces/msg/detail/mdd_feedback__functions.h\n'}
[15.035304] (altair_interfaces) StdoutLine: {'line': b'-- Installing: /home/altair/Person_Tracking_Roboware/install/altair_interfaces/include/altair_interfaces/altair_interfaces/msg/servo_command.h\n'}
[15.035427] (altair_interfaces) StdoutLine: {'line': b'-- Installing: /home/altair/Person_Tracking_Roboware/install/altair_interfaces/include/altair_interfaces/altair_interfaces/msg/solenoid_command.h\n'}
[15.035587] (altair_interfaces) StdoutLine: {'line': b'-- Installing: /home/altair/Person_Tracking_Roboware/install/altair_interfaces/include/altair_interfaces/altair_interfaces/msg/mdd_feedback.h\n'}
[15.035755] (altair_interfaces) StdoutLine: {'line': b'-- Installing: /home/altair/Person_Tracking_Roboware/install/altair_interfaces/include/altair_interfaces/altair_interfaces/msg/can_status.h\n'}
[15.035879] (altair_interfaces) StdoutLine: {'line': b'-- Installing: /home/altair/Person_Tracking_Roboware/install/altair_interfaces/include/altair_interfaces/altair_interfaces/srv\n'}
[15.036052] (altair_interfaces) StdoutLine: {'line': b'-- Installing: /home/altair/Person_Tracking_Roboware/install/altair_interfaces/include/altair_interfaces/altair_interfaces/srv/detail\n'}
[15.036197] (altair_interfaces) StdoutLine: {'line': b'-- Installing: /home/altair/Person_Tracking_Roboware/install/altair_interfaces/include/altair_interfaces/altair_interfaces/srv/detail/start_behavior__functions.h\n'}
[15.036320] (altair_interfaces) StdoutLine: {'line': b'-- Installing: /home/altair/Person_Tracking_Roboware/install/altair_interfaces/include/altair_interfaces/altair_interfaces/srv/detail/get_available_ports__type_support.h\n'}
[15.036443] (altair_interfaces) StdoutLine: {'line': b'-- Installing: /home/altair/Person_Tracking_Roboware/install/altair_interfaces/include/altair_interfaces/altair_interfaces/srv/detail/get_available_ports__functions.c\n'}
[15.036615] (altair_interfaces) StdoutLine: {'line': b'-- Installing: /home/altair/Person_Tracking_Roboware/install/altair_interfaces/include/altair_interfaces/altair_interfaces/srv/detail/trigger_control__functions.c\n'}
[15.036741] (altair_interfaces) StdoutLine: {'line': b'-- Installing: /home/altair/Person_Tracking_Roboware/install/altair_interfaces/include/altair_interfaces/altair_interfaces/srv/detail/trigger_control__struct.h\n'}
[15.036865] (altair_interfaces) StdoutLine: {'line': b'-- Installing: /home/altair/Person_Tracking_Roboware/install/altair_interfaces/include/altair_interfaces/altair_interfaces/srv/detail/get_available_ports__functions.h\n'}
[15.037028] (altair_interfaces) StdoutLine: {'line': b'-- Installing: /home/altair/Person_Tracking_Roboware/install/altair_interfaces/include/altair_interfaces/altair_interfaces/srv/detail/trigger_control__functions.h\n'}
[15.037184] (altair_interfaces) StdoutLine: {'line': b'-- Installing: /home/altair/Person_Tracking_Roboware/install/altair_interfaces/include/altair_interfaces/altair_interfaces/srv/detail/start_behavior__struct.h\n'}
[15.037307] (altair_interfaces) StdoutLine: {'line': b'-- Installing: /home/altair/Person_Tracking_Roboware/install/altair_interfaces/include/altair_interfaces/altair_interfaces/srv/detail/start_behavior__functions.c\n'}
[15.037472] (altair_interfaces) StdoutLine: {'line': b'-- Installing: /home/altair/Person_Tracking_Roboware/install/altair_interfaces/include/altair_interfaces/altair_interfaces/srv/detail/trigger_control__type_support.h\n'}
[15.037593] (altair_interfaces) StdoutLine: {'line': b'-- Installing: /home/altair/Person_Tracking_Roboware/install/altair_interfaces/include/altair_interfaces/altair_interfaces/srv/detail/connect_can__struct.h\n'}
[15.037716] (altair_interfaces) StdoutLine: {'line': b'-- Installing: /home/altair/Person_Tracking_Roboware/install/altair_interfaces/include/altair_interfaces/altair_interfaces/srv/detail/connect_can__functions.h\n'}
[15.037871] (altair_interfaces) StdoutLine: {'line': b'-- Installing: /home/altair/Person_Tracking_Roboware/install/altair_interfaces/include/altair_interfaces/altair_interfaces/srv/detail/start_behavior__type_support.h\n'}
[15.038037] (altair_interfaces) StdoutLine: {'line': b'-- Installing: /home/altair/Person_Tracking_Roboware/install/altair_interfaces/include/altair_interfaces/altair_interfaces/srv/detail/connect_can__type_support.h\n'}
[15.038165] (altair_interfaces) StdoutLine: {'line': b'-- Installing: /home/altair/Person_Tracking_Roboware/install/altair_interfaces/include/altair_interfaces/altair_interfaces/srv/detail/connect_can__functions.c\n'}
[15.038288] (altair_interfaces) StdoutLine: {'line': b'-- Installing: /home/altair/Person_Tracking_Roboware/install/altair_interfaces/include/altair_interfaces/altair_interfaces/srv/detail/get_available_ports__struct.h\n'}
[15.038444] (altair_interfaces) StdoutLine: {'line': b'-- Installing: /home/altair/Person_Tracking_Roboware/install/altair_interfaces/include/altair_interfaces/altair_interfaces/srv/trigger_control.h\n'}
[15.038588] (altair_interfaces) StdoutLine: {'line': b'-- Installing: /home/altair/Person_Tracking_Roboware/install/altair_interfaces/include/altair_interfaces/altair_interfaces/srv/connect_can.h\n'}
[15.038701] (altair_interfaces) StdoutLine: {'line': b'-- Installing: /home/altair/Person_Tracking_Roboware/install/altair_interfaces/include/altair_interfaces/altair_interfaces/srv/start_behavior.h\n'}
[15.038855] (altair_interfaces) StdoutLine: {'line': b'-- Installing: /home/altair/Person_Tracking_Roboware/install/altair_interfaces/include/altair_interfaces/altair_interfaces/srv/get_available_ports.h\n'}
[15.039021] (altair_interfaces) StdoutLine: {'line': b'-- Installing: /home/altair/Person_Tracking_Roboware/install/altair_interfaces/share/altair_interfaces/environment/library_path.sh\n'}
[15.039172] (altair_interfaces) StdoutLine: {'line': b'-- Installing: /home/altair/Person_Tracking_Roboware/install/altair_interfaces/share/altair_interfaces/environment/library_path.dsv\n'}
[15.039380] (altair_interfaces) StdoutLine: {'line': b'-- Installing: /home/altair/Person_Tracking_Roboware/install/altair_interfaces/lib/libaltair_interfaces__rosidl_generator_c.so\n'}
[15.039991] (altair_interfaces) StdoutLine: {'line': b'-- Set runtime path of "/home/altair/Person_Tracking_Roboware/install/altair_interfaces/lib/libaltair_interfaces__rosidl_generator_c.so" to ""\n'}
[15.040165] (altair_interfaces) StdoutLine: {'line': b'-- Up-to-date: /home/altair/Person_Tracking_Roboware/install/altair_interfaces/include/altair_interfaces/altair_interfaces\n'}
[15.040314] (altair_interfaces) StdoutLine: {'line': b'-- Up-to-date: /home/altair/Person_Tracking_Roboware/install/altair_interfaces/include/altair_interfaces/altair_interfaces/msg\n'}
[15.040463] (altair_interfaces) StdoutLine: {'line': b'-- Installing: /home/altair/Person_Tracking_Roboware/install/altair_interfaces/include/altair_interfaces/altair_interfaces/msg/rosidl_typesupport_fastrtps_c__visibility_control.h\n'}
[15.040620] (altair_interfaces) StdoutLine: {'line': b'-- Up-to-date: /home/altair/Person_Tracking_Roboware/install/altair_interfaces/include/altair_interfaces/altair_interfaces/msg/detail\n'}
[15.040743] (altair_interfaces) StdoutLine: {'line': b'-- Installing: /home/altair/Person_Tracking_Roboware/install/altair_interfaces/include/altair_interfaces/altair_interfaces/msg/detail/can_status__rosidl_typesupport_fastrtps_c.h\n'}
[15.040901] (altair_interfaces) StdoutLine: {'line': b'-- Installing: /home/altair/Person_Tracking_Roboware/install/altair_interfaces/include/altair_interfaces/altair_interfaces/msg/detail/servo_command__rosidl_typesupport_fastrtps_c.h\n'}
[15.041092] (altair_interfaces) StdoutLine: {'line': b'-- Installing: /home/altair/Person_Tracking_Roboware/install/altair_interfaces/include/altair_interfaces/altair_interfaces/msg/detail/mdd_feedback__rosidl_typesupport_fastrtps_c.h\n'}
[15.041214] (altair_interfaces) StdoutLine: {'line': b'-- Installing: /home/altair/Person_Tracking_Roboware/install/altair_interfaces/include/altair_interfaces/altair_interfaces/msg/detail/solenoid_command__rosidl_typesupport_fastrtps_c.h\n'}
[15.041336] (altair_interfaces) StdoutLine: {'line': b'-- Installing: /home/altair/Person_Tracking_Roboware/install/altair_interfaces/include/altair_interfaces/altair_interfaces/msg/detail/mdd_command__rosidl_typesupport_fastrtps_c.h\n'}
[15.041497] (altair_interfaces) StdoutLine: {'line': b'-- Up-to-date: /home/altair/Person_Tracking_Roboware/install/altair_interfaces/include/altair_interfaces/altair_interfaces/srv\n'}
[15.041674] (altair_interfaces) StdoutLine: {'line': b'-- Up-to-date: /home/altair/Person_Tracking_Roboware/install/altair_interfaces/include/altair_interfaces/altair_interfaces/srv/detail\n'}
[15.041796] (altair_interfaces) StdoutLine: {'line': b'-- Installing: /home/altair/Person_Tracking_Roboware/install/altair_interfaces/include/altair_interfaces/altair_interfaces/srv/detail/trigger_control__rosidl_typesupport_fastrtps_c.h\n'}
[15.041937] (altair_interfaces) StdoutLine: {'line': b'-- Installing: /home/altair/Person_Tracking_Roboware/install/altair_interfaces/include/altair_interfaces/altair_interfaces/srv/detail/connect_can__rosidl_typesupport_fastrtps_c.h\n'}
[15.042092] (altair_interfaces) StdoutLine: {'line': b'-- Installing: /home/altair/Person_Tracking_Roboware/install/altair_interfaces/include/altair_interfaces/altair_interfaces/srv/detail/get_available_ports__rosidl_typesupport_fastrtps_c.h\n'}
[15.042200] (altair_interfaces) StdoutLine: {'line': b'-- Installing: /home/altair/Person_Tracking_Roboware/install/altair_interfaces/include/altair_interfaces/altair_interfaces/srv/detail/start_behavior__rosidl_typesupport_fastrtps_c.h\n'}
[15.042316] (altair_interfaces) StdoutLine: {'line': b'-- Installing: /home/altair/Person_Tracking_Roboware/install/altair_interfaces/lib/libaltair_interfaces__rosidl_typesupport_fastrtps_c.so\n'}
[15.042573] (altair_interfaces) StdoutLine: {'line': b'-- Set runtime path of "/home/altair/Person_Tracking_Roboware/install/altair_interfaces/lib/libaltair_interfaces__rosidl_typesupport_fastrtps_c.so" to ""\n'}
[15.042732] (altair_interfaces) StdoutLine: {'line': b'-- Up-to-date: /home/altair/Person_Tracking_Roboware/install/altair_interfaces/include/altair_interfaces/altair_interfaces\n'}
[15.042879] (altair_interfaces) StdoutLine: {'line': b'-- Up-to-date: /home/altair/Person_Tracking_Roboware/install/altair_interfaces/include/altair_interfaces/altair_interfaces/msg\n'}
[15.043047] (altair_interfaces) StdoutLine: {'line': b'-- Up-to-date: /home/altair/Person_Tracking_Roboware/install/altair_interfaces/include/altair_interfaces/altair_interfaces/msg/detail\n'}
[15.043225] (altair_interfaces) StdoutLine: {'line': b'-- Installing: /home/altair/Person_Tracking_Roboware/install/altair_interfaces/include/altair_interfaces/altair_interfaces/msg/detail/can_status__rosidl_typesupport_introspection_c.h\n'}
[15.043347] (altair_interfaces) StdoutLine: {'line': b'-- Installing: /home/altair/Person_Tracking_Roboware/install/altair_interfaces/include/altair_interfaces/altair_interfaces/msg/detail/solenoid_command__type_support.c\n'}
[15.043469] (altair_interfaces) StdoutLine: {'line': b'-- Installing: /home/altair/Person_Tracking_Roboware/install/altair_interfaces/include/altair_interfaces/altair_interfaces/msg/detail/mdd_feedback__rosidl_typesupport_introspection_c.h\n'}
[15.043630] (altair_interfaces) StdoutLine: {'line': b'-- Installing: /home/altair/Person_Tracking_Roboware/install/altair_interfaces/include/altair_interfaces/altair_interfaces/msg/detail/mdd_command__rosidl_typesupport_introspection_c.h\n'}
[15.043793] (altair_interfaces) StdoutLine: {'line': b'-- Installing: /home/altair/Person_Tracking_Roboware/install/altair_interfaces/include/altair_interfaces/altair_interfaces/msg/detail/servo_command__rosidl_typesupport_introspection_c.h\n'}
[15.043911] (altair_interfaces) StdoutLine: {'line': b'-- Installing: /home/altair/Person_Tracking_Roboware/install/altair_interfaces/include/altair_interfaces/altair_interfaces/msg/detail/mdd_feedback__type_support.c\n'}
[15.044076] (altair_interfaces) StdoutLine: {'line': b'-- Installing: /home/altair/Person_Tracking_Roboware/install/altair_interfaces/include/altair_interfaces/altair_interfaces/msg/detail/solenoid_command__rosidl_typesupport_introspection_c.h\n'}
[15.044200] (altair_interfaces) StdoutLine: {'line': b'-- Installing: /home/altair/Person_Tracking_Roboware/install/altair_interfaces/include/altair_interfaces/altair_interfaces/msg/detail/servo_command__type_support.c\n'}
[15.044323] (altair_interfaces) StdoutLine: {'line': b'-- Installing: /home/altair/Person_Tracking_Roboware/install/altair_interfaces/include/altair_interfaces/altair_interfaces/msg/detail/mdd_command__type_support.c\n'}
[15.044468] (altair_interfaces) StdoutLine: {'line': b'-- Installing: /home/altair/Person_Tracking_Roboware/install/altair_interfaces/include/altair_interfaces/altair_interfaces/msg/detail/can_status__type_support.c\n'}
[15.044654] (altair_interfaces) StdoutLine: {'line': b'-- Installing: /home/altair/Person_Tracking_Roboware/install/altair_interfaces/include/altair_interfaces/altair_interfaces/msg/rosidl_typesupport_introspection_c__visibility_control.h\n'}
[15.044775] (altair_interfaces) StdoutLine: {'line': b'-- Up-to-date: /home/altair/Person_Tracking_Roboware/install/altair_interfaces/include/altair_interfaces/altair_interfaces/srv\n'}
[15.044896] (altair_interfaces) StdoutLine: {'line': b'-- Up-to-date: /home/altair/Person_Tracking_Roboware/install/altair_interfaces/include/altair_interfaces/altair_interfaces/srv/detail\n'}
[15.045026] (altair_interfaces) StdoutLine: {'line': b'-- Installing: /home/altair/Person_Tracking_Roboware/install/altair_interfaces/include/altair_interfaces/altair_interfaces/srv/detail/trigger_control__rosidl_typesupport_introspection_c.h\n'}
[15.045201] (altair_interfaces) StdoutLine: {'line': b'-- Installing: /home/altair/Person_Tracking_Roboware/install/altair_interfaces/include/altair_interfaces/altair_interfaces/srv/detail/trigger_control__type_support.c\n'}
[15.045323] (altair_interfaces) StdoutLine: {'line': b'-- Installing: /home/altair/Person_Tracking_Roboware/install/altair_interfaces/include/altair_interfaces/altair_interfaces/srv/detail/start_behavior__rosidl_typesupport_introspection_c.h\n'}
[15.045478] (altair_interfaces) StdoutLine: {'line': b'-- Installing: /home/altair/Person_Tracking_Roboware/install/altair_interfaces/include/altair_interfaces/altair_interfaces/srv/detail/connect_can__rosidl_typesupport_introspection_c.h\n'}
[15.045615] (altair_interfaces) StdoutLine: {'line': b'-- Installing: /home/altair/Person_Tracking_Roboware/install/altair_interfaces/include/altair_interfaces/altair_interfaces/srv/detail/connect_can__type_support.c\n'}
[15.045735] (altair_interfaces) StdoutLine: {'line': b'-- Installing: /home/altair/Person_Tracking_Roboware/install/altair_interfaces/include/altair_interfaces/altair_interfaces/srv/detail/get_available_ports__rosidl_typesupport_introspection_c.h\n'}
[15.045858] (altair_interfaces) StdoutLine: {'line': b'-- Installing: /home/altair/Person_Tracking_Roboware/install/altair_interfaces/include/altair_interfaces/altair_interfaces/srv/detail/get_available_ports__type_support.c\n'}
[15.046018] (altair_interfaces) StdoutLine: {'line': b'-- Installing: /home/altair/Person_Tracking_Roboware/install/altair_interfaces/include/altair_interfaces/altair_interfaces/srv/detail/start_behavior__type_support.c\n'}
[15.046155] (altair_interfaces) StdoutLine: {'line': b'-- Installing: /home/altair/Person_Tracking_Roboware/install/altair_interfaces/lib/libaltair_interfaces__rosidl_typesupport_introspection_c.so\n'}
[15.046522] (altair_interfaces) StdoutLine: {'line': b'-- Set runtime path of "/home/altair/Person_Tracking_Roboware/install/altair_interfaces/lib/libaltair_interfaces__rosidl_typesupport_introspection_c.so" to ""\n'}
[15.046677] (altair_interfaces) StdoutLine: {'line': b'-- Installing: /home/altair/Person_Tracking_Roboware/install/altair_interfaces/lib/libaltair_interfaces__rosidl_typesupport_c.so\n'}
[15.047147] (altair_interfaces) StdoutLine: {'line': b'-- Set runtime path of "/home/altair/Person_Tracking_Roboware/install/altair_interfaces/lib/libaltair_interfaces__rosidl_typesupport_c.so" to ""\n'}
[15.047414] (altair_interfaces) StdoutLine: {'line': b'-- Up-to-date: /home/altair/Person_Tracking_Roboware/install/altair_interfaces/include/altair_interfaces/altair_interfaces\n'}
[15.047539] (altair_interfaces) StdoutLine: {'line': b'-- Up-to-date: /home/altair/Person_Tracking_Roboware/install/altair_interfaces/include/altair_interfaces/altair_interfaces/msg\n'}
[15.047660] (altair_interfaces) StdoutLine: {'line': b'-- Installing: /home/altair/Person_Tracking_Roboware/install/altair_interfaces/include/altair_interfaces/altair_interfaces/msg/servo_command.hpp\n'}
[15.047818] (altair_interfaces) StdoutLine: {'line': b'-- Installing: /home/altair/Person_Tracking_Roboware/install/altair_interfaces/include/altair_interfaces/altair_interfaces/msg/can_status.hpp\n'}
[15.048001] (altair_interfaces) StdoutLine: {'line': b'-- Up-to-date: /home/altair/Person_Tracking_Roboware/install/altair_interfaces/include/altair_interfaces/altair_interfaces/msg/detail\n'}
[15.048143] (altair_interfaces) StdoutLine: {'line': b'-- Installing: /home/altair/Person_Tracking_Roboware/install/altair_interfaces/include/altair_interfaces/altair_interfaces/msg/detail/mdd_command__builder.hpp\n'}
[15.048263] (altair_interfaces) StdoutLine: {'line': b'-- Installing: /home/altair/Person_Tracking_Roboware/install/altair_interfaces/include/altair_interfaces/altair_interfaces/msg/detail/can_status__builder.hpp\n'}
[15.048385] (altair_interfaces) StdoutLine: {'line': b'-- Installing: /home/altair/Person_Tracking_Roboware/install/altair_interfaces/include/altair_interfaces/altair_interfaces/msg/detail/solenoid_command__struct.hpp\n'}
[15.048543] (altair_interfaces) StdoutLine: {'line': b'-- Installing: /home/altair/Person_Tracking_Roboware/install/altair_interfaces/include/altair_interfaces/altair_interfaces/msg/detail/solenoid_command__traits.hpp\n'}
[15.048707] (altair_interfaces) StdoutLine: {'line': b'-- Installing: /home/altair/Person_Tracking_Roboware/install/altair_interfaces/include/altair_interfaces/altair_interfaces/msg/detail/can_status__type_support.hpp\n'}
[15.048854] (altair_interfaces) StdoutLine: {'line': b'-- Installing: /home/altair/Person_Tracking_Roboware/install/altair_interfaces/include/altair_interfaces/altair_interfaces/msg/detail/mdd_command__type_support.hpp\n'}
[15.049012] (altair_interfaces) StdoutLine: {'line': b'-- Installing: /home/altair/Person_Tracking_Roboware/install/altair_interfaces/include/altair_interfaces/altair_interfaces/msg/detail/solenoid_command__type_support.hpp\n'}
[15.049161] (altair_interfaces) StdoutLine: {'line': b'-- Installing: /home/altair/Person_Tracking_Roboware/install/altair_interfaces/include/altair_interfaces/altair_interfaces/msg/detail/servo_command__struct.hpp\n'}
[15.049306] (altair_interfaces) StdoutLine: {'line': b'-- Installing: /home/altair/Person_Tracking_Roboware/install/altair_interfaces/include/altair_interfaces/altair_interfaces/msg/detail/mdd_feedback__struct.hpp\n'}
[15.049445] (altair_interfaces) StdoutLine: {'line': b'-- Installing: /home/altair/Person_Tracking_Roboware/install/altair_interfaces/include/altair_interfaces/altair_interfaces/msg/detail/servo_command__traits.hpp\n'}
[15.049582] (altair_interfaces) StdoutLine: {'line': b'-- Installing: /home/altair/Person_Tracking_Roboware/install/altair_interfaces/include/altair_interfaces/altair_interfaces/msg/detail/solenoid_command__builder.hpp\n'}
[15.049719] (altair_interfaces) StdoutLine: {'line': b'-- Installing: /home/altair/Person_Tracking_Roboware/install/altair_interfaces/include/altair_interfaces/altair_interfaces/msg/detail/mdd_command__traits.hpp\n'}
[15.049856] (altair_interfaces) StdoutLine: {'line': b'-- Installing: /home/altair/Person_Tracking_Roboware/install/altair_interfaces/include/altair_interfaces/altair_interfaces/msg/detail/can_status__traits.hpp\n'}
[15.050006] (altair_interfaces) StdoutLine: {'line': b'-- Installing: /home/altair/Person_Tracking_Roboware/install/altair_interfaces/include/altair_interfaces/altair_interfaces/msg/detail/mdd_feedback__type_support.hpp\n'}
[15.050155] (altair_interfaces) StdoutLine: {'line': b'-- Installing: /home/altair/Person_Tracking_Roboware/install/altair_interfaces/include/altair_interfaces/altair_interfaces/msg/detail/mdd_command__struct.hpp\n'}
[15.050261] (altair_interfaces) StdoutLine: {'line': b'-- Installing: /home/altair/Person_Tracking_Roboware/install/altair_interfaces/include/altair_interfaces/altair_interfaces/msg/detail/servo_command__builder.hpp\n'}
[15.050366] (altair_interfaces) StdoutLine: {'line': b'-- Installing: /home/altair/Person_Tracking_Roboware/install/altair_interfaces/include/altair_interfaces/altair_interfaces/msg/detail/mdd_feedback__builder.hpp\n'}
[15.050510] (altair_interfaces) StdoutLine: {'line': b'-- Installing: /home/altair/Person_Tracking_Roboware/install/altair_interfaces/include/altair_interfaces/altair_interfaces/msg/detail/mdd_feedback__traits.hpp\n'}
[15.050660] (altair_interfaces) StdoutLine: {'line': b'-- Installing: /home/altair/Person_Tracking_Roboware/install/altair_interfaces/include/altair_interfaces/altair_interfaces/msg/detail/can_status__struct.hpp\n'}
[15.050767] (altair_interfaces) StdoutLine: {'line': b'-- Installing: /home/altair/Person_Tracking_Roboware/install/altair_interfaces/include/altair_interfaces/altair_interfaces/msg/detail/servo_command__type_support.hpp\n'}
[15.050924] (altair_interfaces) StdoutLine: {'line': b'-- Installing: /home/altair/Person_Tracking_Roboware/install/altair_interfaces/include/altair_interfaces/altair_interfaces/msg/solenoid_command.hpp\n'}
[15.051068] (altair_interfaces) StdoutLine: {'line': b'-- Installing: /home/altair/Person_Tracking_Roboware/install/altair_interfaces/include/altair_interfaces/altair_interfaces/msg/rosidl_generator_cpp__visibility_control.hpp\n'}
[15.051196] (altair_interfaces) StdoutLine: {'line': b'-- Installing: /home/altair/Person_Tracking_Roboware/install/altair_interfaces/include/altair_interfaces/altair_interfaces/msg/mdd_command.hpp\n'}
[15.051340] (altair_interfaces) StdoutLine: {'line': b'-- Installing: /home/altair/Person_Tracking_Roboware/install/altair_interfaces/include/altair_interfaces/altair_interfaces/msg/mdd_feedback.hpp\n'}
[15.051452] (altair_interfaces) StdoutLine: {'line': b'-- Up-to-date: /home/altair/Person_Tracking_Roboware/install/altair_interfaces/include/altair_interfaces/altair_interfaces/srv\n'}
[15.051558] (altair_interfaces) StdoutLine: {'line': b'-- Installing: /home/altair/Person_Tracking_Roboware/install/altair_interfaces/include/altair_interfaces/altair_interfaces/srv/trigger_control.hpp\n'}
[15.051699] (altair_interfaces) StdoutLine: {'line': b'-- Up-to-date: /home/altair/Person_Tracking_Roboware/install/altair_interfaces/include/altair_interfaces/altair_interfaces/srv/detail\n'}
[15.051854] (altair_interfaces) StdoutLine: {'line': b'-- Installing: /home/altair/Person_Tracking_Roboware/install/altair_interfaces/include/altair_interfaces/altair_interfaces/srv/detail/connect_can__builder.hpp\n'}
[15.051961] (altair_interfaces) StdoutLine: {'line': b'-- Installing: /home/altair/Person_Tracking_Roboware/install/altair_interfaces/include/altair_interfaces/altair_interfaces/srv/detail/start_behavior__builder.hpp\n'}
[15.052093] (altair_interfaces) StdoutLine: {'line': b'-- Installing: /home/altair/Person_Tracking_Roboware/install/altair_interfaces/include/altair_interfaces/altair_interfaces/srv/detail/connect_can__struct.hpp\n'}
[15.052188] (altair_interfaces) StdoutLine: {'line': b'-- Installing: /home/altair/Person_Tracking_Roboware/install/altair_interfaces/include/altair_interfaces/altair_interfaces/srv/detail/get_available_ports__type_support.hpp\n'}
[15.052247] (altair_interfaces) StdoutLine: {'line': b'-- Installing: /home/altair/Person_Tracking_Roboware/install/altair_interfaces/include/altair_interfaces/altair_interfaces/srv/detail/trigger_control__struct.hpp\n'}
[15.052338] (altair_interfaces) StdoutLine: {'line': b'-- Installing: /home/altair/Person_Tracking_Roboware/install/altair_interfaces/include/altair_interfaces/altair_interfaces/srv/detail/trigger_control__type_support.hpp\n'}
[15.052420] (altair_interfaces) StdoutLine: {'line': b'-- Installing: /home/altair/Person_Tracking_Roboware/install/altair_interfaces/include/altair_interfaces/altair_interfaces/srv/detail/connect_can__traits.hpp\n'}
[15.052550] (altair_interfaces) StdoutLine: {'line': b'-- Installing: /home/altair/Person_Tracking_Roboware/install/altair_interfaces/include/altair_interfaces/altair_interfaces/srv/detail/trigger_control__traits.hpp\n'}
[15.052696] (altair_interfaces) StdoutLine: {'line': b'-- Installing: /home/altair/Person_Tracking_Roboware/install/altair_interfaces/include/altair_interfaces/altair_interfaces/srv/detail/get_available_ports__traits.hpp\n'}
[15.052881] (altair_interfaces) StdoutLine: {'line': b'-- Installing: /home/altair/Person_Tracking_Roboware/install/altair_interfaces/include/altair_interfaces/altair_interfaces/srv/detail/get_available_ports__struct.hpp\n'}
[15.053021] (altair_interfaces) StdoutLine: {'line': b'-- Installing: /home/altair/Person_Tracking_Roboware/install/altair_interfaces/include/altair_interfaces/altair_interfaces/srv/detail/trigger_control__builder.hpp\n'}
[15.053198] (altair_interfaces) StdoutLine: {'line': b'-- Installing: /home/altair/Person_Tracking_Roboware/install/altair_interfaces/include/altair_interfaces/altair_interfaces/srv/detail/get_available_ports__builder.hpp\n'}
[15.053387] (altair_interfaces) StdoutLine: {'line': b'-- Installing: /home/altair/Person_Tracking_Roboware/install/altair_interfaces/include/altair_interfaces/altair_interfaces/srv/detail/start_behavior__traits.hpp\n'}
[15.053578] (altair_interfaces) StdoutLine: {'line': b'-- Installing: /home/altair/Person_Tracking_Roboware/install/altair_interfaces/include/altair_interfaces/altair_interfaces/srv/detail/connect_can__type_support.hpp\n'}
[15.053648] (altair_interfaces) StdoutLine: {'line': b'-- Installing: /home/altair/Person_Tracking_Roboware/install/altair_interfaces/include/altair_interfaces/altair_interfaces/srv/detail/start_behavior__struct.hpp\n'}
[15.053755] (altair_interfaces) StdoutLine: {'line': b'-- Installing: /home/altair/Person_Tracking_Roboware/install/altair_interfaces/include/altair_interfaces/altair_interfaces/srv/detail/start_behavior__type_support.hpp\n'}
[15.053862] (altair_interfaces) StdoutLine: {'line': b'-- Installing: /home/altair/Person_Tracking_Roboware/install/altair_interfaces/include/altair_interfaces/altair_interfaces/srv/connect_can.hpp\n'}
[15.053998] (altair_interfaces) StdoutLine: {'line': b'-- Installing: /home/altair/Person_Tracking_Roboware/install/altair_interfaces/include/altair_interfaces/altair_interfaces/srv/get_available_ports.hpp\n'}
[15.054139] (altair_interfaces) StdoutLine: {'line': b'-- Installing: /home/altair/Person_Tracking_Roboware/install/altair_interfaces/include/altair_interfaces/altair_interfaces/srv/start_behavior.hpp\n'}
[15.054307] (altair_interfaces) StdoutLine: {'line': b'-- Up-to-date: /home/altair/Person_Tracking_Roboware/install/altair_interfaces/include/altair_interfaces/altair_interfaces\n'}
[15.054407] (altair_interfaces) StdoutLine: {'line': b'-- Up-to-date: /home/altair/Person_Tracking_Roboware/install/altair_interfaces/include/altair_interfaces/altair_interfaces/msg\n'}
[15.054554] (altair_interfaces) StdoutLine: {'line': b'-- Installing: /home/altair/Person_Tracking_Roboware/install/altair_interfaces/include/altair_interfaces/altair_interfaces/msg/rosidl_typesupport_fastrtps_cpp__visibility_control.h\n'}
[15.054676] (altair_interfaces) StdoutLine: {'line': b'-- Up-to-date: /home/altair/Person_Tracking_Roboware/install/altair_interfaces/include/altair_interfaces/altair_interfaces/msg/detail\n'}
[15.054788] (altair_interfaces) StdoutLine: {'line': b'-- Installing: /home/altair/Person_Tracking_Roboware/install/altair_interfaces/include/altair_interfaces/altair_interfaces/msg/detail/mdd_command__rosidl_typesupport_fastrtps_cpp.hpp\n'}
[15.054892] (altair_interfaces) StdoutLine: {'line': b'-- Installing: /home/altair/Person_Tracking_Roboware/install/altair_interfaces/include/altair_interfaces/altair_interfaces/msg/detail/mdd_feedback__rosidl_typesupport_fastrtps_cpp.hpp\n'}
[15.055000] (altair_interfaces) StdoutLine: {'line': b'-- Installing: /home/altair/Person_Tracking_Roboware/install/altair_interfaces/include/altair_interfaces/altair_interfaces/msg/detail/servo_command__rosidl_typesupport_fastrtps_cpp.hpp\n'}
[15.055124] (altair_interfaces) StdoutLine: {'line': b'-- Installing: /home/altair/Person_Tracking_Roboware/install/altair_interfaces/include/altair_interfaces/altair_interfaces/msg/detail/solenoid_command__rosidl_typesupport_fastrtps_cpp.hpp\n'}
[15.055259] (altair_interfaces) StdoutLine: {'line': b'-- Installing: /home/altair/Person_Tracking_Roboware/install/altair_interfaces/include/altair_interfaces/altair_interfaces/msg/detail/can_status__rosidl_typesupport_fastrtps_cpp.hpp\n'}
[15.055394] (altair_interfaces) StdoutLine: {'line': b'-- Installing: /home/altair/Person_Tracking_Roboware/install/altair_interfaces/include/altair_interfaces/altair_interfaces/msg/detail/dds_fastrtps\n'}
[15.055503] (altair_interfaces) StdoutLine: {'line': b'-- Up-to-date: /home/altair/Person_Tracking_Roboware/install/altair_interfaces/include/altair_interfaces/altair_interfaces/srv\n'}
[15.055595] (altair_interfaces) StdoutLine: {'line': b'-- Up-to-date: /home/altair/Person_Tracking_Roboware/install/altair_interfaces/include/altair_interfaces/altair_interfaces/srv/detail\n'}
[15.055694] (altair_interfaces) StdoutLine: {'line': b'-- Installing: /home/altair/Person_Tracking_Roboware/install/altair_interfaces/include/altair_interfaces/altair_interfaces/srv/detail/connect_can__rosidl_typesupport_fastrtps_cpp.hpp\n'}
[15.055787] (altair_interfaces) StdoutLine: {'line': b'-- Installing: /home/altair/Person_Tracking_Roboware/install/altair_interfaces/include/altair_interfaces/altair_interfaces/srv/detail/start_behavior__rosidl_typesupport_fastrtps_cpp.hpp\n'}
[15.055917] (altair_interfaces) StdoutLine: {'line': b'-- Installing: /home/altair/Person_Tracking_Roboware/install/altair_interfaces/include/altair_interfaces/altair_interfaces/srv/detail/dds_fastrtps\n'}
[15.056045] (altair_interfaces) StdoutLine: {'line': b'-- Installing: /home/altair/Person_Tracking_Roboware/install/altair_interfaces/include/altair_interfaces/altair_interfaces/srv/detail/get_available_ports__rosidl_typesupport_fastrtps_cpp.hpp\n'}
[15.056191] (altair_interfaces) StdoutLine: {'line': b'-- Installing: /home/altair/Person_Tracking_Roboware/install/altair_interfaces/include/altair_interfaces/altair_interfaces/srv/detail/trigger_control__rosidl_typesupport_fastrtps_cpp.hpp\n'}
[15.056437] (altair_interfaces) StdoutLine: {'line': b'-- Installing: /home/altair/Person_Tracking_Roboware/install/altair_interfaces/lib/libaltair_interfaces__rosidl_typesupport_fastrtps_cpp.so\n'}
[15.057063] (altair_interfaces) StdoutLine: {'line': b'-- Set runtime path of "/home/altair/Person_Tracking_Roboware/install/altair_interfaces/lib/libaltair_interfaces__rosidl_typesupport_fastrtps_cpp.so" to ""\n'}
[15.057260] (altair_interfaces) StdoutLine: {'line': b'-- Up-to-date: /home/altair/Person_Tracking_Roboware/install/altair_interfaces/include/altair_interfaces/altair_interfaces\n'}
[15.057377] (altair_interfaces) StdoutLine: {'line': b'-- Up-to-date: /home/altair/Person_Tracking_Roboware/install/altair_interfaces/include/altair_interfaces/altair_interfaces/msg\n'}
[15.057449] (altair_interfaces) StdoutLine: {'line': b'-- Up-to-date: /home/altair/Person_Tracking_Roboware/install/altair_interfaces/include/altair_interfaces/altair_interfaces/msg/detail\n'}
[15.057517] (altair_interfaces) StdoutLine: {'line': b'-- Installing: /home/altair/Person_Tracking_Roboware/install/altair_interfaces/include/altair_interfaces/altair_interfaces/msg/detail/mdd_feedback__rosidl_typesupport_introspection_cpp.hpp\n'}
[15.057682] (altair_interfaces) StdoutLine: {'line': b'-- Installing: /home/altair/Person_Tracking_Roboware/install/altair_interfaces/include/altair_interfaces/altair_interfaces/msg/detail/can_status__rosidl_typesupport_introspection_cpp.hpp\n'}
[15.057781] (altair_interfaces) StdoutLine: {'line': b'-- Installing: /home/altair/Person_Tracking_Roboware/install/altair_interfaces/include/altair_interfaces/altair_interfaces/msg/detail/mdd_command__rosidl_typesupport_introspection_cpp.hpp\n'}
[15.057887] (altair_interfaces) StdoutLine: {'line': b'-- Installing: /home/altair/Person_Tracking_Roboware/install/altair_interfaces/include/altair_interfaces/altair_interfaces/msg/detail/mdd_feedback__type_support.cpp\n'}
[15.057978] (altair_interfaces) StdoutLine: {'line': b'-- Installing: /home/altair/Person_Tracking_Roboware/install/altair_interfaces/include/altair_interfaces/altair_interfaces/msg/detail/servo_command__type_support.cpp\n'}
[15.058136] (altair_interfaces) StdoutLine: {'line': b'-- Installing: /home/altair/Person_Tracking_Roboware/install/altair_interfaces/include/altair_interfaces/altair_interfaces/msg/detail/solenoid_command__type_support.cpp\n'}
[15.058262] (altair_interfaces) StdoutLine: {'line': b'-- Installing: /home/altair/Person_Tracking_Roboware/install/altair_interfaces/include/altair_interfaces/altair_interfaces/msg/detail/mdd_command__type_support.cpp\n'}
[15.058383] (altair_interfaces) StdoutLine: {'line': b'-- Installing: /home/altair/Person_Tracking_Roboware/install/altair_interfaces/include/altair_interfaces/altair_interfaces/msg/detail/can_status__type_support.cpp\n'}
[15.058521] (altair_interfaces) StdoutLine: {'line': b'-- Installing: /home/altair/Person_Tracking_Roboware/install/altair_interfaces/include/altair_interfaces/altair_interfaces/msg/detail/servo_command__rosidl_typesupport_introspection_cpp.hpp\n'}
[15.058661] (altair_interfaces) StdoutLine: {'line': b'-- Installing: /home/altair/Person_Tracking_Roboware/install/altair_interfaces/include/altair_interfaces/altair_interfaces/msg/detail/solenoid_command__rosidl_typesupport_introspection_cpp.hpp\n'}
[15.058791] (altair_interfaces) StdoutLine: {'line': b'-- Up-to-date: /home/altair/Person_Tracking_Roboware/install/altair_interfaces/include/altair_interfaces/altair_interfaces/srv\n'}
[15.058893] (altair_interfaces) StdoutLine: {'line': b'-- Up-to-date: /home/altair/Person_Tracking_Roboware/install/altair_interfaces/include/altair_interfaces/altair_interfaces/srv/detail\n'}
[15.058989] (altair_interfaces) StdoutLine: {'line': b'-- Installing: /home/altair/Person_Tracking_Roboware/install/altair_interfaces/include/altair_interfaces/altair_interfaces/srv/detail/connect_can__rosidl_typesupport_introspection_cpp.hpp\n'}
[15.059152] (altair_interfaces) StdoutLine: {'line': b'-- Installing: /home/altair/Person_Tracking_Roboware/install/altair_interfaces/include/altair_interfaces/altair_interfaces/srv/detail/get_available_ports__type_support.cpp\n'}
[15.059341] (altair_interfaces) StdoutLine: {'line': b'-- Installing: /home/altair/Person_Tracking_Roboware/install/altair_interfaces/include/altair_interfaces/altair_interfaces/srv/detail/connect_can__type_support.cpp\n'}
[15.059471] (altair_interfaces) StdoutLine: {'line': b'-- Installing: /home/altair/Person_Tracking_Roboware/install/altair_interfaces/include/altair_interfaces/altair_interfaces/srv/detail/start_behavior__type_support.cpp\n'}
[15.059575] (altair_interfaces) StdoutLine: {'line': b'-- Installing: /home/altair/Person_Tracking_Roboware/install/altair_interfaces/include/altair_interfaces/altair_interfaces/srv/detail/trigger_control__type_support.cpp\n'}
[15.059707] (altair_interfaces) StdoutLine: {'line': b'-- Installing: /home/altair/Person_Tracking_Roboware/install/altair_interfaces/include/altair_interfaces/altair_interfaces/srv/detail/trigger_control__rosidl_typesupport_introspection_cpp.hpp\n'}
[15.059849] (altair_interfaces) StdoutLine: {'line': b'-- Installing: /home/altair/Person_Tracking_Roboware/install/altair_interfaces/include/altair_interfaces/altair_interfaces/srv/detail/get_available_ports__rosidl_typesupport_introspection_cpp.hpp\n'}
[15.059991] (altair_interfaces) StdoutLine: {'line': b'-- Installing: /home/altair/Person_Tracking_Roboware/install/altair_interfaces/include/altair_interfaces/altair_interfaces/srv/detail/start_behavior__rosidl_typesupport_introspection_cpp.hpp\n'}
[15.060243] (altair_interfaces) StdoutLine: {'line': b'-- Installing: /home/altair/Person_Tracking_Roboware/install/altair_interfaces/lib/libaltair_interfaces__rosidl_typesupport_introspection_cpp.so\n'}
[15.060876] (altair_interfaces) StdoutLine: {'line': b'-- Set runtime path of "/home/altair/Person_Tracking_Roboware/install/altair_interfaces/lib/libaltair_interfaces__rosidl_typesupport_introspection_cpp.so" to ""\n'}
[15.061020] (altair_interfaces) StdoutLine: {'line': b'-- Installing: /home/altair/Person_Tracking_Roboware/install/altair_interfaces/lib/libaltair_interfaces__rosidl_typesupport_cpp.so\n'}
[15.061490] (altair_interfaces) StdoutLine: {'line': b'-- Set runtime path of "/home/altair/Person_Tracking_Roboware/install/altair_interfaces/lib/libaltair_interfaces__rosidl_typesupport_cpp.so" to ""\n'}
[15.061613] (altair_interfaces) StdoutLine: {'line': b'-- Installing: /home/altair/Person_Tracking_Roboware/install/altair_interfaces/share/altair_interfaces/environment/pythonpath.sh\n'}
[15.061774] (altair_interfaces) StdoutLine: {'line': b'-- Installing: /home/altair/Person_Tracking_Roboware/install/altair_interfaces/share/altair_interfaces/environment/pythonpath.dsv\n'}
[15.061907] (altair_interfaces) StdoutLine: {'line': b'-- Installing: /home/altair/Person_Tracking_Roboware/install/altair_interfaces/local/lib/python3.10/dist-packages/altair_interfaces-1.0.0-py3.10.egg-info\n'}
[15.062107] (altair_interfaces) StdoutLine: {'line': b'-- Installing: /home/altair/Person_Tracking_Roboware/install/altair_interfaces/local/lib/python3.10/dist-packages/altair_interfaces-1.0.0-py3.10.egg-info/dependency_links.txt\n'}
[15.062312] (altair_interfaces) StdoutLine: {'line': b'-- Installing: /home/altair/Person_Tracking_Roboware/install/altair_interfaces/local/lib/python3.10/dist-packages/altair_interfaces-1.0.0-py3.10.egg-info/PKG-INFO\n'}
[15.062433] (altair_interfaces) StdoutLine: {'line': b'-- Installing: /home/altair/Person_Tracking_Roboware/install/altair_interfaces/local/lib/python3.10/dist-packages/altair_interfaces-1.0.0-py3.10.egg-info/top_level.txt\n'}
[15.062546] (altair_interfaces) StdoutLine: {'line': b'-- Installing: /home/altair/Person_Tracking_Roboware/install/altair_interfaces/local/lib/python3.10/dist-packages/altair_interfaces-1.0.0-py3.10.egg-info/SOURCES.txt\n'}
[15.062673] (altair_interfaces) StdoutLine: {'line': b'-- Installing: /home/altair/Person_Tracking_Roboware/install/altair_interfaces/local/lib/python3.10/dist-packages/altair_interfaces\n'}
[15.062773] (altair_interfaces) StdoutLine: {'line': b'-- Installing: /home/altair/Person_Tracking_Roboware/install/altair_interfaces/local/lib/python3.10/dist-packages/altair_interfaces/libaltair_interfaces__rosidl_generator_py.so\n'}
[15.063011] (altair_interfaces) StdoutLine: {'line': b'-- Installing: /home/altair/Person_Tracking_Roboware/install/altair_interfaces/local/lib/python3.10/dist-packages/altair_interfaces/altair_interfaces_s__rosidl_typesupport_introspection_c.cpython-310-x86_64-linux-gnu.so\n'}
[15.063229] (altair_interfaces) StdoutLine: {'line': b'-- Installing: /home/altair/Person_Tracking_Roboware/install/altair_interfaces/local/lib/python3.10/dist-packages/altair_interfaces/altair_interfaces_s__rosidl_typesupport_c.cpython-310-x86_64-linux-gnu.so\n'}
[15.063420] (altair_interfaces) StdoutLine: {'line': b'-- Installing: /home/altair/Person_Tracking_Roboware/install/altair_interfaces/local/lib/python3.10/dist-packages/altair_interfaces/msg\n'}
[15.063605] (altair_interfaces) StdoutLine: {'line': b'-- Installing: /home/altair/Person_Tracking_Roboware/install/altair_interfaces/local/lib/python3.10/dist-packages/altair_interfaces/msg/_servo_command.py\n'}
[15.063721] (altair_interfaces) StdoutLine: {'line': b'-- Installing: /home/altair/Person_Tracking_Roboware/install/altair_interfaces/local/lib/python3.10/dist-packages/altair_interfaces/msg/__init__.py\n'}
[15.063869] (altair_interfaces) StdoutLine: {'line': b'-- Installing: /home/altair/Person_Tracking_Roboware/install/altair_interfaces/local/lib/python3.10/dist-packages/altair_interfaces/msg/_can_status_s.c\n'}
[15.063982] (altair_interfaces) StdoutLine: {'line': b'-- Installing: /home/altair/Person_Tracking_Roboware/install/altair_interfaces/local/lib/python3.10/dist-packages/altair_interfaces/msg/_can_status.py\n'}
[15.064099] (altair_interfaces) StdoutLine: {'line': b'-- Installing: /home/altair/Person_Tracking_Roboware/install/altair_interfaces/local/lib/python3.10/dist-packages/altair_interfaces/msg/_mdd_feedback.py\n'}
[15.064204] (altair_interfaces) StdoutLine: {'line': b'-- Installing: /home/altair/Person_Tracking_Roboware/install/altair_interfaces/local/lib/python3.10/dist-packages/altair_interfaces/msg/_servo_command_s.c\n'}
[15.064344] (altair_interfaces) StdoutLine: {'line': b'-- Installing: /home/altair/Person_Tracking_Roboware/install/altair_interfaces/local/lib/python3.10/dist-packages/altair_interfaces/msg/_solenoid_command.py\n'}
[15.064479] (altair_interfaces) StdoutLine: {'line': b'-- Installing: /home/altair/Person_Tracking_Roboware/install/altair_interfaces/local/lib/python3.10/dist-packages/altair_interfaces/msg/_mdd_command.py\n'}
[15.064659] (altair_interfaces) StdoutLine: {'line': b'-- Installing: /home/altair/Person_Tracking_Roboware/install/altair_interfaces/local/lib/python3.10/dist-packages/altair_interfaces/msg/_solenoid_command_s.c\n'}
[15.064850] (altair_interfaces) StdoutLine: {'line': b'-- Installing: /home/altair/Person_Tracking_Roboware/install/altair_interfaces/local/lib/python3.10/dist-packages/altair_interfaces/msg/_mdd_feedback_s.c\n'}
[15.064971] (altair_interfaces) StdoutLine: {'line': b'-- Installing: /home/altair/Person_Tracking_Roboware/install/altair_interfaces/local/lib/python3.10/dist-packages/altair_interfaces/msg/_mdd_command_s.c\n'}
[15.065163] (altair_interfaces) StdoutLine: {'line': b'-- Installing: /home/altair/Person_Tracking_Roboware/install/altair_interfaces/local/lib/python3.10/dist-packages/altair_interfaces/_altair_interfaces_s.ep.rosidl_typesupport_c.c\n'}
[15.065265] (altair_interfaces) StdoutLine: {'line': b'-- Installing: /home/altair/Person_Tracking_Roboware/install/altair_interfaces/local/lib/python3.10/dist-packages/altair_interfaces/__init__.py\n'}
[15.065372] (altair_interfaces) StdoutLine: {'line': b'-- Installing: /home/altair/Person_Tracking_Roboware/install/altair_interfaces/local/lib/python3.10/dist-packages/altair_interfaces/srv\n'}
[15.065474] (altair_interfaces) StdoutLine: {'line': b'-- Installing: /home/altair/Person_Tracking_Roboware/install/altair_interfaces/local/lib/python3.10/dist-packages/altair_interfaces/srv/__init__.py\n'}
[15.065597] (altair_interfaces) StdoutLine: {'line': b'-- Installing: /home/altair/Person_Tracking_Roboware/install/altair_interfaces/local/lib/python3.10/dist-packages/altair_interfaces/srv/_start_behavior_s.c\n'}
[15.065728] (altair_interfaces) StdoutLine: {'line': b'-- Installing: /home/altair/Person_Tracking_Roboware/install/altair_interfaces/local/lib/python3.10/dist-packages/altair_interfaces/srv/_trigger_control.py\n'}
[15.065868] (altair_interfaces) StdoutLine: {'line': b'-- Installing: /home/altair/Person_Tracking_Roboware/install/altair_interfaces/local/lib/python3.10/dist-packages/altair_interfaces/srv/_connect_can.py\n'}
[15.066019] (altair_interfaces) StdoutLine: {'line': b'-- Installing: /home/altair/Person_Tracking_Roboware/install/altair_interfaces/local/lib/python3.10/dist-packages/altair_interfaces/srv/_trigger_control_s.c\n'}
[15.066201] (altair_interfaces) StdoutLine: {'line': b'-- Installing: /home/altair/Person_Tracking_Roboware/install/altair_interfaces/local/lib/python3.10/dist-packages/altair_interfaces/srv/_start_behavior.py\n'}
[15.066398] (altair_interfaces) StdoutLine: {'line': b'-- Installing: /home/altair/Person_Tracking_Roboware/install/altair_interfaces/local/lib/python3.10/dist-packages/altair_interfaces/srv/_connect_can_s.c\n'}
[15.066574] (altair_interfaces) StdoutLine: {'line': b'-- Installing: /home/altair/Person_Tracking_Roboware/install/altair_interfaces/local/lib/python3.10/dist-packages/altair_interfaces/srv/_get_available_ports_s.c\n'}
[15.066800] (altair_interfaces) StdoutLine: {'line': b'-- Installing: /home/altair/Person_Tracking_Roboware/install/altair_interfaces/local/lib/python3.10/dist-packages/altair_interfaces/srv/_get_available_ports.py\n'}
[15.066870] (altair_interfaces) StdoutLine: {'line': b'-- Installing: /home/altair/Person_Tracking_Roboware/install/altair_interfaces/local/lib/python3.10/dist-packages/altair_interfaces/_altair_interfaces_s.ep.rosidl_typesupport_introspection_c.c\n'}
[15.066961] (altair_interfaces) StdoutLine: {'line': b'-- Installing: /home/altair/Person_Tracking_Roboware/install/altair_interfaces/local/lib/python3.10/dist-packages/altair_interfaces/altair_interfaces_s__rosidl_typesupport_fastrtps_c.cpython-310-x86_64-linux-gnu.so\n'}
[15.067140] (altair_interfaces) StdoutLine: {'line': b'-- Installing: /home/altair/Person_Tracking_Roboware/install/altair_interfaces/local/lib/python3.10/dist-packages/altair_interfaces/_altair_interfaces_s.ep.rosidl_typesupport_fastrtps_c.c\n'}
[15.111290] (-) TimerEvent: {}
[15.113141] (altair_interfaces) StdoutLine: {'line': b"Listing '/home/altair/Person_Tracking_Roboware/install/altair_interfaces/local/lib/python3.10/dist-packages/altair_interfaces'...\n"}
[15.113334] (altair_interfaces) StdoutLine: {'line': b"Compiling '/home/altair/Person_Tracking_Roboware/install/altair_interfaces/local/lib/python3.10/dist-packages/altair_interfaces/__init__.py'...\n"}
[15.113429] (altair_interfaces) StdoutLine: {'line': b"Listing '/home/altair/Person_Tracking_Roboware/install/altair_interfaces/local/lib/python3.10/dist-packages/altair_interfaces/msg'...\n"}
[15.113494] (altair_interfaces) StdoutLine: {'line': b"Compiling '/home/altair/Person_Tracking_Roboware/install/altair_interfaces/local/lib/python3.10/dist-packages/altair_interfaces/msg/__init__.py'...\n"}
[15.113572] (altair_interfaces) StdoutLine: {'line': b"Compiling '/home/altair/Person_Tracking_Roboware/install/altair_interfaces/local/lib/python3.10/dist-packages/altair_interfaces/msg/_can_status.py'...\n"}
[15.113634] (altair_interfaces) StdoutLine: {'line': b"Compiling '/home/altair/Person_Tracking_Roboware/install/altair_interfaces/local/lib/python3.10/dist-packages/altair_interfaces/msg/_mdd_command.py'...\n"}
[15.113702] (altair_interfaces) StdoutLine: {'line': b"Compiling '/home/altair/Person_Tracking_Roboware/install/altair_interfaces/local/lib/python3.10/dist-packages/altair_interfaces/msg/_mdd_feedback.py'...\n"}
[15.113761] (altair_interfaces) StdoutLine: {'line': b"Compiling '/home/altair/Person_Tracking_Roboware/install/altair_interfaces/local/lib/python3.10/dist-packages/altair_interfaces/msg/_servo_command.py'...\n"}
[15.113818] (altair_interfaces) StdoutLine: {'line': b"Compiling '/home/altair/Person_Tracking_Roboware/install/altair_interfaces/local/lib/python3.10/dist-packages/altair_interfaces/msg/_solenoid_command.py'...\n"}
[15.113874] (altair_interfaces) StdoutLine: {'line': b"Listing '/home/altair/Person_Tracking_Roboware/install/altair_interfaces/local/lib/python3.10/dist-packages/altair_interfaces/srv'...\n"}
[15.113931] (altair_interfaces) StdoutLine: {'line': b"Compiling '/home/altair/Person_Tracking_Roboware/install/altair_interfaces/local/lib/python3.10/dist-packages/altair_interfaces/srv/__init__.py'...\n"}
[15.113987] (altair_interfaces) StdoutLine: {'line': b"Compiling '/home/altair/Person_Tracking_Roboware/install/altair_interfaces/local/lib/python3.10/dist-packages/altair_interfaces/srv/_connect_can.py'...\n"}
[15.114057] (altair_interfaces) StdoutLine: {'line': b"Compiling '/home/altair/Person_Tracking_Roboware/install/altair_interfaces/local/lib/python3.10/dist-packages/altair_interfaces/srv/_get_available_ports.py'...\n"}
[15.114116] (altair_interfaces) StdoutLine: {'line': b"Compiling '/home/altair/Person_Tracking_Roboware/install/altair_interfaces/local/lib/python3.10/dist-packages/altair_interfaces/srv/_start_behavior.py'...\n"}
[15.114174] (altair_interfaces) StdoutLine: {'line': b"Compiling '/home/altair/Person_Tracking_Roboware/install/altair_interfaces/local/lib/python3.10/dist-packages/altair_interfaces/srv/_trigger_control.py'...\n"}
[15.119330] (altair_interfaces) StdoutLine: {'line': b'-- Installing: /home/altair/Person_Tracking_Roboware/install/altair_interfaces/local/lib/python3.10/dist-packages/altair_interfaces/altair_interfaces_s__rosidl_typesupport_fastrtps_c.cpython-310-x86_64-linux-gnu.so\n'}
[15.119804] (altair_interfaces) StdoutLine: {'line': b'-- Set runtime path of "/home/altair/Person_Tracking_Roboware/install/altair_interfaces/local/lib/python3.10/dist-packages/altair_interfaces/altair_interfaces_s__rosidl_typesupport_fastrtps_c.cpython-310-x86_64-linux-gnu.so" to ""\n'}
[15.120004] (altair_interfaces) StdoutLine: {'line': b'-- Installing: /home/altair/Person_Tracking_Roboware/install/altair_interfaces/local/lib/python3.10/dist-packages/altair_interfaces/altair_interfaces_s__rosidl_typesupport_introspection_c.cpython-310-x86_64-linux-gnu.so\n'}
[15.120609] (altair_interfaces) StdoutLine: {'line': b'-- Set runtime path of "/home/altair/Person_Tracking_Roboware/install/altair_interfaces/local/lib/python3.10/dist-packages/altair_interfaces/altair_interfaces_s__rosidl_typesupport_introspection_c.cpython-310-x86_64-linux-gnu.so" to ""\n'}
[15.120908] (altair_interfaces) StdoutLine: {'line': b'-- Installing: /home/altair/Person_Tracking_Roboware/install/altair_interfaces/local/lib/python3.10/dist-packages/altair_interfaces/altair_interfaces_s__rosidl_typesupport_c.cpython-310-x86_64-linux-gnu.so\n'}
[15.121430] (altair_interfaces) StdoutLine: {'line': b'-- Set runtime path of "/home/altair/Person_Tracking_Roboware/install/altair_interfaces/local/lib/python3.10/dist-packages/altair_interfaces/altair_interfaces_s__rosidl_typesupport_c.cpython-310-x86_64-linux-gnu.so" to ""\n'}
[15.121647] (altair_interfaces) StdoutLine: {'line': b'-- Installing: /home/altair/Person_Tracking_Roboware/install/altair_interfaces/lib/libaltair_interfaces__rosidl_generator_py.so\n'}
[15.122148] (altair_interfaces) StdoutLine: {'line': b'-- Set runtime path of "/home/altair/Person_Tracking_Roboware/install/altair_interfaces/lib/libaltair_interfaces__rosidl_generator_py.so" to ""\n'}
[15.122335] (altair_interfaces) StdoutLine: {'line': b'-- Installing: /home/altair/Person_Tracking_Roboware/install/altair_interfaces/share/ament_index/resource_index/rust_packages/altair_interfaces\n'}
[15.122621] (altair_interfaces) StdoutLine: {'line': b'-- Installing: /home/altair/Person_Tracking_Roboware/install/altair_interfaces/share/altair_interfaces/rust\n'}
[15.122713] (altair_interfaces) StdoutLine: {'line': b'-- Installing: /home/altair/Person_Tracking_Roboware/install/altair_interfaces/share/altair_interfaces/rust/Cargo.toml\n'}
[15.122784] (altair_interfaces) StdoutLine: {'line': b'-- Installing: /home/altair/Person_Tracking_Roboware/install/altair_interfaces/share/altair_interfaces/rust/src\n'}
[15.122891] (altair_interfaces) StdoutLine: {'line': b'-- Installing: /home/altair/Person_Tracking_Roboware/install/altair_interfaces/share/altair_interfaces/rust/src/msg\n'}
[15.123019] (altair_interfaces) StdoutLine: {'line': b'-- Installing: /home/altair/Person_Tracking_Roboware/install/altair_interfaces/share/altair_interfaces/rust/src/msg/rmw.rs\n'}
[15.123096] (altair_interfaces) StdoutLine: {'line': b'-- Installing: /home/altair/Person_Tracking_Roboware/install/altair_interfaces/share/altair_interfaces/rust/src/srv\n'}
[15.123194] (altair_interfaces) StdoutLine: {'line': b'-- Installing: /home/altair/Person_Tracking_Roboware/install/altair_interfaces/share/altair_interfaces/rust/src/srv/rmw.rs\n'}
[15.123293] (altair_interfaces) StdoutLine: {'line': b'-- Installing: /home/altair/Person_Tracking_Roboware/install/altair_interfaces/share/altair_interfaces/rust/src/msg.rs\n'}
[15.123428] (altair_interfaces) StdoutLine: {'line': b'-- Installing: /home/altair/Person_Tracking_Roboware/install/altair_interfaces/share/altair_interfaces/rust/src/lib.rs\n'}
[15.123551] (altair_interfaces) StdoutLine: {'line': b'-- Installing: /home/altair/Person_Tracking_Roboware/install/altair_interfaces/share/altair_interfaces/rust/src/srv.rs\n'}
[15.123730] (altair_interfaces) StdoutLine: {'line': b'-- Installing: /home/altair/Person_Tracking_Roboware/install/altair_interfaces/share/altair_interfaces/rust/build.rs\n'}
[15.123898] (altair_interfaces) StdoutLine: {'line': b'-- Installing: /home/altair/Person_Tracking_Roboware/install/altair_interfaces/share/altair_interfaces/msg/CanStatus.idl\n'}
[15.124099] (altair_interfaces) StdoutLine: {'line': b'-- Installing: /home/altair/Person_Tracking_Roboware/install/altair_interfaces/share/altair_interfaces/msg/MddFeedback.idl\n'}
[15.124257] (altair_interfaces) StdoutLine: {'line': b'-- Installing: /home/altair/Person_Tracking_Roboware/install/altair_interfaces/share/altair_interfaces/msg/MddCommand.idl\n'}
[15.124387] (altair_interfaces) StdoutLine: {'line': b'-- Installing: /home/altair/Person_Tracking_Roboware/install/altair_interfaces/share/altair_interfaces/msg/ServoCommand.idl\n'}
[15.124557] (altair_interfaces) StdoutLine: {'line': b'-- Installing: /home/altair/Person_Tracking_Roboware/install/altair_interfaces/share/altair_interfaces/msg/SolenoidCommand.idl\n'}
[15.124800] (altair_interfaces) StdoutLine: {'line': b'-- Installing: /home/altair/Person_Tracking_Roboware/install/altair_interfaces/share/altair_interfaces/srv/TriggerControl.idl\n'}
[15.124942] (altair_interfaces) StdoutLine: {'line': b'-- Installing: /home/altair/Person_Tracking_Roboware/install/altair_interfaces/share/altair_interfaces/srv/GetAvailablePorts.idl\n'}
[15.125147] (altair_interfaces) StdoutLine: {'line': b'-- Installing: /home/altair/Person_Tracking_Roboware/install/altair_interfaces/share/altair_interfaces/srv/ConnectCan.idl\n'}
[15.125330] (altair_interfaces) StdoutLine: {'line': b'-- Installing: /home/altair/Person_Tracking_Roboware/install/altair_interfaces/share/altair_interfaces/srv/StartBehavior.idl\n'}
[15.125507] (altair_interfaces) StdoutLine: {'line': b'-- Installing: /home/altair/Person_Tracking_Roboware/install/altair_interfaces/share/altair_interfaces/msg/CanStatus.msg\n'}
[15.125670] (altair_interfaces) StdoutLine: {'line': b'-- Installing: /home/altair/Person_Tracking_Roboware/install/altair_interfaces/share/altair_interfaces/msg/MddFeedback.msg\n'}
[15.125795] (altair_interfaces) StdoutLine: {'line': b'-- Installing: /home/altair/Person_Tracking_Roboware/install/altair_interfaces/share/altair_interfaces/msg/MddCommand.msg\n'}
[15.125960] (altair_interfaces) StdoutLine: {'line': b'-- Installing: /home/altair/Person_Tracking_Roboware/install/altair_interfaces/share/altair_interfaces/msg/ServoCommand.msg\n'}
[15.126144] (altair_interfaces) StdoutLine: {'line': b'-- Installing: /home/altair/Person_Tracking_Roboware/install/altair_interfaces/share/altair_interfaces/msg/SolenoidCommand.msg\n'}
[15.126312] (altair_interfaces) StdoutLine: {'line': b'-- Installing: /home/altair/Person_Tracking_Roboware/install/altair_interfaces/share/altair_interfaces/srv/TriggerControl.srv\n'}
[15.126498] (altair_interfaces) StdoutLine: {'line': b'-- Installing: /home/altair/Person_Tracking_Roboware/install/altair_interfaces/share/altair_interfaces/srv/TriggerControl_Request.msg\n'}
[15.126614] (altair_interfaces) StdoutLine: {'line': b'-- Installing: /home/altair/Person_Tracking_Roboware/install/altair_interfaces/share/altair_interfaces/srv/TriggerControl_Response.msg\n'}
[15.126792] (altair_interfaces) StdoutLine: {'line': b'-- Installing: /home/altair/Person_Tracking_Roboware/install/altair_interfaces/share/altair_interfaces/srv/GetAvailablePorts.srv\n'}
[15.126987] (altair_interfaces) StdoutLine: {'line': b'-- Installing: /home/altair/Person_Tracking_Roboware/install/altair_interfaces/share/altair_interfaces/srv/GetAvailablePorts_Request.msg\n'}
[15.127198] (altair_interfaces) StdoutLine: {'line': b'-- Installing: /home/altair/Person_Tracking_Roboware/install/altair_interfaces/share/altair_interfaces/srv/GetAvailablePorts_Response.msg\n'}
[15.127359] (altair_interfaces) StdoutLine: {'line': b'-- Installing: /home/altair/Person_Tracking_Roboware/install/altair_interfaces/share/altair_interfaces/srv/ConnectCan.srv\n'}
[15.127514] (altair_interfaces) StdoutLine: {'line': b'-- Installing: /home/altair/Person_Tracking_Roboware/install/altair_interfaces/share/altair_interfaces/srv/ConnectCan_Request.msg\n'}
[15.127671] (altair_interfaces) StdoutLine: {'line': b'-- Installing: /home/altair/Person_Tracking_Roboware/install/altair_interfaces/share/altair_interfaces/srv/ConnectCan_Response.msg\n'}
[15.127821] (altair_interfaces) StdoutLine: {'line': b'-- Installing: /home/altair/Person_Tracking_Roboware/install/altair_interfaces/share/altair_interfaces/srv/StartBehavior.srv\n'}
[15.127972] (altair_interfaces) StdoutLine: {'line': b'-- Installing: /home/altair/Person_Tracking_Roboware/install/altair_interfaces/share/altair_interfaces/srv/StartBehavior_Request.msg\n'}
[15.128239] (altair_interfaces) StdoutLine: {'line': b'-- Installing: /home/altair/Person_Tracking_Roboware/install/altair_interfaces/share/altair_interfaces/srv/StartBehavior_Response.msg\n'}
[15.128448] (altair_interfaces) StdoutLine: {'line': b'-- Installing: /home/altair/Person_Tracking_Roboware/install/altair_interfaces/share/ament_index/resource_index/package_run_dependencies/altair_interfaces\n'}
[15.128678] (altair_interfaces) StdoutLine: {'line': b'-- Installing: /home/altair/Person_Tracking_Roboware/install/altair_interfaces/share/ament_index/resource_index/parent_prefix_path/altair_interfaces\n'}
[15.128865] (altair_interfaces) StdoutLine: {'line': b'-- Installing: /home/altair/Person_Tracking_Roboware/install/altair_interfaces/share/altair_interfaces/environment/ament_prefix_path.sh\n'}
[15.129038] (altair_interfaces) StdoutLine: {'line': b'-- Installing: /home/altair/Person_Tracking_Roboware/install/altair_interfaces/share/altair_interfaces/environment/ament_prefix_path.dsv\n'}
[15.129285] (altair_interfaces) StdoutLine: {'line': b'-- Installing: /home/altair/Person_Tracking_Roboware/install/altair_interfaces/share/altair_interfaces/environment/path.sh\n'}
[15.129426] (altair_interfaces) StdoutLine: {'line': b'-- Installing: /home/altair/Person_Tracking_Roboware/install/altair_interfaces/share/altair_interfaces/environment/path.dsv\n'}
[15.129564] (altair_interfaces) StdoutLine: {'line': b'-- Installing: /home/altair/Person_Tracking_Roboware/install/altair_interfaces/share/altair_interfaces/local_setup.bash\n'}
[15.129746] (altair_interfaces) StdoutLine: {'line': b'-- Installing: /home/altair/Person_Tracking_Roboware/install/altair_interfaces/share/altair_interfaces/local_setup.sh\n'}
[15.129935] (altair_interfaces) StdoutLine: {'line': b'-- Installing: /home/altair/Person_Tracking_Roboware/install/altair_interfaces/share/altair_interfaces/local_setup.zsh\n'}
[15.130119] (altair_interfaces) StdoutLine: {'line': b'-- Installing: /home/altair/Person_Tracking_Roboware/install/altair_interfaces/share/altair_interfaces/local_setup.dsv\n'}
[15.130332] (altair_interfaces) StdoutLine: {'line': b'-- Installing: /home/altair/Person_Tracking_Roboware/install/altair_interfaces/share/altair_interfaces/package.dsv\n'}
[15.130543] (altair_interfaces) StdoutLine: {'line': b'-- Installing: /home/altair/Person_Tracking_Roboware/install/altair_interfaces/share/ament_index/resource_index/packages/altair_interfaces\n'}
[15.130776] (altair_interfaces) StdoutLine: {'line': b'-- Installing: /home/altair/Person_Tracking_Roboware/install/altair_interfaces/share/altair_interfaces/cmake/export_altair_interfaces__rosidl_generator_cExport.cmake\n'}
[15.130917] (altair_interfaces) StdoutLine: {'line': b'-- Installing: /home/altair/Person_Tracking_Roboware/install/altair_interfaces/share/altair_interfaces/cmake/export_altair_interfaces__rosidl_generator_cExport-noconfig.cmake\n'}
[15.131185] (altair_interfaces) StdoutLine: {'line': b'-- Installing: /home/altair/Person_Tracking_Roboware/install/altair_interfaces/share/altair_interfaces/cmake/export_altair_interfaces__rosidl_typesupport_fastrtps_cExport.cmake\n'}
[15.131370] (altair_interfaces) StdoutLine: {'line': b'-- Installing: /home/altair/Person_Tracking_Roboware/install/altair_interfaces/share/altair_interfaces/cmake/export_altair_interfaces__rosidl_typesupport_fastrtps_cExport-noconfig.cmake\n'}
[15.131584] (altair_interfaces) StdoutLine: {'line': b'-- Installing: /home/altair/Person_Tracking_Roboware/install/altair_interfaces/share/altair_interfaces/cmake/altair_interfaces__rosidl_typesupport_introspection_cExport.cmake\n'}
[15.131721] (altair_interfaces) StdoutLine: {'line': b'-- Installing: /home/altair/Person_Tracking_Roboware/install/altair_interfaces/share/altair_interfaces/cmake/altair_interfaces__rosidl_typesupport_introspection_cExport-noconfig.cmake\n'}
[15.131907] (altair_interfaces) StdoutLine: {'line': b'-- Installing: /home/altair/Person_Tracking_Roboware/install/altair_interfaces/share/altair_interfaces/cmake/altair_interfaces__rosidl_typesupport_cExport.cmake\n'}
[15.132157] (altair_interfaces) StdoutLine: {'line': b'-- Installing: /home/altair/Person_Tracking_Roboware/install/altair_interfaces/share/altair_interfaces/cmake/altair_interfaces__rosidl_typesupport_cExport-noconfig.cmake\n'}
[15.132343] (altair_interfaces) StdoutLine: {'line': b'-- Installing: /home/altair/Person_Tracking_Roboware/install/altair_interfaces/share/altair_interfaces/cmake/export_altair_interfaces__rosidl_generator_cppExport.cmake\n'}
[15.132555] (altair_interfaces) StdoutLine: {'line': b'-- Installing: /home/altair/Person_Tracking_Roboware/install/altair_interfaces/share/altair_interfaces/cmake/export_altair_interfaces__rosidl_typesupport_fastrtps_cppExport.cmake\n'}
[15.132790] (altair_interfaces) StdoutLine: {'line': b'-- Installing: /home/altair/Person_Tracking_Roboware/install/altair_interfaces/share/altair_interfaces/cmake/export_altair_interfaces__rosidl_typesupport_fastrtps_cppExport-noconfig.cmake\n'}
[15.132922] (altair_interfaces) StdoutLine: {'line': b'-- Installing: /home/altair/Person_Tracking_Roboware/install/altair_interfaces/share/altair_interfaces/cmake/altair_interfaces__rosidl_typesupport_introspection_cppExport.cmake\n'}
[15.133195] (altair_interfaces) StdoutLine: {'line': b'-- Installing: /home/altair/Person_Tracking_Roboware/install/altair_interfaces/share/altair_interfaces/cmake/altair_interfaces__rosidl_typesupport_introspection_cppExport-noconfig.cmake\n'}
[15.133401] (altair_interfaces) StdoutLine: {'line': b'-- Installing: /home/altair/Person_Tracking_Roboware/install/altair_interfaces/share/altair_interfaces/cmake/altair_interfaces__rosidl_typesupport_cppExport.cmake\n'}
[15.133538] (altair_interfaces) StdoutLine: {'line': b'-- Installing: /home/altair/Person_Tracking_Roboware/install/altair_interfaces/share/altair_interfaces/cmake/altair_interfaces__rosidl_typesupport_cppExport-noconfig.cmake\n'}
[15.133733] (altair_interfaces) StdoutLine: {'line': b'-- Installing: /home/altair/Person_Tracking_Roboware/install/altair_interfaces/share/altair_interfaces/cmake/export_altair_interfaces__rosidl_generator_pyExport.cmake\n'}
[15.133940] (altair_interfaces) StdoutLine: {'line': b'-- Installing: /home/altair/Person_Tracking_Roboware/install/altair_interfaces/share/altair_interfaces/cmake/export_altair_interfaces__rosidl_generator_pyExport-noconfig.cmake\n'}
[15.134161] (altair_interfaces) StdoutLine: {'line': b'-- Installing: /home/altair/Person_Tracking_Roboware/install/altair_interfaces/share/altair_interfaces/cmake/rosidl_cmake-extras.cmake\n'}
[15.134346] (altair_interfaces) StdoutLine: {'line': b'-- Installing: /home/altair/Person_Tracking_Roboware/install/altair_interfaces/share/altair_interfaces/cmake/ament_cmake_export_include_directories-extras.cmake\n'}
[15.134537] (altair_interfaces) StdoutLine: {'line': b'-- Installing: /home/altair/Person_Tracking_Roboware/install/altair_interfaces/share/altair_interfaces/cmake/ament_cmake_export_libraries-extras.cmake\n'}
[15.134675] (altair_interfaces) StdoutLine: {'line': b'-- Installing: /home/altair/Person_Tracking_Roboware/install/altair_interfaces/share/altair_interfaces/cmake/ament_cmake_export_targets-extras.cmake\n'}
[15.134832] (altair_interfaces) StdoutLine: {'line': b'-- Installing: /home/altair/Person_Tracking_Roboware/install/altair_interfaces/share/altair_interfaces/cmake/rosidl_cmake_export_typesupport_targets-extras.cmake\n'}
[15.135030] (altair_interfaces) StdoutLine: {'line': b'-- Installing: /home/altair/Person_Tracking_Roboware/install/altair_interfaces/share/altair_interfaces/cmake/ament_cmake_export_dependencies-extras.cmake\n'}
[15.135283] (altair_interfaces) StdoutLine: {'line': b'-- Installing: /home/altair/Person_Tracking_Roboware/install/altair_interfaces/share/altair_interfaces/cmake/rosidl_cmake_export_typesupport_libraries-extras.cmake\n'}
[15.135430] (altair_interfaces) StdoutLine: {'line': b'-- Installing: /home/altair/Person_Tracking_Roboware/install/altair_interfaces/share/altair_interfaces/cmake/altair_interfacesConfig.cmake\n'}
[15.135559] (altair_interfaces) StdoutLine: {'line': b'-- Installing: /home/altair/Person_Tracking_Roboware/install/altair_interfaces/share/altair_interfaces/cmake/altair_interfacesConfig-version.cmake\n'}
[15.135759] (altair_interfaces) StdoutLine: {'line': b'-- Installing: /home/altair/Person_Tracking_Roboware/install/altair_interfaces/share/altair_interfaces/package.xml\n'}
[15.138266] (altair_interfaces) CommandEnded: {'returncode': 0}
[15.153854] (altair_interfaces) JobEnded: {'identifier': 'altair_interfaces', 'rc': 0}
[15.154822] (Robowarepkg) JobStarted: {'identifier': 'Robowarepkg'}
[15.160198] (altair_can_bridge) JobStarted: {'identifier': 'altair_can_bridge'}
[15.211377] (-) TimerEvent: {}
[15.311670] (-) TimerEvent: {}
[15.411983] (-) TimerEvent: {}
[15.458876] (altair_can_bridge) JobProgress: {'identifier': 'altair_can_bridge', 'progress': 'cmake'}
[15.459820] (altair_can_bridge) Command: {'cmd': ['/usr/bin/cmake', '/home/altair/Person_Tracking_Roboware/src/altair_can_bridge', '-DCMAKE_INSTALL_PREFIX=/home/altair/Person_Tracking_Roboware/install/altair_can_bridge'], 'cwd': '/home/altair/Person_Tracking_Roboware/build/altair_can_bridge', 'env': OrderedDict([('GJS_DEBUG_TOPICS', 'JS ERROR;JS LOG'), ('LESSOPEN', '| /usr/bin/lesspipe %s'), ('LANGUAGE', 'ja:en'), ('USER', 'altair'), ('LC_TIME', 'ja_JP.UTF-8'), ('XDG_SESSION_TYPE', 'wayland'), ('STM32CubeMX_PATH', '/home/altair/STM32CubeMX'), ('SHLVL', '2'), ('LD_LIBRARY_PATH', '/home/altair/Person_Tracking_Roboware/install/can_msgs/lib:/home/altair/Person_Tracking_Roboware/install/altair_interfaces/lib:/usr/local/lib:/usr/lib/x86_64-linux-gnu/gazebo-11/plugins:/opt/ros/humble/opt/rviz_ogre_vendor/lib:/opt/ros/humble/lib/x86_64-linux-gnu:/opt/ros/humble/lib'), ('HOME', '/home/altair'), ('OLDPWD', '/home/altair'), ('TERM_PROGRAM_VERSION', '20240203-110809-5046fc22'), ('DESKTOP_SESSION', 'ubuntu'), ('GIO_LAUNCHED_DESKTOP_FILE', '/usr/share/applications/org.wezfurlong.wezterm.desktop'), ('ROS_PYTHON_VERSION', '3'), ('GNOME_SHELL_SESSION_MODE', 'ubuntu'), ('GTK_MODULES', 'gail:atk-bridge'), ('LC_MONETARY', 'ja_JP.UTF-8'), ('MANAGERPID', '1085'), ('SYSTEMD_EXEC_PID', '1322'), ('DBUS_SESSION_BUS_ADDRESS', 'unix:path=/run/user/1000/bus'), ('COLORTERM', 'truecolor'), ('GIO_LAUNCHED_DESKTOP_FILE_PID', '2439'), ('WEZTERM_EXECUTABLE', '/usr/bin/wezterm-gui'), ('IM_CONFIG_PHASE', '1'), ('WAYLAND_DISPLAY', 'wayland-0'), ('ROS_DISTRO', 'humble'), ('LOGNAME', 'altair'), ('JOURNAL_STREAM', '8:1917'), ('_', '/usr/bin/colcon'), ('ROS_VERSION', '2'), ('XDG_SESSION_CLASS', 'user'), ('USERNAME', 'altair'), ('TERM', 'xterm-256color'), ('GNOME_DESKTOP_SESSION_ID', 'this-is-deprecated'), ('WEZTERM_CONFIG_FILE', '/home/altair/.wezterm.lua'), ('ROS_LOCALHOST_ONLY', '0'), ('WEZTERM_EXECUTABLE_DIR', '/usr/bin'), ('PATH', '/home/altair/.local/bin:/home/altair/spresenseenv/usr/bin:/opt/ros/humble/bin:/home/altair/.local/bin:/home/altair/.local/bin:/home/altair/bin:/usr/local/sbin:/usr/local/bin:/usr/sbin:/usr/bin:/sbin:/bin:/usr/games:/usr/local/games:/snap/bin:/snap/bin:/home/altair/bin:/home/altair/bin'), ('SESSION_MANAGER', 'local/altair-ThinkPad-L380:@/tmp/.ICE-unix/1272,unix/altair-ThinkPad-L380:/tmp/.ICE-unix/1272'), ('INVOCATION_ID', '72e2abd6bbc74719b93804593a356401'), ('PAPERSIZE', 'a4'), ('XDG_MENU_PREFIX', 'gnome-'), ('LC_ADDRESS', 'ja_JP.UTF-8'), ('GNOME_SETUP_DISPLAY', ':1'), ('XDG_RUNTIME_DIR', '/run/user/1000'), ('DISPLAY', ':0'), ('LANG', 'ja_JP.UTF-8'), ('XDG_CURRENT_DESKTOP', 'ubuntu:GNOME'), ('LC_TELEPHONE', 'ja_JP.UTF-8'), ('XMODIFIERS', '@im=ibus'), ('XDG_SESSION_DESKTOP', 'ubuntu'), ('XAUTHORITY', '/run/user/1000/.mutter-Xwaylandauth.YPJIT3'), ('LS_COLORS', 'rs=0:di=01;34:ln=01;36:mh=00:pi=40;33:so=01;35:do=01;35:bd=40;33;01:cd=40;33;01:or=40;31;01:mi=00:su=37;41:sg=30;43:ca=30;41:tw=30;42:ow=34;42:st=37;44:ex=01;32:*.tar=01;31:*.tgz=01;31:*.arc=01;31:*.arj=01;31:*.taz=01;31:*.lha=01;31:*.lz4=01;31:*.lzh=01;31:*.lzma=01;31:*.tlz=01;31:*.txz=01;31:*.tzo=01;31:*.t7z=01;31:*.zip=01;31:*.z=01;31:*.dz=01;31:*.gz=01;31:*.lrz=01;31:*.lz=01;31:*.lzo=01;31:*.xz=01;31:*.zst=01;31:*.tzst=01;31:*.bz2=01;31:*.bz=01;31:*.tbz=01;31:*.tbz2=01;31:*.tz=01;31:*.deb=01;31:*.rpm=01;31:*.jar=01;31:*.war=01;31:*.ear=01;31:*.sar=01;31:*.rar=01;31:*.alz=01;31:*.ace=01;31:*.zoo=01;31:*.cpio=01;31:*.7z=01;31:*.rz=01;31:*.cab=01;31:*.wim=01;31:*.swm=01;31:*.dwm=01;31:*.esd=01;31:*.jpg=01;35:*.jpeg=01;35:*.mjpg=01;35:*.mjpeg=01;35:*.gif=01;35:*.bmp=01;35:*.pbm=01;35:*.pgm=01;35:*.ppm=01;35:*.tga=01;35:*.xbm=01;35:*.xpm=01;35:*.tif=01;35:*.tiff=01;35:*.png=01;35:*.svg=01;35:*.svgz=01;35:*.mng=01;35:*.pcx=01;35:*.mov=01;35:*.mpg=01;35:*.mpeg=01;35:*.m2v=01;35:*.mkv=01;35:*.webm=01;35:*.webp=01;35:*.ogm=01;35:*.mp4=01;35:*.m4v=01;35:*.mp4v=01;35:*.vob=01;35:*.qt=01;35:*.nuv=01;35:*.wmv=01;35:*.asf=01;35:*.rm=01;35:*.rmvb=01;35:*.flc=01;35:*.avi=01;35:*.fli=01;35:*.flv=01;35:*.gl=01;35:*.dl=01;35:*.xcf=01;35:*.xwd=01;35:*.yuv=01;35:*.cgm=01;35:*.emf=01;35:*.ogv=01;35:*.ogx=01;35:*.aac=00;36:*.au=00;36:*.flac=00;36:*.m4a=00;36:*.mid=00;36:*.midi=00;36:*.mka=00;36:*.mp3=00;36:*.mpc=00;36:*.ogg=00;36:*.ra=00;36:*.wav=00;36:*.oga=00;36:*.opus=00;36:*.spx=00;36:*.xspf=00;36:'), ('TERM_PROGRAM', 'WezTerm'), ('SSH_AGENT_LAUNCHER', 'gnome-keyring'), ('SSH_AUTH_SOCK', '/run/user/1000/keyring/ssh'), ('ROS_DOMAIN_ID', '0'), ('AMENT_PREFIX_PATH', '/home/altair/Person_Tracking_Roboware/install/can_msgs:/home/altair/Person_Tracking_Roboware/install/altair_interfaces:/opt/ros/humble'), ('SHELL', '/bin/bash'), ('LC_NAME', 'ja_JP.UTF-8'), ('QT_ACCESSIBILITY', '1'), ('GDMSESSION', 'ubuntu'), ('LESSCLOSE', '/usr/bin/lesspipe %s %s'), ('LC_MEASUREMENT', 'ja_JP.UTF-8'), ('GJS_DEBUG_OUTPUT', 'stderr'), ('LC_IDENTIFICATION', 'ja_JP.UTF-8'), ('WEZTERM_CONFIG_DIR', '/home/altair'), ('QT_IM_MODULE', 'ibus'), ('PWD', '/home/altair/Person_Tracking_Roboware/build/altair_can_bridge'), ('LC_ALL', 'en_US.UTF-8'), ('XDG_CONFIG_DIRS', '/etc/xdg/xdg-ubuntu:/etc/xdg'), ('XDG_DATA_DIRS', '/usr/share/ubuntu:/usr/local/share/:/usr/share/:/var/lib/snapd/desktop'), ('WEZTERM_UNIX_SOCKET', '/run/user/1000/wezterm/gui-sock-2439'), ('PYTHONPATH', '/home/altair/Person_Tracking_Roboware/install/can_msgs/local/lib/python3.10/dist-packages:/home/altair/Person_Tracking_Roboware/install/altair_interfaces/local/lib/python3.10/dist-packages:/opt/ros/humble/lib/python3.10/site-packages:/opt/ros/humble/local/lib/python3.10/dist-packages'), ('LC_NUMERIC', 'ja_JP.UTF-8'), ('LC_PAPER', 'ja_JP.UTF-8'), ('WEZTERM_PANE', '0'), ('COLCON', '1'), ('CMAKE_PREFIX_PATH', '/home/altair/Person_Tracking_Roboware/install/can_msgs:/home/altair/Person_Tracking_Roboware/install/altair_interfaces:/opt/ros/humble')]), 'shell': False}
[15.512094] (-) TimerEvent: {}
[15.513053] (altair_can_bridge) StdoutLine: {'line': b'-- The C compiler identification is GNU 11.4.0\n'}
[15.573274] (altair_can_bridge) StdoutLine: {'line': b'-- The CXX compiler identification is GNU 11.4.0\n'}
[15.583418] (altair_can_bridge) StdoutLine: {'line': b'-- Detecting C compiler ABI info\n'}
[15.612192] (-) TimerEvent: {}
[15.645925] (altair_can_bridge) StdoutLine: {'line': b'-- Detecting C compiler ABI info - done\n'}
[15.663779] (altair_can_bridge) StdoutLine: {'line': b'-- Check for working C compiler: /usr/bin/cc - skipped\n'}
[15.664225] (altair_can_bridge) StdoutLine: {'line': b'-- Detecting C compile features\n'}
[15.664919] (altair_can_bridge) StdoutLine: {'line': b'-- Detecting C compile features - done\n'}
[15.670339] (altair_can_bridge) StdoutLine: {'line': b'-- Detecting CXX compiler ABI info\n'}
[15.712293] (-) TimerEvent: {}
[15.746374] (altair_can_bridge) StdoutLine: {'line': b'-- Detecting CXX compiler ABI info - done\n'}
[15.755452] (altair_can_bridge) StdoutLine: {'line': b'-- Check for working CXX compiler: /usr/bin/c++ - skipped\n'}
[15.755804] (altair_can_bridge) StdoutLine: {'line': b'-- Detecting CXX compile features\n'}
[15.756397] (altair_can_bridge) StdoutLine: {'line': b'-- Detecting CXX compile features - done\n'}
[15.759607] (altair_can_bridge) StdoutLine: {'line': b'-- Found ament_cmake: 1.3.14 (/opt/ros/humble/share/ament_cmake/cmake)\n'}
[15.812430] (-) TimerEvent: {}
[15.912762] (-) TimerEvent: {}
[16.013019] (-) TimerEvent: {}
[16.113322] (-) TimerEvent: {}
[16.136852] (altair_can_bridge) StdoutLine: {'line': b'-- Found Python3: /usr/bin/python3 (found version "3.10.12") found components: Interpreter \n'}
[16.213415] (-) TimerEvent: {}
[16.240752] (altair_can_bridge) StdoutLine: {'line': b'-- Found rclcpp: 16.0.19 (/opt/ros/humble/share/rclcpp/cmake)\n'}
[16.298023] (altair_can_bridge) StdoutLine: {'line': b'-- Found rosidl_generator_c: 3.1.8 (/opt/ros/humble/share/rosidl_generator_c/cmake)\n'}
[16.304235] (altair_can_bridge) StdoutLine: {'line': b'-- Found rosidl_adapter: 3.1.8 (/opt/ros/humble/share/rosidl_adapter/cmake)\n'}
[16.313499] (-) TimerEvent: {}
[16.314649] (altair_can_bridge) StdoutLine: {'line': b'-- Found rosidl_generator_cpp: 3.1.8 (/opt/ros/humble/share/rosidl_generator_cpp/cmake)\n'}
[16.329693] (altair_can_bridge) StdoutLine: {'line': b'-- Using all available rosidl_typesupport_c: rosidl_typesupport_fastrtps_c;rosidl_typesupport_introspection_c\n'}
[16.350625] (altair_can_bridge) StdoutLine: {'line': b'-- Using all available rosidl_typesupport_cpp: rosidl_typesupport_fastrtps_cpp;rosidl_typesupport_introspection_cpp\n'}
[16.413625] (-) TimerEvent: {}
[16.436514] (altair_can_bridge) StdoutLine: {'line': b'-- Found rmw_implementation_cmake: 6.1.2 (/opt/ros/humble/share/rmw_implementation_cmake/cmake)\n'}
[16.441363] (altair_can_bridge) StdoutLine: {'line': b'-- Found rmw_fastrtps_cpp: 6.2.10 (/opt/ros/humble/share/rmw_fastrtps_cpp/cmake)\n'}
[16.513696] (-) TimerEvent: {}
[16.541328] (altair_can_bridge) StdoutLine: {'line': b'-- Found OpenSSL: /usr/lib/x86_64-linux-gnu/libcrypto.so (found version "3.0.2")  \n'}
[16.563688] (altair_can_bridge) StdoutLine: {'line': b'-- Found FastRTPS: /opt/ros/humble/include  \n'}
[16.589375] (altair_can_bridge) StdoutLine: {'line': b"-- Using RMW implementation 'rmw_fastrtps_cpp' as default\n"}
[16.604385] (altair_can_bridge) StdoutLine: {'line': b'-- Performing Test CMAKE_HAVE_LIBC_PTHREAD\n'}
[16.613785] (-) TimerEvent: {}
[16.675715] (altair_can_bridge) StdoutLine: {'line': b'-- Performing Test CMAKE_HAVE_LIBC_PTHREAD - Success\n'}
[16.677014] (altair_can_bridge) StdoutLine: {'line': b'-- Found Threads: TRUE  \n'}
[16.713850] (-) TimerEvent: {}
[16.735756] (Robowarepkg) Command: {'cmd': ['/usr/bin/python3', '-W', 'ignore:setup.py install is deprecated', '-W', 'ignore:easy_install command is deprecated', 'setup.py', 'egg_info', '--egg-base', '../../build/Robowarepkg', 'build', '--build-base', '/home/altair/Person_Tracking_Roboware/build/Robowarepkg/build', 'install', '--record', '/home/altair/Person_Tracking_Roboware/build/Robowarepkg/install.log', '--install-scripts', '$base/lib/Robowarepkg', '--single-version-externally-managed', 'install_data'], 'cwd': '/home/altair/Person_Tracking_Roboware/src/Robowarepkg', 'env': {'GJS_DEBUG_TOPICS': 'JS ERROR;JS LOG', 'LESSOPEN': '| /usr/bin/lesspipe %s', 'LANGUAGE': 'ja:en', 'USER': 'altair', 'LC_TIME': 'ja_JP.UTF-8', 'XDG_SESSION_TYPE': 'wayland', 'STM32CubeMX_PATH': '/home/altair/STM32CubeMX', 'SHLVL': '2', 'LD_LIBRARY_PATH': '/home/altair/Person_Tracking_Roboware/install/can_msgs/lib:/home/altair/Person_Tracking_Roboware/install/altair_interfaces/lib:/usr/local/lib:/usr/lib/x86_64-linux-gnu/gazebo-11/plugins:/opt/ros/humble/opt/rviz_ogre_vendor/lib:/opt/ros/humble/lib/x86_64-linux-gnu:/opt/ros/humble/lib', 'HOME': '/home/altair', 'OLDPWD': '/home/altair', 'TERM_PROGRAM_VERSION': '20240203-110809-5046fc22', 'DESKTOP_SESSION': 'ubuntu', 'GIO_LAUNCHED_DESKTOP_FILE': '/usr/share/applications/org.wezfurlong.wezterm.desktop', 'ROS_PYTHON_VERSION': '3', 'GNOME_SHELL_SESSION_MODE': 'ubuntu', 'GTK_MODULES': 'gail:atk-bridge', 'LC_MONETARY': 'ja_JP.UTF-8', 'MANAGERPID': '1085', 'SYSTEMD_EXEC_PID': '1322', 'DBUS_SESSION_BUS_ADDRESS': 'unix:path=/run/user/1000/bus', 'COLORTERM': 'truecolor', 'GIO_LAUNCHED_DESKTOP_FILE_PID': '2439', 'WEZTERM_EXECUTABLE': '/usr/bin/wezterm-gui', 'IM_CONFIG_PHASE': '1', 'WAYLAND_DISPLAY': 'wayland-0', 'ROS_DISTRO': 'humble', 'LOGNAME': 'altair', 'JOURNAL_STREAM': '8:1917', '_': '/usr/bin/colcon', 'ROS_VERSION': '2', 'XDG_SESSION_CLASS': 'user', 'USERNAME': 'altair', 'TERM': 'xterm-256color', 'GNOME_DESKTOP_SESSION_ID': 'this-is-deprecated', 'WEZTERM_CONFIG_FILE': '/home/altair/.wezterm.lua', 'ROS_LOCALHOST_ONLY': '0', 'WEZTERM_EXECUTABLE_DIR': '/usr/bin', 'PATH': '/home/altair/.local/bin:/home/altair/spresenseenv/usr/bin:/opt/ros/humble/bin:/home/altair/.local/bin:/home/altair/.local/bin:/home/altair/bin:/usr/local/sbin:/usr/local/bin:/usr/sbin:/usr/bin:/sbin:/bin:/usr/games:/usr/local/games:/snap/bin:/snap/bin:/home/altair/bin:/home/altair/bin', 'SESSION_MANAGER': 'local/altair-ThinkPad-L380:@/tmp/.ICE-unix/1272,unix/altair-ThinkPad-L380:/tmp/.ICE-unix/1272', 'INVOCATION_ID': '72e2abd6bbc74719b93804593a356401', 'PAPERSIZE': 'a4', 'XDG_MENU_PREFIX': 'gnome-', 'LC_ADDRESS': 'ja_JP.UTF-8', 'GNOME_SETUP_DISPLAY': ':1', 'XDG_RUNTIME_DIR': '/run/user/1000', 'DISPLAY': ':0', 'LANG': 'ja_JP.UTF-8', 'XDG_CURRENT_DESKTOP': 'ubuntu:GNOME', 'LC_TELEPHONE': 'ja_JP.UTF-8', 'XMODIFIERS': '@im=ibus', 'XDG_SESSION_DESKTOP': 'ubuntu', 'XAUTHORITY': '/run/user/1000/.mutter-Xwaylandauth.YPJIT3', 'LS_COLORS': 'rs=0:di=01;34:ln=01;36:mh=00:pi=40;33:so=01;35:do=01;35:bd=40;33;01:cd=40;33;01:or=40;31;01:mi=00:su=37;41:sg=30;43:ca=30;41:tw=30;42:ow=34;42:st=37;44:ex=01;32:*.tar=01;31:*.tgz=01;31:*.arc=01;31:*.arj=01;31:*.taz=01;31:*.lha=01;31:*.lz4=01;31:*.lzh=01;31:*.lzma=01;31:*.tlz=01;31:*.txz=01;31:*.tzo=01;31:*.t7z=01;31:*.zip=01;31:*.z=01;31:*.dz=01;31:*.gz=01;31:*.lrz=01;31:*.lz=01;31:*.lzo=01;31:*.xz=01;31:*.zst=01;31:*.tzst=01;31:*.bz2=01;31:*.bz=01;31:*.tbz=01;31:*.tbz2=01;31:*.tz=01;31:*.deb=01;31:*.rpm=01;31:*.jar=01;31:*.war=01;31:*.ear=01;31:*.sar=01;31:*.rar=01;31:*.alz=01;31:*.ace=01;31:*.zoo=01;31:*.cpio=01;31:*.7z=01;31:*.rz=01;31:*.cab=01;31:*.wim=01;31:*.swm=01;31:*.dwm=01;31:*.esd=01;31:*.jpg=01;35:*.jpeg=01;35:*.mjpg=01;35:*.mjpeg=01;35:*.gif=01;35:*.bmp=01;35:*.pbm=01;35:*.pgm=01;35:*.ppm=01;35:*.tga=01;35:*.xbm=01;35:*.xpm=01;35:*.tif=01;35:*.tiff=01;35:*.png=01;35:*.svg=01;35:*.svgz=01;35:*.mng=01;35:*.pcx=01;35:*.mov=01;35:*.mpg=01;35:*.mpeg=01;35:*.m2v=01;35:*.mkv=01;35:*.webm=01;35:*.webp=01;35:*.ogm=01;35:*.mp4=01;35:*.m4v=01;35:*.mp4v=01;35:*.vob=01;35:*.qt=01;35:*.nuv=01;35:*.wmv=01;35:*.asf=01;35:*.rm=01;35:*.rmvb=01;35:*.flc=01;35:*.avi=01;35:*.fli=01;35:*.flv=01;35:*.gl=01;35:*.dl=01;35:*.xcf=01;35:*.xwd=01;35:*.yuv=01;35:*.cgm=01;35:*.emf=01;35:*.ogv=01;35:*.ogx=01;35:*.aac=00;36:*.au=00;36:*.flac=00;36:*.m4a=00;36:*.mid=00;36:*.midi=00;36:*.mka=00;36:*.mp3=00;36:*.mpc=00;36:*.ogg=00;36:*.ra=00;36:*.wav=00;36:*.oga=00;36:*.opus=00;36:*.spx=00;36:*.xspf=00;36:', 'TERM_PROGRAM': 'WezTerm', 'SSH_AGENT_LAUNCHER': 'gnome-keyring', 'SSH_AUTH_SOCK': '/run/user/1000/keyring/ssh', 'ROS_DOMAIN_ID': '0', 'AMENT_PREFIX_PATH': '/home/altair/Person_Tracking_Roboware/install/can_msgs:/home/altair/Person_Tracking_Roboware/install/altair_interfaces:/opt/ros/humble', 'SHELL': '/bin/bash', 'LC_NAME': 'ja_JP.UTF-8', 'QT_ACCESSIBILITY': '1', 'GDMSESSION': 'ubuntu', 'LESSCLOSE': '/usr/bin/lesspipe %s %s', 'LC_MEASUREMENT': 'ja_JP.UTF-8', 'GJS_DEBUG_OUTPUT': 'stderr', 'LC_IDENTIFICATION': 'ja_JP.UTF-8', 'WEZTERM_CONFIG_DIR': '/home/altair', 'QT_IM_MODULE': 'ibus', 'PWD': '/home/altair/Person_Tracking_Roboware/build/Robowarepkg', 'LC_ALL': 'en_US.UTF-8', 'XDG_CONFIG_DIRS': '/etc/xdg/xdg-ubuntu:/etc/xdg', 'XDG_DATA_DIRS': '/usr/share/ubuntu:/usr/local/share/:/usr/share/:/var/lib/snapd/desktop', 'WEZTERM_UNIX_SOCKET': '/run/user/1000/wezterm/gui-sock-2439', 'PYTHONPATH': '/home/altair/Person_Tracking_Roboware/build/Robowarepkg/prefix_override:/usr/lib/python3/dist-packages/colcon_core/task/python/colcon_distutils_commands:/home/altair/Person_Tracking_Roboware/install/Robowarepkg/lib/python3.10/site-packages:/home/altair/Person_Tracking_Roboware/install/can_msgs/local/lib/python3.10/dist-packages:/home/altair/Person_Tracking_Roboware/install/altair_interfaces/local/lib/python3.10/dist-packages:/opt/ros/humble/lib/python3.10/site-packages:/opt/ros/humble/local/lib/python3.10/dist-packages', 'LC_NUMERIC': 'ja_JP.UTF-8', 'LC_PAPER': 'ja_JP.UTF-8', 'WEZTERM_PANE': '0', 'COLCON': '1', 'CMAKE_PREFIX_PATH': '/home/altair/Person_Tracking_Roboware/install/can_msgs:/home/altair/Person_Tracking_Roboware/install/altair_interfaces'}, 'shell': False}
[16.755656] (altair_can_bridge) StdoutLine: {'line': b'-- Found can_msgs: 2.0.0 (/home/altair/Person_Tracking_Roboware/install/can_msgs/share/can_msgs/cmake)\n'}
[16.771229] (altair_can_bridge) StdoutLine: {'line': b'-- Found altair_interfaces: 1.0.0 (/home/altair/Person_Tracking_Roboware/install/altair_interfaces/share/altair_interfaces/cmake)\n'}
[16.813955] (-) TimerEvent: {}
[16.870140] (altair_can_bridge) StdoutLine: {'line': b'-- Configuring done\n'}
[16.889249] (altair_can_bridge) StdoutLine: {'line': b'-- Generating done\n'}
[16.894196] (altair_can_bridge) StdoutLine: {'line': b'-- Build files have been written to: /home/altair/Person_Tracking_Roboware/build/altair_can_bridge\n'}
[16.904300] (altair_can_bridge) CommandEnded: {'returncode': 0}
[16.905194] (altair_can_bridge) JobProgress: {'identifier': 'altair_can_bridge', 'progress': 'build'}
[16.905512] (altair_can_bridge) Command: {'cmd': ['/usr/bin/cmake', '--build', '/home/altair/Person_Tracking_Roboware/build/altair_can_bridge', '--', '-j8', '-l8'], 'cwd': '/home/altair/Person_Tracking_Roboware/build/altair_can_bridge', 'env': OrderedDict([('GJS_DEBUG_TOPICS', 'JS ERROR;JS LOG'), ('LESSOPEN', '| /usr/bin/lesspipe %s'), ('LANGUAGE', 'ja:en'), ('USER', 'altair'), ('LC_TIME', 'ja_JP.UTF-8'), ('XDG_SESSION_TYPE', 'wayland'), ('STM32CubeMX_PATH', '/home/altair/STM32CubeMX'), ('SHLVL', '2'), ('LD_LIBRARY_PATH', '/home/altair/Person_Tracking_Roboware/install/can_msgs/lib:/home/altair/Person_Tracking_Roboware/install/altair_interfaces/lib:/usr/local/lib:/usr/lib/x86_64-linux-gnu/gazebo-11/plugins:/opt/ros/humble/opt/rviz_ogre_vendor/lib:/opt/ros/humble/lib/x86_64-linux-gnu:/opt/ros/humble/lib'), ('HOME', '/home/altair'), ('OLDPWD', '/home/altair'), ('TERM_PROGRAM_VERSION', '20240203-110809-5046fc22'), ('DESKTOP_SESSION', 'ubuntu'), ('GIO_LAUNCHED_DESKTOP_FILE', '/usr/share/applications/org.wezfurlong.wezterm.desktop'), ('ROS_PYTHON_VERSION', '3'), ('GNOME_SHELL_SESSION_MODE', 'ubuntu'), ('GTK_MODULES', 'gail:atk-bridge'), ('LC_MONETARY', 'ja_JP.UTF-8'), ('MANAGERPID', '1085'), ('SYSTEMD_EXEC_PID', '1322'), ('DBUS_SESSION_BUS_ADDRESS', 'unix:path=/run/user/1000/bus'), ('COLORTERM', 'truecolor'), ('GIO_LAUNCHED_DESKTOP_FILE_PID', '2439'), ('WEZTERM_EXECUTABLE', '/usr/bin/wezterm-gui'), ('IM_CONFIG_PHASE', '1'), ('WAYLAND_DISPLAY', 'wayland-0'), ('ROS_DISTRO', 'humble'), ('LOGNAME', 'altair'), ('JOURNAL_STREAM', '8:1917'), ('_', '/usr/bin/colcon'), ('ROS_VERSION', '2'), ('XDG_SESSION_CLASS', 'user'), ('USERNAME', 'altair'), ('TERM', 'xterm-256color'), ('GNOME_DESKTOP_SESSION_ID', 'this-is-deprecated'), ('WEZTERM_CONFIG_FILE', '/home/altair/.wezterm.lua'), ('ROS_LOCALHOST_ONLY', '0'), ('WEZTERM_EXECUTABLE_DIR', '/usr/bin'), ('PATH', '/home/altair/.local/bin:/home/altair/spresenseenv/usr/bin:/opt/ros/humble/bin:/home/altair/.local/bin:/home/altair/.local/bin:/home/altair/bin:/usr/local/sbin:/usr/local/bin:/usr/sbin:/usr/bin:/sbin:/bin:/usr/games:/usr/local/games:/snap/bin:/snap/bin:/home/altair/bin:/home/altair/bin'), ('SESSION_MANAGER', 'local/altair-ThinkPad-L380:@/tmp/.ICE-unix/1272,unix/altair-ThinkPad-L380:/tmp/.ICE-unix/1272'), ('INVOCATION_ID', '72e2abd6bbc74719b93804593a356401'), ('PAPERSIZE', 'a4'), ('XDG_MENU_PREFIX', 'gnome-'), ('LC_ADDRESS', 'ja_JP.UTF-8'), ('GNOME_SETUP_DISPLAY', ':1'), ('XDG_RUNTIME_DIR', '/run/user/1000'), ('DISPLAY', ':0'), ('LANG', 'ja_JP.UTF-8'), ('XDG_CURRENT_DESKTOP', 'ubuntu:GNOME'), ('LC_TELEPHONE', 'ja_JP.UTF-8'), ('XMODIFIERS', '@im=ibus'), ('XDG_SESSION_DESKTOP', 'ubuntu'), ('XAUTHORITY', '/run/user/1000/.mutter-Xwaylandauth.YPJIT3'), ('LS_COLORS', 'rs=0:di=01;34:ln=01;36:mh=00:pi=40;33:so=01;35:do=01;35:bd=40;33;01:cd=40;33;01:or=40;31;01:mi=00:su=37;41:sg=30;43:ca=30;41:tw=30;42:ow=34;42:st=37;44:ex=01;32:*.tar=01;31:*.tgz=01;31:*.arc=01;31:*.arj=01;31:*.taz=01;31:*.lha=01;31:*.lz4=01;31:*.lzh=01;31:*.lzma=01;31:*.tlz=01;31:*.txz=01;31:*.tzo=01;31:*.t7z=01;31:*.zip=01;31:*.z=01;31:*.dz=01;31:*.gz=01;31:*.lrz=01;31:*.lz=01;31:*.lzo=01;31:*.xz=01;31:*.zst=01;31:*.tzst=01;31:*.bz2=01;31:*.bz=01;31:*.tbz=01;31:*.tbz2=01;31:*.tz=01;31:*.deb=01;31:*.rpm=01;31:*.jar=01;31:*.war=01;31:*.ear=01;31:*.sar=01;31:*.rar=01;31:*.alz=01;31:*.ace=01;31:*.zoo=01;31:*.cpio=01;31:*.7z=01;31:*.rz=01;31:*.cab=01;31:*.wim=01;31:*.swm=01;31:*.dwm=01;31:*.esd=01;31:*.jpg=01;35:*.jpeg=01;35:*.mjpg=01;35:*.mjpeg=01;35:*.gif=01;35:*.bmp=01;35:*.pbm=01;35:*.pgm=01;35:*.ppm=01;35:*.tga=01;35:*.xbm=01;35:*.xpm=01;35:*.tif=01;35:*.tiff=01;35:*.png=01;35:*.svg=01;35:*.svgz=01;35:*.mng=01;35:*.pcx=01;35:*.mov=01;35:*.mpg=01;35:*.mpeg=01;35:*.m2v=01;35:*.mkv=01;35:*.webm=01;35:*.webp=01;35:*.ogm=01;35:*.mp4=01;35:*.m4v=01;35:*.mp4v=01;35:*.vob=01;35:*.qt=01;35:*.nuv=01;35:*.wmv=01;35:*.asf=01;35:*.rm=01;35:*.rmvb=01;35:*.flc=01;35:*.avi=01;35:*.fli=01;35:*.flv=01;35:*.gl=01;35:*.dl=01;35:*.xcf=01;35:*.xwd=01;35:*.yuv=01;35:*.cgm=01;35:*.emf=01;35:*.ogv=01;35:*.ogx=01;35:*.aac=00;36:*.au=00;36:*.flac=00;36:*.m4a=00;36:*.mid=00;36:*.midi=00;36:*.mka=00;36:*.mp3=00;36:*.mpc=00;36:*.ogg=00;36:*.ra=00;36:*.wav=00;36:*.oga=00;36:*.opus=00;36:*.spx=00;36:*.xspf=00;36:'), ('TERM_PROGRAM', 'WezTerm'), ('SSH_AGENT_LAUNCHER', 'gnome-keyring'), ('SSH_AUTH_SOCK', '/run/user/1000/keyring/ssh'), ('ROS_DOMAIN_ID', '0'), ('AMENT_PREFIX_PATH', '/home/altair/Person_Tracking_Roboware/install/can_msgs:/home/altair/Person_Tracking_Roboware/install/altair_interfaces:/opt/ros/humble'), ('SHELL', '/bin/bash'), ('LC_NAME', 'ja_JP.UTF-8'), ('QT_ACCESSIBILITY', '1'), ('GDMSESSION', 'ubuntu'), ('LESSCLOSE', '/usr/bin/lesspipe %s %s'), ('LC_MEASUREMENT', 'ja_JP.UTF-8'), ('GJS_DEBUG_OUTPUT', 'stderr'), ('LC_IDENTIFICATION', 'ja_JP.UTF-8'), ('WEZTERM_CONFIG_DIR', '/home/altair'), ('QT_IM_MODULE', 'ibus'), ('PWD', '/home/altair/Person_Tracking_Roboware/build/altair_can_bridge'), ('LC_ALL', 'en_US.UTF-8'), ('XDG_CONFIG_DIRS', '/etc/xdg/xdg-ubuntu:/etc/xdg'), ('XDG_DATA_DIRS', '/usr/share/ubuntu:/usr/local/share/:/usr/share/:/var/lib/snapd/desktop'), ('WEZTERM_UNIX_SOCKET', '/run/user/1000/wezterm/gui-sock-2439'), ('PYTHONPATH', '/home/altair/Person_Tracking_Roboware/install/can_msgs/local/lib/python3.10/dist-packages:/home/altair/Person_Tracking_Roboware/install/altair_interfaces/local/lib/python3.10/dist-packages:/opt/ros/humble/lib/python3.10/site-packages:/opt/ros/humble/local/lib/python3.10/dist-packages'), ('LC_NUMERIC', 'ja_JP.UTF-8'), ('LC_PAPER', 'ja_JP.UTF-8'), ('WEZTERM_PANE', '0'), ('COLCON', '1'), ('CMAKE_PREFIX_PATH', '/home/altair/Person_Tracking_Roboware/install/can_msgs:/home/altair/Person_Tracking_Roboware/install/altair_interfaces:/opt/ros/humble')]), 'shell': False}
[16.914058] (-) TimerEvent: {}
[16.937122] (altair_can_bridge) StdoutLine: {'line': b'[ 50%] \x1b[32mBuilding CXX object CMakeFiles/can_bridge_node.dir/src/can_bridge_node.cpp.o\x1b[0m\n'}
[17.014153] (-) TimerEvent: {}
[17.114469] (-) TimerEvent: {}
[17.150560] (Robowarepkg) StdoutLine: {'line': b'running egg_info\n'}
[17.180879] (Robowarepkg) StdoutLine: {'line': b'writing ../../build/Robowarepkg/Robowarepkg.egg-info/PKG-INFO\n'}
[17.181621] (Robowarepkg) StdoutLine: {'line': b'writing dependency_links to ../../build/Robowarepkg/Robowarepkg.egg-info/dependency_links.txt\n'}
[17.181955] (Robowarepkg) StdoutLine: {'line': b'writing entry points to ../../build/Robowarepkg/Robowarepkg.egg-info/entry_points.txt\n'}
[17.182349] (Robowarepkg) StdoutLine: {'line': b'writing requirements to ../../build/Robowarepkg/Robowarepkg.egg-info/requires.txt\n'}
[17.182609] (Robowarepkg) StdoutLine: {'line': b'writing top-level names to ../../build/Robowarepkg/Robowarepkg.egg-info/top_level.txt\n'}
[17.214520] (-) TimerEvent: {}
[17.244897] (Robowarepkg) StdoutLine: {'line': b"reading manifest file '../../build/Robowarepkg/Robowarepkg.egg-info/SOURCES.txt'\n"}
[17.246713] (Robowarepkg) StdoutLine: {'line': b"writing manifest file '../../build/Robowarepkg/Robowarepkg.egg-info/SOURCES.txt'\n"}
[17.246924] (Robowarepkg) StdoutLine: {'line': b'running build\n'}
[17.247072] (Robowarepkg) StdoutLine: {'line': b'running build_py\n'}
[17.247472] (Robowarepkg) StdoutLine: {'line': b'copying Robowarepkg/serial_read_node.py -> /home/altair/Person_Tracking_Roboware/build/Robowarepkg/build/lib/Robowarepkg\n'}
[17.247754] (Robowarepkg) StdoutLine: {'line': b'copying Robowarepkg/FaceAnimation_node.py -> /home/altair/Person_Tracking_Roboware/build/Robowarepkg/build/lib/Robowarepkg\n'}
[17.248217] (Robowarepkg) StdoutLine: {'line': b'copying Robowarepkg/web_socket_node.py -> /home/altair/Person_Tracking_Roboware/build/Robowarepkg/build/lib/Robowarepkg\n'}
[17.248508] (Robowarepkg) StdoutLine: {'line': b'copying Robowarepkg/__init__.py -> /home/altair/Person_Tracking_Roboware/build/Robowarepkg/build/lib/Robowarepkg\n'}
[17.248737] (Robowarepkg) StdoutLine: {'line': b'copying Robowarepkg/Roboware_node_mpn.py -> /home/altair/Person_Tracking_Roboware/build/Robowarepkg/build/lib/Robowarepkg\n'}
[17.249015] (Robowarepkg) StdoutLine: {'line': b'copying Robowarepkg/RealSense_node.py -> /home/altair/Person_Tracking_Roboware/build/Robowarepkg/build/lib/Robowarepkg\n'}
[17.249291] (Robowarepkg) StdoutLine: {'line': b'copying Robowarepkg/Roboware_node_newmpn.py -> /home/altair/Person_Tracking_Roboware/build/Robowarepkg/build/lib/Robowarepkg\n'}
[17.249562] (Robowarepkg) StdoutLine: {'line': b'copying Robowarepkg/Roboware_node.py -> /home/altair/Person_Tracking_Roboware/build/Robowarepkg/build/lib/Robowarepkg\n'}
[17.249818] (Robowarepkg) StdoutLine: {'line': b'copying Robowarepkg/PID_node.py -> /home/altair/Person_Tracking_Roboware/build/Robowarepkg/build/lib/Robowarepkg\n'}
[17.250137] (Robowarepkg) StdoutLine: {'line': b'copying Robowarepkg/Roboware_node_np.py -> /home/altair/Person_Tracking_Roboware/build/Robowarepkg/build/lib/Robowarepkg\n'}
[17.250586] (Robowarepkg) StdoutLine: {'line': b'copying Robowarepkg/serial_send_node.py -> /home/altair/Person_Tracking_Roboware/build/Robowarepkg/build/lib/Robowarepkg\n'}
[17.250847] (Robowarepkg) StdoutLine: {'line': b'copying Robowarepkg/can_node.py -> /home/altair/Person_Tracking_Roboware/build/Robowarepkg/build/lib/Robowarepkg\n'}
[17.251621] (Robowarepkg) StdoutLine: {'line': b'running install\n'}
[17.257361] (Robowarepkg) StdoutLine: {'line': b'running install_lib\n'}
[17.288555] (Robowarepkg) StdoutLine: {'line': b'copying /home/altair/Person_Tracking_Roboware/build/Robowarepkg/build/lib/Robowarepkg/can_node.py -> /home/altair/Person_Tracking_Roboware/install/Robowarepkg/lib/python3.10/site-packages/Robowarepkg\n'}
[17.289526] (Robowarepkg) StdoutLine: {'line': b'byte-compiling /home/altair/Person_Tracking_Roboware/install/Robowarepkg/lib/python3.10/site-packages/Robowarepkg/can_node.py to can_node.cpython-310.pyc\n'}
[17.292203] (Robowarepkg) StdoutLine: {'line': b'running install_data\n'}
[17.292716] (Robowarepkg) StdoutLine: {'line': b'copying resource/Robowarepkg -> /home/altair/Person_Tracking_Roboware/install/Robowarepkg/share/ament_index/resource_index/packages\n'}
[17.293104] (Robowarepkg) StdoutLine: {'line': b'copying package.xml -> /home/altair/Person_Tracking_Roboware/install/Robowarepkg/share/Robowarepkg\n'}
[17.293565] (Robowarepkg) StdoutLine: {'line': b'copying launch/roboware.launch.py -> /home/altair/Person_Tracking_Roboware/install/Robowarepkg/share/Robowarepkg/launch\n'}
[17.293797] (Robowarepkg) StdoutLine: {'line': b'running install_egg_info\n'}
[17.314611] (-) TimerEvent: {}
[17.325452] (Robowarepkg) StdoutLine: {'line': b"removing '/home/altair/Person_Tracking_Roboware/install/Robowarepkg/lib/python3.10/site-packages/Robowarepkg-0.0.0-py3.10.egg-info' (and everything under it)\n"}
[17.325863] (Robowarepkg) StdoutLine: {'line': b'Copying ../../build/Robowarepkg/Robowarepkg.egg-info to /home/altair/Person_Tracking_Roboware/install/Robowarepkg/lib/python3.10/site-packages/Robowarepkg-0.0.0-py3.10.egg-info\n'}
[17.327220] (Robowarepkg) StdoutLine: {'line': b'running install_scripts\n'}
[17.414708] (-) TimerEvent: {}
[17.515052] (-) TimerEvent: {}
[17.559946] (Robowarepkg) StdoutLine: {'line': b'Installing FaceAnimation_node script to /home/altair/Person_Tracking_Roboware/install/Robowarepkg/lib/Robowarepkg\n'}
[17.560275] (Robowarepkg) StdoutLine: {'line': b'Installing PID_node script to /home/altair/Person_Tracking_Roboware/install/Robowarepkg/lib/Robowarepkg\n'}
[17.560497] (Robowarepkg) StdoutLine: {'line': b'Installing RealSense_node script to /home/altair/Person_Tracking_Roboware/install/Robowarepkg/lib/Robowarepkg\n'}
[17.560682] (Robowarepkg) StdoutLine: {'line': b'Installing Roboware_node script to /home/altair/Person_Tracking_Roboware/install/Robowarepkg/lib/Robowarepkg\n'}
[17.560862] (Robowarepkg) StdoutLine: {'line': b'Installing can_node script to /home/altair/Person_Tracking_Roboware/install/Robowarepkg/lib/Robowarepkg\n'}
[17.561024] (Robowarepkg) StdoutLine: {'line': b'Installing serial_read_node script to /home/altair/Person_Tracking_Roboware/install/Robowarepkg/lib/Robowarepkg\n'}
[17.561250] (Robowarepkg) StdoutLine: {'line': b'Installing serial_send_node script to /home/altair/Person_Tracking_Roboware/install/Robowarepkg/lib/Robowarepkg\n'}
[17.561453] (Robowarepkg) StdoutLine: {'line': b'Installing web_socket_node script to /home/altair/Person_Tracking_Roboware/install/Robowarepkg/lib/Robowarepkg\n'}
[17.562384] (Robowarepkg) StdoutLine: {'line': b"writing list of installed files to '/home/altair/Person_Tracking_Roboware/build/Robowarepkg/install.log'\n"}
[17.593778] (Robowarepkg) CommandEnded: {'returncode': 0}
[17.601270] (Robowarepkg) JobEnded: {'identifier': 'Robowarepkg', 'rc': 0}
[17.615146] (-) TimerEvent: {}
[17.715422] (-) TimerEvent: {}
[17.815712] (-) TimerEvent: {}
[17.916021] (-) TimerEvent: {}
[18.016362] (-) TimerEvent: {}
[18.116675] (-) TimerEvent: {}
[18.216993] (-) TimerEvent: {}
[18.317385] (-) TimerEvent: {}
[18.417728] (-) TimerEvent: {}
[18.518032] (-) TimerEvent: {}
[18.618340] (-) TimerEvent: {}
[18.718710] (-) TimerEvent: {}
[18.819064] (-) TimerEvent: {}
[18.919417] (-) TimerEvent: {}
[19.019721] (-) TimerEvent: {}
[19.120074] (-) TimerEvent: {}
[19.220390] (-) TimerEvent: {}
[19.320751] (-) TimerEvent: {}
[19.421058] (-) TimerEvent: {}
[19.521338] (-) TimerEvent: {}
[19.621674] (-) TimerEvent: {}
[19.721964] (-) TimerEvent: {}
[19.822310] (-) TimerEvent: {}
[19.922587] (-) TimerEvent: {}
[20.022863] (-) TimerEvent: {}
[20.123192] (-) TimerEvent: {}
[20.223456] (-) TimerEvent: {}
[20.323809] (-) TimerEvent: {}
[20.424134] (-) TimerEvent: {}
[20.524443] (-) TimerEvent: {}
[20.624798] (-) TimerEvent: {}
[20.725086] (-) TimerEvent: {}
[20.825326] (-) TimerEvent: {}
[20.925639] (-) TimerEvent: {}
[21.025909] (-) TimerEvent: {}
[21.126245] (-) TimerEvent: {}
[21.226685] (-) TimerEvent: {}
[21.327006] (-) TimerEvent: {}
[21.427273] (-) TimerEvent: {}
[21.527556] (-) TimerEvent: {}
[21.627846] (-) TimerEvent: {}
[21.728166] (-) TimerEvent: {}
[21.828483] (-) TimerEvent: {}
[21.928780] (-) TimerEvent: {}
[22.029072] (-) TimerEvent: {}
[22.129371] (-) TimerEvent: {}
[22.229707] (-) TimerEvent: {}
[22.330006] (-) TimerEvent: {}
[22.430351] (-) TimerEvent: {}
[22.530649] (-) TimerEvent: {}
[22.631016] (-) TimerEvent: {}
[22.731322] (-) TimerEvent: {}
[22.831644] (-) TimerEvent: {}
[22.931944] (-) TimerEvent: {}
[23.032262] (-) TimerEvent: {}
[23.132592] (-) TimerEvent: {}
[23.232915] (-) TimerEvent: {}
[23.333191] (-) TimerEvent: {}
[23.433491] (-) TimerEvent: {}
[23.533797] (-) TimerEvent: {}
[23.634344] (-) TimerEvent: {}
[23.734718] (-) TimerEvent: {}
[23.835030] (-) TimerEvent: {}
[23.935321] (-) TimerEvent: {}
[24.035676] (-) TimerEvent: {}
[24.136038] (-) TimerEvent: {}
[24.236318] (-) TimerEvent: {}
[24.336605] (-) TimerEvent: {}
[24.436915] (-) TimerEvent: {}
[24.537271] (-) TimerEvent: {}
[24.637608] (-) TimerEvent: {}
[24.737898] (-) TimerEvent: {}
[24.838251] (-) TimerEvent: {}
[24.938539] (-) TimerEvent: {}
[25.038841] (-) TimerEvent: {}
[25.139179] (-) TimerEvent: {}
[25.239517] (-) TimerEvent: {}
[25.340021] (-) TimerEvent: {}
[25.440826] (-) TimerEvent: {}
[25.541148] (-) TimerEvent: {}
[25.641428] (-) TimerEvent: {}
[25.741694] (-) TimerEvent: {}
[25.842027] (-) TimerEvent: {}
[25.942343] (-) TimerEvent: {}
[26.042624] (-) TimerEvent: {}
[26.142906] (-) TimerEvent: {}
[26.243292] (-) TimerEvent: {}
[26.343636] (-) TimerEvent: {}
[26.443980] (-) TimerEvent: {}
[26.544297] (-) TimerEvent: {}
[26.644581] (-) TimerEvent: {}
[26.744938] (-) TimerEvent: {}
[26.845242] (-) TimerEvent: {}
[26.945544] (-) TimerEvent: {}
[27.045912] (-) TimerEvent: {}
[27.146228] (-) TimerEvent: {}
[27.246594] (-) TimerEvent: {}
[27.346932] (-) TimerEvent: {}
[27.447250] (-) TimerEvent: {}
[27.547611] (-) TimerEvent: {}
[27.648013] (-) TimerEvent: {}
[27.748399] (-) TimerEvent: {}
[27.848811] (-) TimerEvent: {}
[27.949204] (-) TimerEvent: {}
[28.049523] (-) TimerEvent: {}
[28.131409] (altair_can_bridge) StdoutLine: {'line': b'[100%] \x1b[32m\x1b[1mLinking CXX executable can_bridge_node\x1b[0m\n'}
[28.149694] (-) TimerEvent: {}
[28.250125] (-) TimerEvent: {}
[28.351128] (-) TimerEvent: {}
[28.451988] (-) TimerEvent: {}
[28.552397] (-) TimerEvent: {}
[28.652835] (-) TimerEvent: {}
[28.753476] (-) TimerEvent: {}
[28.853782] (-) TimerEvent: {}
[28.954109] (-) TimerEvent: {}
[29.054405] (-) TimerEvent: {}
[29.154736] (-) TimerEvent: {}
[29.160749] (altair_can_bridge) StdoutLine: {'line': b'[100%] Built target can_bridge_node\n'}
[29.166880] (altair_can_bridge) CommandEnded: {'returncode': 0}
[29.168257] (altair_can_bridge) JobProgress: {'identifier': 'altair_can_bridge', 'progress': 'install'}
[29.168328] (altair_can_bridge) Command: {'cmd': ['/usr/bin/cmake', '--install', '/home/altair/Person_Tracking_Roboware/build/altair_can_bridge'], 'cwd': '/home/altair/Person_Tracking_Roboware/build/altair_can_bridge', 'env': OrderedDict([('GJS_DEBUG_TOPICS', 'JS ERROR;JS LOG'), ('LESSOPEN', '| /usr/bin/lesspipe %s'), ('LANGUAGE', 'ja:en'), ('USER', 'altair'), ('LC_TIME', 'ja_JP.UTF-8'), ('XDG_SESSION_TYPE', 'wayland'), ('STM32CubeMX_PATH', '/home/altair/STM32CubeMX'), ('SHLVL', '2'), ('LD_LIBRARY_PATH', '/home/altair/Person_Tracking_Roboware/install/can_msgs/lib:/home/altair/Person_Tracking_Roboware/install/altair_interfaces/lib:/usr/local/lib:/usr/lib/x86_64-linux-gnu/gazebo-11/plugins:/opt/ros/humble/opt/rviz_ogre_vendor/lib:/opt/ros/humble/lib/x86_64-linux-gnu:/opt/ros/humble/lib'), ('HOME', '/home/altair'), ('OLDPWD', '/home/altair'), ('TERM_PROGRAM_VERSION', '20240203-110809-5046fc22'), ('DESKTOP_SESSION', 'ubuntu'), ('GIO_LAUNCHED_DESKTOP_FILE', '/usr/share/applications/org.wezfurlong.wezterm.desktop'), ('ROS_PYTHON_VERSION', '3'), ('GNOME_SHELL_SESSION_MODE', 'ubuntu'), ('GTK_MODULES', 'gail:atk-bridge'), ('LC_MONETARY', 'ja_JP.UTF-8'), ('MANAGERPID', '1085'), ('SYSTEMD_EXEC_PID', '1322'), ('DBUS_SESSION_BUS_ADDRESS', 'unix:path=/run/user/1000/bus'), ('COLORTERM', 'truecolor'), ('GIO_LAUNCHED_DESKTOP_FILE_PID', '2439'), ('WEZTERM_EXECUTABLE', '/usr/bin/wezterm-gui'), ('IM_CONFIG_PHASE', '1'), ('WAYLAND_DISPLAY', 'wayland-0'), ('ROS_DISTRO', 'humble'), ('LOGNAME', 'altair'), ('JOURNAL_STREAM', '8:1917'), ('_', '/usr/bin/colcon'), ('ROS_VERSION', '2'), ('XDG_SESSION_CLASS', 'user'), ('USERNAME', 'altair'), ('TERM', 'xterm-256color'), ('GNOME_DESKTOP_SESSION_ID', 'this-is-deprecated'), ('WEZTERM_CONFIG_FILE', '/home/altair/.wezterm.lua'), ('ROS_LOCALHOST_ONLY', '0'), ('WEZTERM_EXECUTABLE_DIR', '/usr/bin'), ('PATH', '/home/altair/.local/bin:/home/altair/spresenseenv/usr/bin:/opt/ros/humble/bin:/home/altair/.local/bin:/home/altair/.local/bin:/home/altair/bin:/usr/local/sbin:/usr/local/bin:/usr/sbin:/usr/bin:/sbin:/bin:/usr/games:/usr/local/games:/snap/bin:/snap/bin:/home/altair/bin:/home/altair/bin'), ('SESSION_MANAGER', 'local/altair-ThinkPad-L380:@/tmp/.ICE-unix/1272,unix/altair-ThinkPad-L380:/tmp/.ICE-unix/1272'), ('INVOCATION_ID', '72e2abd6bbc74719b93804593a356401'), ('PAPERSIZE', 'a4'), ('XDG_MENU_PREFIX', 'gnome-'), ('LC_ADDRESS', 'ja_JP.UTF-8'), ('GNOME_SETUP_DISPLAY', ':1'), ('XDG_RUNTIME_DIR', '/run/user/1000'), ('DISPLAY', ':0'), ('LANG', 'ja_JP.UTF-8'), ('XDG_CURRENT_DESKTOP', 'ubuntu:GNOME'), ('LC_TELEPHONE', 'ja_JP.UTF-8'), ('XMODIFIERS', '@im=ibus'), ('XDG_SESSION_DESKTOP', 'ubuntu'), ('XAUTHORITY', '/run/user/1000/.mutter-Xwaylandauth.YPJIT3'), ('LS_COLORS', 'rs=0:di=01;34:ln=01;36:mh=00:pi=40;33:so=01;35:do=01;35:bd=40;33;01:cd=40;33;01:or=40;31;01:mi=00:su=37;41:sg=30;43:ca=30;41:tw=30;42:ow=34;42:st=37;44:ex=01;32:*.tar=01;31:*.tgz=01;31:*.arc=01;31:*.arj=01;31:*.taz=01;31:*.lha=01;31:*.lz4=01;31:*.lzh=01;31:*.lzma=01;31:*.tlz=01;31:*.txz=01;31:*.tzo=01;31:*.t7z=01;31:*.zip=01;31:*.z=01;31:*.dz=01;31:*.gz=01;31:*.lrz=01;31:*.lz=01;31:*.lzo=01;31:*.xz=01;31:*.zst=01;31:*.tzst=01;31:*.bz2=01;31:*.bz=01;31:*.tbz=01;31:*.tbz2=01;31:*.tz=01;31:*.deb=01;31:*.rpm=01;31:*.jar=01;31:*.war=01;31:*.ear=01;31:*.sar=01;31:*.rar=01;31:*.alz=01;31:*.ace=01;31:*.zoo=01;31:*.cpio=01;31:*.7z=01;31:*.rz=01;31:*.cab=01;31:*.wim=01;31:*.swm=01;31:*.dwm=01;31:*.esd=01;31:*.jpg=01;35:*.jpeg=01;35:*.mjpg=01;35:*.mjpeg=01;35:*.gif=01;35:*.bmp=01;35:*.pbm=01;35:*.pgm=01;35:*.ppm=01;35:*.tga=01;35:*.xbm=01;35:*.xpm=01;35:*.tif=01;35:*.tiff=01;35:*.png=01;35:*.svg=01;35:*.svgz=01;35:*.mng=01;35:*.pcx=01;35:*.mov=01;35:*.mpg=01;35:*.mpeg=01;35:*.m2v=01;35:*.mkv=01;35:*.webm=01;35:*.webp=01;35:*.ogm=01;35:*.mp4=01;35:*.m4v=01;35:*.mp4v=01;35:*.vob=01;35:*.qt=01;35:*.nuv=01;35:*.wmv=01;35:*.asf=01;35:*.rm=01;35:*.rmvb=01;35:*.flc=01;35:*.avi=01;35:*.fli=01;35:*.flv=01;35:*.gl=01;35:*.dl=01;35:*.xcf=01;35:*.xwd=01;35:*.yuv=01;35:*.cgm=01;35:*.emf=01;35:*.ogv=01;35:*.ogx=01;35:*.aac=00;36:*.au=00;36:*.flac=00;36:*.m4a=00;36:*.mid=00;36:*.midi=00;36:*.mka=00;36:*.mp3=00;36:*.mpc=00;36:*.ogg=00;36:*.ra=00;36:*.wav=00;36:*.oga=00;36:*.opus=00;36:*.spx=00;36:*.xspf=00;36:'), ('TERM_PROGRAM', 'WezTerm'), ('SSH_AGENT_LAUNCHER', 'gnome-keyring'), ('SSH_AUTH_SOCK', '/run/user/1000/keyring/ssh'), ('ROS_DOMAIN_ID', '0'), ('AMENT_PREFIX_PATH', '/home/altair/Person_Tracking_Roboware/install/can_msgs:/home/altair/Person_Tracking_Roboware/install/altair_interfaces:/opt/ros/humble'), ('SHELL', '/bin/bash'), ('LC_NAME', 'ja_JP.UTF-8'), ('QT_ACCESSIBILITY', '1'), ('GDMSESSION', 'ubuntu'), ('LESSCLOSE', '/usr/bin/lesspipe %s %s'), ('LC_MEASUREMENT', 'ja_JP.UTF-8'), ('GJS_DEBUG_OUTPUT', 'stderr'), ('LC_IDENTIFICATION', 'ja_JP.UTF-8'), ('WEZTERM_CONFIG_DIR', '/home/altair'), ('QT_IM_MODULE', 'ibus'), ('PWD', '/home/altair/Person_Tracking_Roboware/build/altair_can_bridge'), ('LC_ALL', 'en_US.UTF-8'), ('XDG_CONFIG_DIRS', '/etc/xdg/xdg-ubuntu:/etc/xdg'), ('XDG_DATA_DIRS', '/usr/share/ubuntu:/usr/local/share/:/usr/share/:/var/lib/snapd/desktop'), ('WEZTERM_UNIX_SOCKET', '/run/user/1000/wezterm/gui-sock-2439'), ('PYTHONPATH', '/home/altair/Person_Tracking_Roboware/install/can_msgs/local/lib/python3.10/dist-packages:/home/altair/Person_Tracking_Roboware/install/altair_interfaces/local/lib/python3.10/dist-packages:/opt/ros/humble/lib/python3.10/site-packages:/opt/ros/humble/local/lib/python3.10/dist-packages'), ('LC_NUMERIC', 'ja_JP.UTF-8'), ('LC_PAPER', 'ja_JP.UTF-8'), ('WEZTERM_PANE', '0'), ('COLCON', '1'), ('CMAKE_PREFIX_PATH', '/home/altair/Person_Tracking_Roboware/install/can_msgs:/home/altair/Person_Tracking_Roboware/install/altair_interfaces:/opt/ros/humble')]), 'shell': False}
[29.170757] (altair_can_bridge) StdoutLine: {'line': b'-- Install configuration: ""\n'}
[29.170926] (altair_can_bridge) StdoutLine: {'line': b'-- Installing: /home/altair/Person_Tracking_Roboware/install/altair_can_bridge/lib/altair_can_bridge/can_bridge_node\n'}
[29.176130] (altair_can_bridge) StdoutLine: {'line': b'-- Set runtime path of "/home/altair/Person_Tracking_Roboware/install/altair_can_bridge/lib/altair_can_bridge/can_bridge_node" to ""\n'}
[29.176297] (altair_can_bridge) StdoutLine: {'line': b'-- Installing: /home/altair/Person_Tracking_Roboware/install/altair_can_bridge/share/altair_can_bridge/scripts\n'}
[29.176462] (altair_can_bridge) StdoutLine: {'line': b'-- Installing: /home/altair/Person_Tracking_Roboware/install/altair_can_bridge/share/altair_can_bridge/scripts/ethernet_can_bridge.py\n'}
[29.176562] (altair_can_bridge) StdoutLine: {'line': b'-- Installing: /home/altair/Person_Tracking_Roboware/install/altair_can_bridge/share/altair_can_bridge/scripts/setup_slcan.sh\n'}
[29.176694] (altair_can_bridge) StdoutLine: {'line': b'-- Installing: /home/altair/Person_Tracking_Roboware/install/altair_can_bridge/share/ament_index/resource_index/package_run_dependencies/altair_can_bridge\n'}
[29.176886] (altair_can_bridge) StdoutLine: {'line': b'-- Installing: /home/altair/Person_Tracking_Roboware/install/altair_can_bridge/share/ament_index/resource_index/parent_prefix_path/altair_can_bridge\n'}
[29.177112] (altair_can_bridge) StdoutLine: {'line': b'-- Installing: /home/altair/Person_Tracking_Roboware/install/altair_can_bridge/share/altair_can_bridge/environment/ament_prefix_path.sh\n'}
[29.177305] (altair_can_bridge) StdoutLine: {'line': b'-- Installing: /home/altair/Person_Tracking_Roboware/install/altair_can_bridge/share/altair_can_bridge/environment/ament_prefix_path.dsv\n'}
[29.177446] (altair_can_bridge) StdoutLine: {'line': b'-- Installing: /home/altair/Person_Tracking_Roboware/install/altair_can_bridge/share/altair_can_bridge/environment/path.sh\n'}
[29.177569] (altair_can_bridge) StdoutLine: {'line': b'-- Installing: /home/altair/Person_Tracking_Roboware/install/altair_can_bridge/share/altair_can_bridge/environment/path.dsv\n'}
[29.177766] (altair_can_bridge) StdoutLine: {'line': b'-- Installing: /home/altair/Person_Tracking_Roboware/install/altair_can_bridge/share/altair_can_bridge/local_setup.bash\n'}
[29.177900] (altair_can_bridge) StdoutLine: {'line': b'-- Installing: /home/altair/Person_Tracking_Roboware/install/altair_can_bridge/share/altair_can_bridge/local_setup.sh\n'}
[29.178126] (altair_can_bridge) StdoutLine: {'line': b'-- Installing: /home/altair/Person_Tracking_Roboware/install/altair_can_bridge/share/altair_can_bridge/local_setup.zsh\n'}
[29.178262] (altair_can_bridge) StdoutLine: {'line': b'-- Installing: /home/altair/Person_Tracking_Roboware/install/altair_can_bridge/share/altair_can_bridge/local_setup.dsv\n'}
[29.178422] (altair_can_bridge) StdoutLine: {'line': b'-- Installing: /home/altair/Person_Tracking_Roboware/install/altair_can_bridge/share/altair_can_bridge/package.dsv\n'}
[29.178619] (altair_can_bridge) StdoutLine: {'line': b'-- Installing: /home/altair/Person_Tracking_Roboware/install/altair_can_bridge/share/ament_index/resource_index/packages/altair_can_bridge\n'}
[29.178786] (altair_can_bridge) StdoutLine: {'line': b'-- Installing: /home/altair/Person_Tracking_Roboware/install/altair_can_bridge/share/altair_can_bridge/cmake/altair_can_bridgeConfig.cmake\n'}
[29.178917] (altair_can_bridge) StdoutLine: {'line': b'-- Installing: /home/altair/Person_Tracking_Roboware/install/altair_can_bridge/share/altair_can_bridge/cmake/altair_can_bridgeConfig-version.cmake\n'}
[29.179185] (altair_can_bridge) StdoutLine: {'line': b'-- Installing: /home/altair/Person_Tracking_Roboware/install/altair_can_bridge/share/altair_can_bridge/package.xml\n'}
[29.180973] (altair_can_bridge) CommandEnded: {'returncode': 0}
[29.194731] (altair_can_bridge) JobEnded: {'identifier': 'altair_can_bridge', 'rc': 0}
[29.195556] (-) EventReactorShutdown: {}
