[0.000000] (-) TimerEvent: {}
[0.000469] (altair_interfaces) JobQueued: {'identifier': 'altair_interfaces', 'dependencies': OrderedDict()}
[0.000538] (can_msgs) JobQueued: {'identifier': 'can_msgs', 'dependencies': OrderedDict()}
[0.000616] (Robowarepkg) JobQueued: {'identifier': 'Robowarepkg', 'dependencies': OrderedDict([('altair_interfaces', '/home/altair/Person_Tracking_Roboware/install/altair_interfaces'), ('can_msgs', '/home/altair/Person_Tracking_Roboware/install/can_msgs')])}
[0.000657] (altair_can_bridge) JobQueued: {'identifier': 'altair_can_bridge', 'dependencies': OrderedDict([('altair_interfaces', '/home/altair/Person_Tracking_Roboware/install/altair_interfaces'), ('can_msgs', '/home/altair/Person_Tracking_Roboware/install/can_msgs')])}
[0.000687] (altair_interfaces) JobStarted: {'identifier': 'altair_interfaces'}
[0.006806] (can_msgs) JobStarted: {'identifier': 'can_msgs'}
[0.010950] (altair_interfaces) JobProgress: {'identifier': 'altair_interfaces', 'progress': 'cmake'}
[0.012353] (altair_interfaces) JobProgress: {'identifier': 'altair_interfaces', 'progress': 'build'}
[0.012532] (altair_interfaces) Command: {'cmd': ['/usr/bin/cmake', '--build', '/home/altair/Person_Tracking_Roboware/build/altair_interfaces', '--', '-j8', '-l8'], 'cwd': '/home/altair/Person_Tracking_Roboware/build/altair_interfaces', 'env': OrderedDict([('GJS_DEBUG_TOPICS', 'JS ERROR;JS LOG'), ('LESSOPEN', '| /usr/bin/lesspipe %s'), ('LANGUAGE', 'ja:en'), ('USER', 'altair'), ('LC_TIME', 'ja_JP.UTF-8'), ('XDG_SESSION_TYPE', 'wayland'), ('STM32CubeMX_PATH', '/home/altair/STM32CubeMX'), ('SHLVL', '2'), ('LD_LIBRARY_PATH', '/usr/local/lib:/usr/lib/x86_64-linux-gnu/gazebo-11/plugins:/opt/ros/humble/opt/rviz_ogre_vendor/lib:/opt/ros/humble/lib/x86_64-linux-gnu:/opt/ros/humble/lib'), ('HOME', '/home/altair'), ('TERM_PROGRAM_VERSION', '20240203-110809-5046fc22'), ('DESKTOP_SESSION', 'ubuntu'), ('GIO_LAUNCHED_DESKTOP_FILE', '/usr/share/applications/org.wezfurlong.wezterm.desktop'), ('ROS_PYTHON_VERSION', '3'), ('GNOME_SHELL_SESSION_MODE', 'ubuntu'), ('GTK_MODULES', 'gail:atk-bridge'), ('LC_MONETARY', 'ja_JP.UTF-8'), ('MANAGERPID', '1085'), ('SSL_CERT_FILE', '/usr/lib/ssl/certs/ca-certificates.crt'), ('SYSTEMD_EXEC_PID', '1322'), ('DBUS_SESSION_BUS_ADDRESS', 'unix:path=/run/user/1000/bus'), ('COLORTERM', 'truecolor'), ('GIO_LAUNCHED_DESKTOP_FILE_PID', '2439'), ('WEZTERM_EXECUTABLE', '/usr/bin/wezterm-gui'), ('IM_CONFIG_PHASE', '1'), ('WAYLAND_DISPLAY', 'wayland-0'), ('ROS_DISTRO', 'humble'), ('LOGNAME', 'altair'), ('JOURNAL_STREAM', '8:1917'), ('_', '/usr/bin/colcon'), ('ROS_VERSION', '2'), ('XDG_SESSION_CLASS', 'user'), ('USERNAME', 'altair'), ('TERM', 'xterm-256color'), ('GNOME_DESKTOP_SESSION_ID', 'this-is-deprecated'), ('WEZTERM_CONFIG_FILE', '/home/altair/.wezterm.lua'), ('ROS_LOCALHOST_ONLY', '0'), ('WEZTERM_EXECUTABLE_DIR', '/usr/bin'), ('PATH', '/home/altair/.local/bin:/home/altair/spresenseenv/usr/bin:/opt/ros/humble/bin:/home/altair/.local/bin:/home/altair/.local/bin:/home/altair/bin:/usr/local/sbin:/usr/local/bin:/usr/sbin:/usr/bin:/sbin:/bin:/usr/games:/usr/local/games:/snap/bin:/snap/bin:/home/altair/bin:/home/altair/bin'), ('SESSION_MANAGER', 'local/altair-ThinkPad-L380:@/tmp/.ICE-unix/1272,unix/altair-ThinkPad-L380:/tmp/.ICE-unix/1272'), ('INVOCATION_ID', '72e2abd6bbc74719b93804593a356401'), ('PAPERSIZE', 'a4'), ('XDG_MENU_PREFIX', 'gnome-'), ('LC_ADDRESS', 'ja_JP.UTF-8'), ('GNOME_SETUP_DISPLAY', ':1'), ('XDG_RUNTIME_DIR', '/run/user/1000'), ('SSL_CERT_DIR', '/usr/lib/ssl/certs'), ('DISPLAY', ':0'), ('LANG', 'ja_JP.UTF-8'), ('XDG_CURRENT_DESKTOP', 'ubuntu:GNOME'), ('LC_TELEPHONE', 'ja_JP.UTF-8'), ('XMODIFIERS', '@im=ibus'), ('XDG_SESSION_DESKTOP', 'ubuntu'), ('XAUTHORITY', '/run/user/1000/.mutter-Xwaylandauth.YPJIT3'), ('LS_COLORS', 'rs=0:di=01;34:ln=01;36:mh=00:pi=40;33:so=01;35:do=01;35:bd=40;33;01:cd=40;33;01:or=40;31;01:mi=00:su=37;41:sg=30;43:ca=30;41:tw=30;42:ow=34;42:st=37;44:ex=01;32:*.tar=01;31:*.tgz=01;31:*.arc=01;31:*.arj=01;31:*.taz=01;31:*.lha=01;31:*.lz4=01;31:*.lzh=01;31:*.lzma=01;31:*.tlz=01;31:*.txz=01;31:*.tzo=01;31:*.t7z=01;31:*.zip=01;31:*.z=01;31:*.dz=01;31:*.gz=01;31:*.lrz=01;31:*.lz=01;31:*.lzo=01;31:*.xz=01;31:*.zst=01;31:*.tzst=01;31:*.bz2=01;31:*.bz=01;31:*.tbz=01;31:*.tbz2=01;31:*.tz=01;31:*.deb=01;31:*.rpm=01;31:*.jar=01;31:*.war=01;31:*.ear=01;31:*.sar=01;31:*.rar=01;31:*.alz=01;31:*.ace=01;31:*.zoo=01;31:*.cpio=01;31:*.7z=01;31:*.rz=01;31:*.cab=01;31:*.wim=01;31:*.swm=01;31:*.dwm=01;31:*.esd=01;31:*.jpg=01;35:*.jpeg=01;35:*.mjpg=01;35:*.mjpeg=01;35:*.gif=01;35:*.bmp=01;35:*.pbm=01;35:*.pgm=01;35:*.ppm=01;35:*.tga=01;35:*.xbm=01;35:*.xpm=01;35:*.tif=01;35:*.tiff=01;35:*.png=01;35:*.svg=01;35:*.svgz=01;35:*.mng=01;35:*.pcx=01;35:*.mov=01;35:*.mpg=01;35:*.mpeg=01;35:*.m2v=01;35:*.mkv=01;35:*.webm=01;35:*.webp=01;35:*.ogm=01;35:*.mp4=01;35:*.m4v=01;35:*.mp4v=01;35:*.vob=01;35:*.qt=01;35:*.nuv=01;35:*.wmv=01;35:*.asf=01;35:*.rm=01;35:*.rmvb=01;35:*.flc=01;35:*.avi=01;35:*.fli=01;35:*.flv=01;35:*.gl=01;35:*.dl=01;35:*.xcf=01;35:*.xwd=01;35:*.yuv=01;35:*.cgm=01;35:*.emf=01;35:*.ogv=01;35:*.ogx=01;35:*.aac=00;36:*.au=00;36:*.flac=00;36:*.m4a=00;36:*.mid=00;36:*.midi=00;36:*.mka=00;36:*.mp3=00;36:*.mpc=00;36:*.ogg=00;36:*.ra=00;36:*.wav=00;36:*.oga=00;36:*.opus=00;36:*.spx=00;36:*.xspf=00;36:'), ('TERM_PROGRAM', 'WezTerm'), ('SSH_AGENT_LAUNCHER', 'gnome-keyring'), ('SSH_AUTH_SOCK', '/run/user/1000/keyring/ssh'), ('ROS_DOMAIN_ID', '0'), ('AMENT_PREFIX_PATH', '/opt/ros/humble'), ('SHELL', '/bin/bash'), ('LC_NAME', 'ja_JP.UTF-8'), ('QT_ACCESSIBILITY', '1'), ('GDMSESSION', 'ubuntu'), ('LESSCLOSE', '/usr/bin/lesspipe %s %s'), ('LC_MEASUREMENT', 'ja_JP.UTF-8'), ('GJS_DEBUG_OUTPUT', 'stderr'), ('LC_IDENTIFICATION', 'ja_JP.UTF-8'), ('WEZTERM_CONFIG_DIR', '/home/altair'), ('QT_IM_MODULE', 'ibus'), ('PWD', '/home/altair/Person_Tracking_Roboware/build/altair_interfaces'), ('LC_ALL', 'en_US.UTF-8'), ('XDG_CONFIG_DIRS', '/etc/xdg/xdg-ubuntu:/etc/xdg'), ('XDG_DATA_DIRS', '/usr/share/ubuntu:/usr/local/share/:/usr/share/:/var/lib/snapd/desktop'), ('WEZTERM_UNIX_SOCKET', '/run/user/1000/wezterm/gui-sock-2439'), ('PYTHONPATH', '/opt/ros/humble/lib/python3.10/site-packages:/opt/ros/humble/local/lib/python3.10/dist-packages'), ('LC_NUMERIC', 'ja_JP.UTF-8'), ('LC_PAPER', 'ja_JP.UTF-8'), ('WEZTERM_PANE', '2'), ('COLCON', '1'), ('CMAKE_PREFIX_PATH', '/opt/ros/humble')]), 'shell': False}
[0.025087] (can_msgs) JobProgress: {'identifier': 'can_msgs', 'progress': 'cmake'}
[0.027521] (can_msgs) JobProgress: {'identifier': 'can_msgs', 'progress': 'build'}
[0.027794] (can_msgs) Command: {'cmd': ['/usr/bin/cmake', '--build', '/home/altair/Person_Tracking_Roboware/build/can_msgs', '--', '-j8', '-l8'], 'cwd': '/home/altair/Person_Tracking_Roboware/build/can_msgs', 'env': OrderedDict([('GJS_DEBUG_TOPICS', 'JS ERROR;JS LOG'), ('LESSOPEN', '| /usr/bin/lesspipe %s'), ('LANGUAGE', 'ja:en'), ('USER', 'altair'), ('LC_TIME', 'ja_JP.UTF-8'), ('XDG_SESSION_TYPE', 'wayland'), ('STM32CubeMX_PATH', '/home/altair/STM32CubeMX'), ('SHLVL', '2'), ('LD_LIBRARY_PATH', '/usr/local/lib:/usr/lib/x86_64-linux-gnu/gazebo-11/plugins:/opt/ros/humble/opt/rviz_ogre_vendor/lib:/opt/ros/humble/lib/x86_64-linux-gnu:/opt/ros/humble/lib'), ('HOME', '/home/altair'), ('TERM_PROGRAM_VERSION', '20240203-110809-5046fc22'), ('DESKTOP_SESSION', 'ubuntu'), ('GIO_LAUNCHED_DESKTOP_FILE', '/usr/share/applications/org.wezfurlong.wezterm.desktop'), ('ROS_PYTHON_VERSION', '3'), ('GNOME_SHELL_SESSION_MODE', 'ubuntu'), ('GTK_MODULES', 'gail:atk-bridge'), ('LC_MONETARY', 'ja_JP.UTF-8'), ('MANAGERPID', '1085'), ('SSL_CERT_FILE', '/usr/lib/ssl/certs/ca-certificates.crt'), ('SYSTEMD_EXEC_PID', '1322'), ('DBUS_SESSION_BUS_ADDRESS', 'unix:path=/run/user/1000/bus'), ('COLORTERM', 'truecolor'), ('GIO_LAUNCHED_DESKTOP_FILE_PID', '2439'), ('WEZTERM_EXECUTABLE', '/usr/bin/wezterm-gui'), ('IM_CONFIG_PHASE', '1'), ('WAYLAND_DISPLAY', 'wayland-0'), ('ROS_DISTRO', 'humble'), ('LOGNAME', 'altair'), ('JOURNAL_STREAM', '8:1917'), ('_', '/usr/bin/colcon'), ('ROS_VERSION', '2'), ('XDG_SESSION_CLASS', 'user'), ('USERNAME', 'altair'), ('TERM', 'xterm-256color'), ('GNOME_DESKTOP_SESSION_ID', 'this-is-deprecated'), ('WEZTERM_CONFIG_FILE', '/home/altair/.wezterm.lua'), ('ROS_LOCALHOST_ONLY', '0'), ('WEZTERM_EXECUTABLE_DIR', '/usr/bin'), ('PATH', '/home/altair/.local/bin:/home/altair/spresenseenv/usr/bin:/opt/ros/humble/bin:/home/altair/.local/bin:/home/altair/.local/bin:/home/altair/bin:/usr/local/sbin:/usr/local/bin:/usr/sbin:/usr/bin:/sbin:/bin:/usr/games:/usr/local/games:/snap/bin:/snap/bin:/home/altair/bin:/home/altair/bin'), ('SESSION_MANAGER', 'local/altair-ThinkPad-L380:@/tmp/.ICE-unix/1272,unix/altair-ThinkPad-L380:/tmp/.ICE-unix/1272'), ('INVOCATION_ID', '72e2abd6bbc74719b93804593a356401'), ('PAPERSIZE', 'a4'), ('XDG_MENU_PREFIX', 'gnome-'), ('LC_ADDRESS', 'ja_JP.UTF-8'), ('GNOME_SETUP_DISPLAY', ':1'), ('XDG_RUNTIME_DIR', '/run/user/1000'), ('SSL_CERT_DIR', '/usr/lib/ssl/certs'), ('DISPLAY', ':0'), ('LANG', 'ja_JP.UTF-8'), ('XDG_CURRENT_DESKTOP', 'ubuntu:GNOME'), ('LC_TELEPHONE', 'ja_JP.UTF-8'), ('XMODIFIERS', '@im=ibus'), ('XDG_SESSION_DESKTOP', 'ubuntu'), ('XAUTHORITY', '/run/user/1000/.mutter-Xwaylandauth.YPJIT3'), ('LS_COLORS', 'rs=0:di=01;34:ln=01;36:mh=00:pi=40;33:so=01;35:do=01;35:bd=40;33;01:cd=40;33;01:or=40;31;01:mi=00:su=37;41:sg=30;43:ca=30;41:tw=30;42:ow=34;42:st=37;44:ex=01;32:*.tar=01;31:*.tgz=01;31:*.arc=01;31:*.arj=01;31:*.taz=01;31:*.lha=01;31:*.lz4=01;31:*.lzh=01;31:*.lzma=01;31:*.tlz=01;31:*.txz=01;31:*.tzo=01;31:*.t7z=01;31:*.zip=01;31:*.z=01;31:*.dz=01;31:*.gz=01;31:*.lrz=01;31:*.lz=01;31:*.lzo=01;31:*.xz=01;31:*.zst=01;31:*.tzst=01;31:*.bz2=01;31:*.bz=01;31:*.tbz=01;31:*.tbz2=01;31:*.tz=01;31:*.deb=01;31:*.rpm=01;31:*.jar=01;31:*.war=01;31:*.ear=01;31:*.sar=01;31:*.rar=01;31:*.alz=01;31:*.ace=01;31:*.zoo=01;31:*.cpio=01;31:*.7z=01;31:*.rz=01;31:*.cab=01;31:*.wim=01;31:*.swm=01;31:*.dwm=01;31:*.esd=01;31:*.jpg=01;35:*.jpeg=01;35:*.mjpg=01;35:*.mjpeg=01;35:*.gif=01;35:*.bmp=01;35:*.pbm=01;35:*.pgm=01;35:*.ppm=01;35:*.tga=01;35:*.xbm=01;35:*.xpm=01;35:*.tif=01;35:*.tiff=01;35:*.png=01;35:*.svg=01;35:*.svgz=01;35:*.mng=01;35:*.pcx=01;35:*.mov=01;35:*.mpg=01;35:*.mpeg=01;35:*.m2v=01;35:*.mkv=01;35:*.webm=01;35:*.webp=01;35:*.ogm=01;35:*.mp4=01;35:*.m4v=01;35:*.mp4v=01;35:*.vob=01;35:*.qt=01;35:*.nuv=01;35:*.wmv=01;35:*.asf=01;35:*.rm=01;35:*.rmvb=01;35:*.flc=01;35:*.avi=01;35:*.fli=01;35:*.flv=01;35:*.gl=01;35:*.dl=01;35:*.xcf=01;35:*.xwd=01;35:*.yuv=01;35:*.cgm=01;35:*.emf=01;35:*.ogv=01;35:*.ogx=01;35:*.aac=00;36:*.au=00;36:*.flac=00;36:*.m4a=00;36:*.mid=00;36:*.midi=00;36:*.mka=00;36:*.mp3=00;36:*.mpc=00;36:*.ogg=00;36:*.ra=00;36:*.wav=00;36:*.oga=00;36:*.opus=00;36:*.spx=00;36:*.xspf=00;36:'), ('TERM_PROGRAM', 'WezTerm'), ('SSH_AGENT_LAUNCHER', 'gnome-keyring'), ('SSH_AUTH_SOCK', '/run/user/1000/keyring/ssh'), ('ROS_DOMAIN_ID', '0'), ('AMENT_PREFIX_PATH', '/opt/ros/humble'), ('SHELL', '/bin/bash'), ('LC_NAME', 'ja_JP.UTF-8'), ('QT_ACCESSIBILITY', '1'), ('GDMSESSION', 'ubuntu'), ('LESSCLOSE', '/usr/bin/lesspipe %s %s'), ('LC_MEASUREMENT', 'ja_JP.UTF-8'), ('GJS_DEBUG_OUTPUT', 'stderr'), ('LC_IDENTIFICATION', 'ja_JP.UTF-8'), ('WEZTERM_CONFIG_DIR', '/home/altair'), ('QT_IM_MODULE', 'ibus'), ('PWD', '/home/altair/Person_Tracking_Roboware/build/can_msgs'), ('LC_ALL', 'en_US.UTF-8'), ('XDG_CONFIG_DIRS', '/etc/xdg/xdg-ubuntu:/etc/xdg'), ('XDG_DATA_DIRS', '/usr/share/ubuntu:/usr/local/share/:/usr/share/:/var/lib/snapd/desktop'), ('WEZTERM_UNIX_SOCKET', '/run/user/1000/wezterm/gui-sock-2439'), ('PYTHONPATH', '/opt/ros/humble/lib/python3.10/site-packages:/opt/ros/humble/local/lib/python3.10/dist-packages'), ('LC_NUMERIC', 'ja_JP.UTF-8'), ('LC_PAPER', 'ja_JP.UTF-8'), ('WEZTERM_PANE', '2'), ('COLCON', '1'), ('CMAKE_PREFIX_PATH', '/opt/ros/humble')]), 'shell': False}
[0.061566] (altair_interfaces) StdoutLine: {'line': b'[  1%] Built target altair_interfaces__rs\n'}
[0.061883] (can_msgs) StdoutLine: {'line': b'[  3%] Built target can_msgs__cpp\n'}
[0.062246] (can_msgs) StdoutLine: {'line': b'[  6%] Built target can_msgs__rs\n'}
[0.062788] (can_msgs) StdoutLine: {'line': b'[ 15%] Built target can_msgs__rosidl_generator_c\n'}
[0.063531] (altair_interfaces) StdoutLine: {'line': b'[  2%] Built target altair_interfaces__cpp\n'}
[0.074386] (altair_interfaces) StdoutLine: {'line': b'[  2%] Built target ament_cmake_python_copy_altair_interfaces\n'}
[0.074642] (altair_interfaces) StdoutLine: {'line': b'[ 13%] Built target altair_interfaces__rosidl_generator_c\n'}
[0.074984] (can_msgs) StdoutLine: {'line': b'[ 15%] Built target ament_cmake_python_copy_can_msgs\n'}
[0.089544] (can_msgs) StdoutLine: {'line': b'[ 25%] Built target can_msgs__rosidl_typesupport_introspection_cpp\n'}
[0.095026] (can_msgs) StdoutLine: {'line': b'[ 34%] Built target can_msgs__rosidl_typesupport_fastrtps_c\n'}
[0.096112] (can_msgs) StdoutLine: {'line': b'[ 43%] Built target can_msgs__rosidl_typesupport_cpp\n'}
[0.096514] (can_msgs) StdoutLine: {'line': b'[ 53%] Built target can_msgs__rosidl_typesupport_introspection_c\n'}
[0.097571] (altair_interfaces) StdoutLine: {'line': b'[ 25%] Built target altair_interfaces__rosidl_typesupport_cpp\n'}
[0.099488] (-) TimerEvent: {}
[0.101762] (can_msgs) StdoutLine: {'line': b'[ 62%] Built target can_msgs__rosidl_typesupport_c\n'}
[0.104082] (can_msgs) StdoutLine: {'line': b'[ 71%] Built target can_msgs__rosidl_typesupport_fastrtps_cpp\n'}
[0.107201] (altair_interfaces) StdoutLine: {'line': b'[ 47%] Built target altair_interfaces__rosidl_typesupport_introspection_c\n'}
[0.107473] (altair_interfaces) StdoutLine: {'line': b'[ 47%] Built target altair_interfaces__rosidl_typesupport_introspection_cpp\n'}
[0.109642] (altair_interfaces) StdoutLine: {'line': b'[ 59%] Built target altair_interfaces__rosidl_typesupport_c\n'}
[0.113080] (altair_interfaces) StdoutLine: {'line': b'[ 70%] Built target altair_interfaces__rosidl_typesupport_fastrtps_c\n'}
[0.113569] (altair_interfaces) StdoutLine: {'line': b'[ 82%] Built target altair_interfaces__rosidl_typesupport_fastrtps_cpp\n'}
[0.121771] (can_msgs) StdoutLine: {'line': b'[ 71%] Built target can_msgs\n'}
[0.130762] (altair_interfaces) StdoutLine: {'line': b'[ 82%] Built target altair_interfaces\n'}
[0.136627] (can_msgs) StdoutLine: {'line': b'[ 75%] Built target can_msgs__py\n'}
[0.144758] (altair_interfaces) StdoutLine: {'line': b'[ 83%] Built target altair_interfaces__py\n'}
[0.156046] (can_msgs) StdoutLine: {'line': b'[ 81%] Built target can_msgs__rosidl_generator_py\n'}
[0.167413] (altair_interfaces) StdoutLine: {'line': b'[ 93%] Built target altair_interfaces__rosidl_generator_py\n'}
[0.176648] (can_msgs) StdoutLine: {'line': b'[ 87%] Built target can_msgs__rosidl_typesupport_introspection_c__pyext\n'}
[0.176973] (can_msgs) StdoutLine: {'line': b'[100%] Built target can_msgs__rosidl_typesupport_fastrtps_c__pyext\n'}
[0.177134] (can_msgs) StdoutLine: {'line': b'[100%] Built target can_msgs__rosidl_typesupport_c__pyext\n'}
[0.188587] (altair_interfaces) StdoutLine: {'line': b'[ 95%] Built target altair_interfaces__rosidl_typesupport_fastrtps_c__pyext\n'}
[0.191792] (altair_interfaces) StdoutLine: {'line': b'[ 97%] Built target altair_interfaces__rosidl_typesupport_introspection_c__pyext\n'}
[0.192278] (altair_interfaces) StdoutLine: {'line': b'[100%] Built target altair_interfaces__rosidl_typesupport_c__pyext\n'}
[0.199596] (-) TimerEvent: {}
[0.299916] (-) TimerEvent: {}
[0.400194] (-) TimerEvent: {}
[0.429601] (altair_interfaces) StdoutLine: {'line': b'running egg_info\n'}
[0.432128] (can_msgs) StdoutLine: {'line': b'running egg_info\n'}
[0.459595] (altair_interfaces) StdoutLine: {'line': b'writing altair_interfaces.egg-info/PKG-INFO\n'}
[0.460077] (altair_interfaces) StdoutLine: {'line': b'writing dependency_links to altair_interfaces.egg-info/dependency_links.txt\n'}
[0.460337] (altair_interfaces) StdoutLine: {'line': b'writing top-level names to altair_interfaces.egg-info/top_level.txt\n'}
[0.462759] (can_msgs) StdoutLine: {'line': b'writing can_msgs.egg-info/PKG-INFO\n'}
[0.463191] (can_msgs) StdoutLine: {'line': b'writing dependency_links to can_msgs.egg-info/dependency_links.txt\n'}
[0.463434] (can_msgs) StdoutLine: {'line': b'writing top-level names to can_msgs.egg-info/top_level.txt\n'}
[0.500311] (-) TimerEvent: {}
[0.549229] (altair_interfaces) StdoutLine: {'line': b"reading manifest file 'altair_interfaces.egg-info/SOURCES.txt'\n"}
[0.552948] (can_msgs) StdoutLine: {'line': b"reading manifest file 'can_msgs.egg-info/SOURCES.txt'\n"}
[0.555439] (can_msgs) StdoutLine: {'line': b"writing manifest file 'can_msgs.egg-info/SOURCES.txt'\n"}
[0.555713] (altair_interfaces) StdoutLine: {'line': b"writing manifest file 'altair_interfaces.egg-info/SOURCES.txt'\n"}
[0.590258] (can_msgs) StdoutLine: {'line': b'[100%] Built target ament_cmake_python_build_can_msgs_egg\n'}
[0.590431] (altair_interfaces) StdoutLine: {'line': b'[100%] Built target ament_cmake_python_build_altair_interfaces_egg\n'}
[0.596242] (can_msgs) CommandEnded: {'returncode': 0}
[0.597538] (can_msgs) JobProgress: {'identifier': 'can_msgs', 'progress': 'install'}
[0.600432] (-) TimerEvent: {}
[0.601806] (can_msgs) Command: {'cmd': ['/usr/bin/cmake', '--install', '/home/altair/Person_Tracking_Roboware/build/can_msgs'], 'cwd': '/home/altair/Person_Tracking_Roboware/build/can_msgs', 'env': OrderedDict([('GJS_DEBUG_TOPICS', 'JS ERROR;JS LOG'), ('LESSOPEN', '| /usr/bin/lesspipe %s'), ('LANGUAGE', 'ja:en'), ('USER', 'altair'), ('LC_TIME', 'ja_JP.UTF-8'), ('XDG_SESSION_TYPE', 'wayland'), ('STM32CubeMX_PATH', '/home/altair/STM32CubeMX'), ('SHLVL', '2'), ('LD_LIBRARY_PATH', '/usr/local/lib:/usr/lib/x86_64-linux-gnu/gazebo-11/plugins:/opt/ros/humble/opt/rviz_ogre_vendor/lib:/opt/ros/humble/lib/x86_64-linux-gnu:/opt/ros/humble/lib'), ('HOME', '/home/altair'), ('TERM_PROGRAM_VERSION', '20240203-110809-5046fc22'), ('DESKTOP_SESSION', 'ubuntu'), ('GIO_LAUNCHED_DESKTOP_FILE', '/usr/share/applications/org.wezfurlong.wezterm.desktop'), ('ROS_PYTHON_VERSION', '3'), ('GNOME_SHELL_SESSION_MODE', 'ubuntu'), ('GTK_MODULES', 'gail:atk-bridge'), ('LC_MONETARY', 'ja_JP.UTF-8'), ('MANAGERPID', '1085'), ('SSL_CERT_FILE', '/usr/lib/ssl/certs/ca-certificates.crt'), ('SYSTEMD_EXEC_PID', '1322'), ('DBUS_SESSION_BUS_ADDRESS', 'unix:path=/run/user/1000/bus'), ('COLORTERM', 'truecolor'), ('GIO_LAUNCHED_DESKTOP_FILE_PID', '2439'), ('WEZTERM_EXECUTABLE', '/usr/bin/wezterm-gui'), ('IM_CONFIG_PHASE', '1'), ('WAYLAND_DISPLAY', 'wayland-0'), ('ROS_DISTRO', 'humble'), ('LOGNAME', 'altair'), ('JOURNAL_STREAM', '8:1917'), ('_', '/usr/bin/colcon'), ('ROS_VERSION', '2'), ('XDG_SESSION_CLASS', 'user'), ('USERNAME', 'altair'), ('TERM', 'xterm-256color'), ('GNOME_DESKTOP_SESSION_ID', 'this-is-deprecated'), ('WEZTERM_CONFIG_FILE', '/home/altair/.wezterm.lua'), ('ROS_LOCALHOST_ONLY', '0'), ('WEZTERM_EXECUTABLE_DIR', '/usr/bin'), ('PATH', '/home/altair/.local/bin:/home/altair/spresenseenv/usr/bin:/opt/ros/humble/bin:/home/altair/.local/bin:/home/altair/.local/bin:/home/altair/bin:/usr/local/sbin:/usr/local/bin:/usr/sbin:/usr/bin:/sbin:/bin:/usr/games:/usr/local/games:/snap/bin:/snap/bin:/home/altair/bin:/home/altair/bin'), ('SESSION_MANAGER', 'local/altair-ThinkPad-L380:@/tmp/.ICE-unix/1272,unix/altair-ThinkPad-L380:/tmp/.ICE-unix/1272'), ('INVOCATION_ID', '72e2abd6bbc74719b93804593a356401'), ('PAPERSIZE', 'a4'), ('XDG_MENU_PREFIX', 'gnome-'), ('LC_ADDRESS', 'ja_JP.UTF-8'), ('GNOME_SETUP_DISPLAY', ':1'), ('XDG_RUNTIME_DIR', '/run/user/1000'), ('SSL_CERT_DIR', '/usr/lib/ssl/certs'), ('DISPLAY', ':0'), ('LANG', 'ja_JP.UTF-8'), ('XDG_CURRENT_DESKTOP', 'ubuntu:GNOME'), ('LC_TELEPHONE', 'ja_JP.UTF-8'), ('XMODIFIERS', '@im=ibus'), ('XDG_SESSION_DESKTOP', 'ubuntu'), ('XAUTHORITY', '/run/user/1000/.mutter-Xwaylandauth.YPJIT3'), ('LS_COLORS', 'rs=0:di=01;34:ln=01;36:mh=00:pi=40;33:so=01;35:do=01;35:bd=40;33;01:cd=40;33;01:or=40;31;01:mi=00:su=37;41:sg=30;43:ca=30;41:tw=30;42:ow=34;42:st=37;44:ex=01;32:*.tar=01;31:*.tgz=01;31:*.arc=01;31:*.arj=01;31:*.taz=01;31:*.lha=01;31:*.lz4=01;31:*.lzh=01;31:*.lzma=01;31:*.tlz=01;31:*.txz=01;31:*.tzo=01;31:*.t7z=01;31:*.zip=01;31:*.z=01;31:*.dz=01;31:*.gz=01;31:*.lrz=01;31:*.lz=01;31:*.lzo=01;31:*.xz=01;31:*.zst=01;31:*.tzst=01;31:*.bz2=01;31:*.bz=01;31:*.tbz=01;31:*.tbz2=01;31:*.tz=01;31:*.deb=01;31:*.rpm=01;31:*.jar=01;31:*.war=01;31:*.ear=01;31:*.sar=01;31:*.rar=01;31:*.alz=01;31:*.ace=01;31:*.zoo=01;31:*.cpio=01;31:*.7z=01;31:*.rz=01;31:*.cab=01;31:*.wim=01;31:*.swm=01;31:*.dwm=01;31:*.esd=01;31:*.jpg=01;35:*.jpeg=01;35:*.mjpg=01;35:*.mjpeg=01;35:*.gif=01;35:*.bmp=01;35:*.pbm=01;35:*.pgm=01;35:*.ppm=01;35:*.tga=01;35:*.xbm=01;35:*.xpm=01;35:*.tif=01;35:*.tiff=01;35:*.png=01;35:*.svg=01;35:*.svgz=01;35:*.mng=01;35:*.pcx=01;35:*.mov=01;35:*.mpg=01;35:*.mpeg=01;35:*.m2v=01;35:*.mkv=01;35:*.webm=01;35:*.webp=01;35:*.ogm=01;35:*.mp4=01;35:*.m4v=01;35:*.mp4v=01;35:*.vob=01;35:*.qt=01;35:*.nuv=01;35:*.wmv=01;35:*.asf=01;35:*.rm=01;35:*.rmvb=01;35:*.flc=01;35:*.avi=01;35:*.fli=01;35:*.flv=01;35:*.gl=01;35:*.dl=01;35:*.xcf=01;35:*.xwd=01;35:*.yuv=01;35:*.cgm=01;35:*.emf=01;35:*.ogv=01;35:*.ogx=01;35:*.aac=00;36:*.au=00;36:*.flac=00;36:*.m4a=00;36:*.mid=00;36:*.midi=00;36:*.mka=00;36:*.mp3=00;36:*.mpc=00;36:*.ogg=00;36:*.ra=00;36:*.wav=00;36:*.oga=00;36:*.opus=00;36:*.spx=00;36:*.xspf=00;36:'), ('TERM_PROGRAM', 'WezTerm'), ('SSH_AGENT_LAUNCHER', 'gnome-keyring'), ('SSH_AUTH_SOCK', '/run/user/1000/keyring/ssh'), ('ROS_DOMAIN_ID', '0'), ('AMENT_PREFIX_PATH', '/opt/ros/humble'), ('SHELL', '/bin/bash'), ('LC_NAME', 'ja_JP.UTF-8'), ('QT_ACCESSIBILITY', '1'), ('GDMSESSION', 'ubuntu'), ('LESSCLOSE', '/usr/bin/lesspipe %s %s'), ('LC_MEASUREMENT', 'ja_JP.UTF-8'), ('GJS_DEBUG_OUTPUT', 'stderr'), ('LC_IDENTIFICATION', 'ja_JP.UTF-8'), ('WEZTERM_CONFIG_DIR', '/home/altair'), ('QT_IM_MODULE', 'ibus'), ('PWD', '/home/altair/Person_Tracking_Roboware/build/can_msgs'), ('LC_ALL', 'en_US.UTF-8'), ('XDG_CONFIG_DIRS', '/etc/xdg/xdg-ubuntu:/etc/xdg'), ('XDG_DATA_DIRS', '/usr/share/ubuntu:/usr/local/share/:/usr/share/:/var/lib/snapd/desktop'), ('WEZTERM_UNIX_SOCKET', '/run/user/1000/wezterm/gui-sock-2439'), ('PYTHONPATH', '/opt/ros/humble/lib/python3.10/site-packages:/opt/ros/humble/local/lib/python3.10/dist-packages'), ('LC_NUMERIC', 'ja_JP.UTF-8'), ('LC_PAPER', 'ja_JP.UTF-8'), ('WEZTERM_PANE', '2'), ('COLCON', '1'), ('CMAKE_PREFIX_PATH', '/opt/ros/humble')]), 'shell': False}
[0.603295] (altair_interfaces) CommandEnded: {'returncode': 0}
[0.603990] (altair_interfaces) JobProgress: {'identifier': 'altair_interfaces', 'progress': 'install'}
[0.604855] (altair_interfaces) Command: {'cmd': ['/usr/bin/cmake', '--install', '/home/altair/Person_Tracking_Roboware/build/altair_interfaces'], 'cwd': '/home/altair/Person_Tracking_Roboware/build/altair_interfaces', 'env': OrderedDict([('GJS_DEBUG_TOPICS', 'JS ERROR;JS LOG'), ('LESSOPEN', '| /usr/bin/lesspipe %s'), ('LANGUAGE', 'ja:en'), ('USER', 'altair'), ('LC_TIME', 'ja_JP.UTF-8'), ('XDG_SESSION_TYPE', 'wayland'), ('STM32CubeMX_PATH', '/home/altair/STM32CubeMX'), ('SHLVL', '2'), ('LD_LIBRARY_PATH', '/usr/local/lib:/usr/lib/x86_64-linux-gnu/gazebo-11/plugins:/opt/ros/humble/opt/rviz_ogre_vendor/lib:/opt/ros/humble/lib/x86_64-linux-gnu:/opt/ros/humble/lib'), ('HOME', '/home/altair'), ('TERM_PROGRAM_VERSION', '20240203-110809-5046fc22'), ('DESKTOP_SESSION', 'ubuntu'), ('GIO_LAUNCHED_DESKTOP_FILE', '/usr/share/applications/org.wezfurlong.wezterm.desktop'), ('ROS_PYTHON_VERSION', '3'), ('GNOME_SHELL_SESSION_MODE', 'ubuntu'), ('GTK_MODULES', 'gail:atk-bridge'), ('LC_MONETARY', 'ja_JP.UTF-8'), ('MANAGERPID', '1085'), ('SSL_CERT_FILE', '/usr/lib/ssl/certs/ca-certificates.crt'), ('SYSTEMD_EXEC_PID', '1322'), ('DBUS_SESSION_BUS_ADDRESS', 'unix:path=/run/user/1000/bus'), ('COLORTERM', 'truecolor'), ('GIO_LAUNCHED_DESKTOP_FILE_PID', '2439'), ('WEZTERM_EXECUTABLE', '/usr/bin/wezterm-gui'), ('IM_CONFIG_PHASE', '1'), ('WAYLAND_DISPLAY', 'wayland-0'), ('ROS_DISTRO', 'humble'), ('LOGNAME', 'altair'), ('JOURNAL_STREAM', '8:1917'), ('_', '/usr/bin/colcon'), ('ROS_VERSION', '2'), ('XDG_SESSION_CLASS', 'user'), ('USERNAME', 'altair'), ('TERM', 'xterm-256color'), ('GNOME_DESKTOP_SESSION_ID', 'this-is-deprecated'), ('WEZTERM_CONFIG_FILE', '/home/altair/.wezterm.lua'), ('ROS_LOCALHOST_ONLY', '0'), ('WEZTERM_EXECUTABLE_DIR', '/usr/bin'), ('PATH', '/home/altair/.local/bin:/home/altair/spresenseenv/usr/bin:/opt/ros/humble/bin:/home/altair/.local/bin:/home/altair/.local/bin:/home/altair/bin:/usr/local/sbin:/usr/local/bin:/usr/sbin:/usr/bin:/sbin:/bin:/usr/games:/usr/local/games:/snap/bin:/snap/bin:/home/altair/bin:/home/altair/bin'), ('SESSION_MANAGER', 'local/altair-ThinkPad-L380:@/tmp/.ICE-unix/1272,unix/altair-ThinkPad-L380:/tmp/.ICE-unix/1272'), ('INVOCATION_ID', '72e2abd6bbc74719b93804593a356401'), ('PAPERSIZE', 'a4'), ('XDG_MENU_PREFIX', 'gnome-'), ('LC_ADDRESS', 'ja_JP.UTF-8'), ('GNOME_SETUP_DISPLAY', ':1'), ('XDG_RUNTIME_DIR', '/run/user/1000'), ('SSL_CERT_DIR', '/usr/lib/ssl/certs'), ('DISPLAY', ':0'), ('LANG', 'ja_JP.UTF-8'), ('XDG_CURRENT_DESKTOP', 'ubuntu:GNOME'), ('LC_TELEPHONE', 'ja_JP.UTF-8'), ('XMODIFIERS', '@im=ibus'), ('XDG_SESSION_DESKTOP', 'ubuntu'), ('XAUTHORITY', '/run/user/1000/.mutter-Xwaylandauth.YPJIT3'), ('LS_COLORS', 'rs=0:di=01;34:ln=01;36:mh=00:pi=40;33:so=01;35:do=01;35:bd=40;33;01:cd=40;33;01:or=40;31;01:mi=00:su=37;41:sg=30;43:ca=30;41:tw=30;42:ow=34;42:st=37;44:ex=01;32:*.tar=01;31:*.tgz=01;31:*.arc=01;31:*.arj=01;31:*.taz=01;31:*.lha=01;31:*.lz4=01;31:*.lzh=01;31:*.lzma=01;31:*.tlz=01;31:*.txz=01;31:*.tzo=01;31:*.t7z=01;31:*.zip=01;31:*.z=01;31:*.dz=01;31:*.gz=01;31:*.lrz=01;31:*.lz=01;31:*.lzo=01;31:*.xz=01;31:*.zst=01;31:*.tzst=01;31:*.bz2=01;31:*.bz=01;31:*.tbz=01;31:*.tbz2=01;31:*.tz=01;31:*.deb=01;31:*.rpm=01;31:*.jar=01;31:*.war=01;31:*.ear=01;31:*.sar=01;31:*.rar=01;31:*.alz=01;31:*.ace=01;31:*.zoo=01;31:*.cpio=01;31:*.7z=01;31:*.rz=01;31:*.cab=01;31:*.wim=01;31:*.swm=01;31:*.dwm=01;31:*.esd=01;31:*.jpg=01;35:*.jpeg=01;35:*.mjpg=01;35:*.mjpeg=01;35:*.gif=01;35:*.bmp=01;35:*.pbm=01;35:*.pgm=01;35:*.ppm=01;35:*.tga=01;35:*.xbm=01;35:*.xpm=01;35:*.tif=01;35:*.tiff=01;35:*.png=01;35:*.svg=01;35:*.svgz=01;35:*.mng=01;35:*.pcx=01;35:*.mov=01;35:*.mpg=01;35:*.mpeg=01;35:*.m2v=01;35:*.mkv=01;35:*.webm=01;35:*.webp=01;35:*.ogm=01;35:*.mp4=01;35:*.m4v=01;35:*.mp4v=01;35:*.vob=01;35:*.qt=01;35:*.nuv=01;35:*.wmv=01;35:*.asf=01;35:*.rm=01;35:*.rmvb=01;35:*.flc=01;35:*.avi=01;35:*.fli=01;35:*.flv=01;35:*.gl=01;35:*.dl=01;35:*.xcf=01;35:*.xwd=01;35:*.yuv=01;35:*.cgm=01;35:*.emf=01;35:*.ogv=01;35:*.ogx=01;35:*.aac=00;36:*.au=00;36:*.flac=00;36:*.m4a=00;36:*.mid=00;36:*.midi=00;36:*.mka=00;36:*.mp3=00;36:*.mpc=00;36:*.ogg=00;36:*.ra=00;36:*.wav=00;36:*.oga=00;36:*.opus=00;36:*.spx=00;36:*.xspf=00;36:'), ('TERM_PROGRAM', 'WezTerm'), ('SSH_AGENT_LAUNCHER', 'gnome-keyring'), ('SSH_AUTH_SOCK', '/run/user/1000/keyring/ssh'), ('ROS_DOMAIN_ID', '0'), ('AMENT_PREFIX_PATH', '/opt/ros/humble'), ('SHELL', '/bin/bash'), ('LC_NAME', 'ja_JP.UTF-8'), ('QT_ACCESSIBILITY', '1'), ('GDMSESSION', 'ubuntu'), ('LESSCLOSE', '/usr/bin/lesspipe %s %s'), ('LC_MEASUREMENT', 'ja_JP.UTF-8'), ('GJS_DEBUG_OUTPUT', 'stderr'), ('LC_IDENTIFICATION', 'ja_JP.UTF-8'), ('WEZTERM_CONFIG_DIR', '/home/altair'), ('QT_IM_MODULE', 'ibus'), ('PWD', '/home/altair/Person_Tracking_Roboware/build/altair_interfaces'), ('LC_ALL', 'en_US.UTF-8'), ('XDG_CONFIG_DIRS', '/etc/xdg/xdg-ubuntu:/etc/xdg'), ('XDG_DATA_DIRS', '/usr/share/ubuntu:/usr/local/share/:/usr/share/:/var/lib/snapd/desktop'), ('WEZTERM_UNIX_SOCKET', '/run/user/1000/wezterm/gui-sock-2439'), ('PYTHONPATH', '/opt/ros/humble/lib/python3.10/site-packages:/opt/ros/humble/local/lib/python3.10/dist-packages'), ('LC_NUMERIC', 'ja_JP.UTF-8'), ('LC_PAPER', 'ja_JP.UTF-8'), ('WEZTERM_PANE', '2'), ('COLCON', '1'), ('CMAKE_PREFIX_PATH', '/opt/ros/humble')]), 'shell': False}
[0.606199] (can_msgs) StdoutLine: {'line': b'-- Install configuration: ""\n'}
[0.606898] (can_msgs) StdoutLine: {'line': b'-- Up-to-date: /home/altair/Person_Tracking_Roboware/install/can_msgs/share/ament_index/resource_index/rosidl_interfaces/can_msgs\n'}
[0.607204] (can_msgs) StdoutLine: {'line': b'-- Up-to-date: /home/altair/Person_Tracking_Roboware/install/can_msgs/include/can_msgs/can_msgs\n'}
[0.607335] (can_msgs) StdoutLine: {'line': b'-- Up-to-date: /home/altair/Person_Tracking_Roboware/install/can_msgs/include/can_msgs/can_msgs/msg\n'}
[0.607444] (can_msgs) StdoutLine: {'line': b'-- Up-to-date: /home/altair/Person_Tracking_Roboware/install/can_msgs/include/can_msgs/can_msgs/msg/frame.h\n'}
[0.607600] (can_msgs) StdoutLine: {'line': b'-- Up-to-date: /home/altair/Person_Tracking_Roboware/install/can_msgs/include/can_msgs/can_msgs/msg/rosidl_generator_c__visibility_control.h\n'}
[0.607734] (can_msgs) StdoutLine: {'line': b'-- Up-to-date: /home/altair/Person_Tracking_Roboware/install/can_msgs/include/can_msgs/can_msgs/msg/detail\n'}
[0.607932] (can_msgs) StdoutLine: {'line': b'-- Up-to-date: /home/altair/Person_Tracking_Roboware/install/can_msgs/include/can_msgs/can_msgs/msg/detail/frame__functions.h\n'}
[0.608104] (can_msgs) StdoutLine: {'line': b'-- Up-to-date: /home/altair/Person_Tracking_Roboware/install/can_msgs/include/can_msgs/can_msgs/msg/detail/frame__struct.h\n'}
[0.608236] (can_msgs) StdoutLine: {'line': b'-- Up-to-date: /home/altair/Person_Tracking_Roboware/install/can_msgs/include/can_msgs/can_msgs/msg/detail/frame__functions.c\n'}
[0.608391] (can_msgs) StdoutLine: {'line': b'-- Up-to-date: /home/altair/Person_Tracking_Roboware/install/can_msgs/include/can_msgs/can_msgs/msg/detail/frame__type_support.h\n'}
[0.608509] (can_msgs) StdoutLine: {'line': b'-- Up-to-date: /home/altair/Person_Tracking_Roboware/install/can_msgs/share/can_msgs/environment/library_path.sh\n'}
[0.608626] (can_msgs) StdoutLine: {'line': b'-- Up-to-date: /home/altair/Person_Tracking_Roboware/install/can_msgs/share/can_msgs/environment/library_path.dsv\n'}
[0.608848] (can_msgs) StdoutLine: {'line': b'-- Up-to-date: /home/altair/Person_Tracking_Roboware/install/can_msgs/lib/libcan_msgs__rosidl_generator_c.so\n'}
[0.609089] (can_msgs) StdoutLine: {'line': b'-- Up-to-date: /home/altair/Person_Tracking_Roboware/install/can_msgs/include/can_msgs/can_msgs\n'}
[0.609327] (can_msgs) StdoutLine: {'line': b'-- Up-to-date: /home/altair/Person_Tracking_Roboware/install/can_msgs/include/can_msgs/can_msgs/msg\n'}
[0.609535] (can_msgs) StdoutLine: {'line': b'-- Up-to-date: /home/altair/Person_Tracking_Roboware/install/can_msgs/include/can_msgs/can_msgs/msg/rosidl_typesupport_fastrtps_c__visibility_control.h\n'}
[0.609752] (can_msgs) StdoutLine: {'line': b'-- Up-to-date: /home/altair/Person_Tracking_Roboware/install/can_msgs/include/can_msgs/can_msgs/msg/detail\n'}
[0.609944] (can_msgs) StdoutLine: {'line': b'-- Up-to-date: /home/altair/Person_Tracking_Roboware/install/can_msgs/include/can_msgs/can_msgs/msg/detail/frame__rosidl_typesupport_fastrtps_c.h\n'}
[0.610119] (can_msgs) StdoutLine: {'line': b'-- Up-to-date: /home/altair/Person_Tracking_Roboware/install/can_msgs/lib/libcan_msgs__rosidl_typesupport_fastrtps_c.so\n'}
[0.610283] (can_msgs) StdoutLine: {'line': b'-- Up-to-date: /home/altair/Person_Tracking_Roboware/install/can_msgs/include/can_msgs/can_msgs\n'}
[0.610546] (can_msgs) StdoutLine: {'line': b'-- Up-to-date: /home/altair/Person_Tracking_Roboware/install/can_msgs/include/can_msgs/can_msgs/msg\n'}
[0.610826] (can_msgs) StdoutLine: {'line': b'-- Up-to-date: /home/altair/Person_Tracking_Roboware/install/can_msgs/include/can_msgs/can_msgs/msg/detail\n'}
[0.611164] (can_msgs) StdoutLine: {'line': b'-- Up-to-date: /home/altair/Person_Tracking_Roboware/install/can_msgs/include/can_msgs/can_msgs/msg/detail/frame__rosidl_typesupport_introspection_c.h\n'}
[0.611462] (can_msgs) StdoutLine: {'line': b'-- Up-to-date: /home/altair/Person_Tracking_Roboware/install/can_msgs/include/can_msgs/can_msgs/msg/detail/frame__type_support.c\n'}
[0.611757] (can_msgs) StdoutLine: {'line': b'-- Up-to-date: /home/altair/Person_Tracking_Roboware/install/can_msgs/include/can_msgs/can_msgs/msg/rosidl_typesupport_introspection_c__visibility_control.h\n'}
[0.612149] (can_msgs) StdoutLine: {'line': b'-- Up-to-date: /home/altair/Person_Tracking_Roboware/install/can_msgs/lib/libcan_msgs__rosidl_typesupport_introspection_c.so\n'}
[0.612383] (can_msgs) StdoutLine: {'line': b'-- Up-to-date: /home/altair/Person_Tracking_Roboware/install/can_msgs/lib/libcan_msgs__rosidl_typesupport_c.so\n'}
[0.612553] (can_msgs) StdoutLine: {'line': b'-- Up-to-date: /home/altair/Person_Tracking_Roboware/install/can_msgs/include/can_msgs/can_msgs\n'}
[0.612749] (can_msgs) StdoutLine: {'line': b'-- Up-to-date: /home/altair/Person_Tracking_Roboware/install/can_msgs/include/can_msgs/can_msgs/msg\n'}
[0.612918] (can_msgs) StdoutLine: {'line': b'-- Up-to-date: /home/altair/Person_Tracking_Roboware/install/can_msgs/include/can_msgs/can_msgs/msg/detail\n'}
[0.613455] (can_msgs) StdoutLine: {'line': b'-- Up-to-date: /home/altair/Person_Tracking_Roboware/install/can_msgs/include/can_msgs/can_msgs/msg/detail/frame__type_support.hpp\n'}
[0.613669] (can_msgs) StdoutLine: {'line': b'-- Up-to-date: /home/altair/Person_Tracking_Roboware/install/can_msgs/include/can_msgs/can_msgs/msg/detail/frame__traits.hpp\n'}
[0.613795] (can_msgs) StdoutLine: {'line': b'-- Up-to-date: /home/altair/Person_Tracking_Roboware/install/can_msgs/include/can_msgs/can_msgs/msg/detail/frame__builder.hpp\n'}
[0.613926] (can_msgs) StdoutLine: {'line': b'-- Up-to-date: /home/altair/Person_Tracking_Roboware/install/can_msgs/include/can_msgs/can_msgs/msg/detail/frame__struct.hpp\n'}
[0.614007] (can_msgs) StdoutLine: {'line': b'-- Up-to-date: /home/altair/Person_Tracking_Roboware/install/can_msgs/include/can_msgs/can_msgs/msg/rosidl_generator_cpp__visibility_control.hpp\n'}
[0.614083] (can_msgs) StdoutLine: {'line': b'-- Up-to-date: /home/altair/Person_Tracking_Roboware/install/can_msgs/include/can_msgs/can_msgs/msg/frame.hpp\n'}
[0.614149] (can_msgs) StdoutLine: {'line': b'-- Up-to-date: /home/altair/Person_Tracking_Roboware/install/can_msgs/include/can_msgs/can_msgs\n'}
[0.614213] (can_msgs) StdoutLine: {'line': b'-- Up-to-date: /home/altair/Person_Tracking_Roboware/install/can_msgs/include/can_msgs/can_msgs/msg\n'}
[0.614276] (can_msgs) StdoutLine: {'line': b'-- Up-to-date: /home/altair/Person_Tracking_Roboware/install/can_msgs/include/can_msgs/can_msgs/msg/rosidl_typesupport_fastrtps_cpp__visibility_control.h\n'}
[0.614340] (can_msgs) StdoutLine: {'line': b'-- Up-to-date: /home/altair/Person_Tracking_Roboware/install/can_msgs/include/can_msgs/can_msgs/msg/detail\n'}
[0.614403] (can_msgs) StdoutLine: {'line': b'-- Up-to-date: /home/altair/Person_Tracking_Roboware/install/can_msgs/include/can_msgs/can_msgs/msg/detail/frame__rosidl_typesupport_fastrtps_cpp.hpp\n'}
[0.614466] (can_msgs) StdoutLine: {'line': b'-- Up-to-date: /home/altair/Person_Tracking_Roboware/install/can_msgs/include/can_msgs/can_msgs/msg/detail/dds_fastrtps\n'}
[0.614529] (can_msgs) StdoutLine: {'line': b'-- Up-to-date: /home/altair/Person_Tracking_Roboware/install/can_msgs/lib/libcan_msgs__rosidl_typesupport_fastrtps_cpp.so\n'}
[0.614592] (altair_interfaces) StdoutLine: {'line': b'-- Install configuration: ""\n'}
[0.614820] (can_msgs) StdoutLine: {'line': b'-- Up-to-date: /home/altair/Person_Tracking_Roboware/install/can_msgs/include/can_msgs/can_msgs\n'}
[0.614899] (altair_interfaces) StdoutLine: {'line': b'-- Up-to-date: /home/altair/Person_Tracking_Roboware/install/altair_interfaces/share/ament_index/resource_index/rosidl_interfaces/altair_interfaces\n'}
[0.614965] (can_msgs) StdoutLine: {'line': b'-- Up-to-date: /home/altair/Person_Tracking_Roboware/install/can_msgs/include/can_msgs/can_msgs/msg\n'}
[0.615026] (can_msgs) StdoutLine: {'line': b'-- Up-to-date: /home/altair/Person_Tracking_Roboware/install/can_msgs/include/can_msgs/can_msgs/msg/detail\n'}
[0.615088] (altair_interfaces) StdoutLine: {'line': b'-- Up-to-date: /home/altair/Person_Tracking_Roboware/install/altair_interfaces/include/altair_interfaces/altair_interfaces\n'}
[0.615153] (can_msgs) StdoutLine: {'line': b'-- Up-to-date: /home/altair/Person_Tracking_Roboware/install/can_msgs/include/can_msgs/can_msgs/msg/detail/frame__rosidl_typesupport_introspection_cpp.hpp\n'}
[0.615216] (can_msgs) StdoutLine: {'line': b'-- Up-to-date: /home/altair/Person_Tracking_Roboware/install/can_msgs/include/can_msgs/can_msgs/msg/detail/frame__type_support.cpp\n'}
[0.615304] (altair_interfaces) StdoutLine: {'line': b'-- Up-to-date: /home/altair/Person_Tracking_Roboware/install/altair_interfaces/include/altair_interfaces/altair_interfaces/msg\n'}
[0.615366] (altair_interfaces) StdoutLine: {'line': b'-- Up-to-date: /home/altair/Person_Tracking_Roboware/install/altair_interfaces/include/altair_interfaces/altair_interfaces/msg/mdd_command.h\n'}
[0.615423] (altair_interfaces) StdoutLine: {'line': b'-- Up-to-date: /home/altair/Person_Tracking_Roboware/install/altair_interfaces/include/altair_interfaces/altair_interfaces/msg/rosidl_generator_c__visibility_control.h\n'}
[0.615488] (altair_interfaces) StdoutLine: {'line': b'-- Up-to-date: /home/altair/Person_Tracking_Roboware/install/altair_interfaces/include/altair_interfaces/altair_interfaces/msg/detail\n'}
[0.615550] (altair_interfaces) StdoutLine: {'line': b'-- Up-to-date: /home/altair/Person_Tracking_Roboware/install/altair_interfaces/include/altair_interfaces/altair_interfaces/msg/detail/mdd_feedback__struct.h\n'}
[0.615613] (altair_interfaces) StdoutLine: {'line': b'-- Up-to-date: /home/altair/Person_Tracking_Roboware/install/altair_interfaces/include/altair_interfaces/altair_interfaces/msg/detail/mdd_command__struct.h\n'}
[0.615675] (altair_interfaces) StdoutLine: {'line': b'-- Up-to-date: /home/altair/Person_Tracking_Roboware/install/altair_interfaces/include/altair_interfaces/altair_interfaces/msg/detail/can_status__struct.h\n'}
[0.615737] (altair_interfaces) StdoutLine: {'line': b'-- Up-to-date: /home/altair/Person_Tracking_Roboware/install/altair_interfaces/include/altair_interfaces/altair_interfaces/msg/detail/mdd_feedback__type_support.h\n'}
[0.615799] (altair_interfaces) StdoutLine: {'line': b'-- Up-to-date: /home/altair/Person_Tracking_Roboware/install/altair_interfaces/include/altair_interfaces/altair_interfaces/msg/detail/servo_command__functions.h\n'}
[0.615869] (altair_interfaces) StdoutLine: {'line': b'-- Up-to-date: /home/altair/Person_Tracking_Roboware/install/altair_interfaces/include/altair_interfaces/altair_interfaces/msg/detail/solenoid_command__functions.h\n'}
[0.616041] (altair_interfaces) StdoutLine: {'line': b'-- Up-to-date: /home/altair/Person_Tracking_Roboware/install/altair_interfaces/include/altair_interfaces/altair_interfaces/msg/detail/mdd_command__type_support.h\n'}
[0.616108] (can_msgs) StdoutLine: {'line': b'-- Up-to-date: /home/altair/Person_Tracking_Roboware/install/can_msgs/lib/libcan_msgs__rosidl_typesupport_introspection_cpp.so\n'}
[0.616259] (altair_interfaces) StdoutLine: {'line': b'-- Up-to-date: /home/altair/Person_Tracking_Roboware/install/altair_interfaces/include/altair_interfaces/altair_interfaces/msg/detail/servo_command__struct.h\n'}
[0.616325] (altair_interfaces) StdoutLine: {'line': b'-- Up-to-date: /home/altair/Person_Tracking_Roboware/install/altair_interfaces/include/altair_interfaces/altair_interfaces/msg/detail/solenoid_command__type_support.h\n'}
[0.616387] (altair_interfaces) StdoutLine: {'line': b'-- Up-to-date: /home/altair/Person_Tracking_Roboware/install/altair_interfaces/include/altair_interfaces/altair_interfaces/msg/detail/mdd_feedback__functions.c\n'}
[0.616450] (altair_interfaces) StdoutLine: {'line': b'-- Up-to-date: /home/altair/Person_Tracking_Roboware/install/altair_interfaces/include/altair_interfaces/altair_interfaces/msg/detail/solenoid_command__struct.h\n'}
[0.616513] (altair_interfaces) StdoutLine: {'line': b'-- Up-to-date: /home/altair/Person_Tracking_Roboware/install/altair_interfaces/include/altair_interfaces/altair_interfaces/msg/detail/can_status__functions.c\n'}
[0.616687] (altair_interfaces) StdoutLine: {'line': b'-- Up-to-date: /home/altair/Person_Tracking_Roboware/install/altair_interfaces/include/altair_interfaces/altair_interfaces/msg/detail/servo_command__type_support.h\n'}
[0.616769] (altair_interfaces) StdoutLine: {'line': b'-- Up-to-date: /home/altair/Person_Tracking_Roboware/install/altair_interfaces/include/altair_interfaces/altair_interfaces/msg/detail/mdd_command__functions.c\n'}
[0.616833] (altair_interfaces) StdoutLine: {'line': b'-- Up-to-date: /home/altair/Person_Tracking_Roboware/install/altair_interfaces/include/altair_interfaces/altair_interfaces/msg/detail/mdd_command__functions.h\n'}
[0.616971] (altair_interfaces) StdoutLine: {'line': b'-- Up-to-date: /home/altair/Person_Tracking_Roboware/install/altair_interfaces/include/altair_interfaces/altair_interfaces/msg/detail/can_status__functions.h\n'}
[0.617066] (altair_interfaces) StdoutLine: {'line': b'-- Up-to-date: /home/altair/Person_Tracking_Roboware/install/altair_interfaces/include/altair_interfaces/altair_interfaces/msg/detail/servo_command__functions.c\n'}
[0.617158] (altair_interfaces) StdoutLine: {'line': b'-- Up-to-date: /home/altair/Person_Tracking_Roboware/install/altair_interfaces/include/altair_interfaces/altair_interfaces/msg/detail/solenoid_command__functions.c\n'}
[0.617222] (altair_interfaces) StdoutLine: {'line': b'-- Up-to-date: /home/altair/Person_Tracking_Roboware/install/altair_interfaces/include/altair_interfaces/altair_interfaces/msg/detail/can_status__type_support.h\n'}
[0.617285] (altair_interfaces) StdoutLine: {'line': b'-- Up-to-date: /home/altair/Person_Tracking_Roboware/install/altair_interfaces/include/altair_interfaces/altair_interfaces/msg/detail/mdd_feedback__functions.h\n'}
[0.617348] (altair_interfaces) StdoutLine: {'line': b'-- Up-to-date: /home/altair/Person_Tracking_Roboware/install/altair_interfaces/include/altair_interfaces/altair_interfaces/msg/servo_command.h\n'}
[0.617410] (altair_interfaces) StdoutLine: {'line': b'-- Up-to-date: /home/altair/Person_Tracking_Roboware/install/altair_interfaces/include/altair_interfaces/altair_interfaces/msg/solenoid_command.h\n'}
[0.617472] (altair_interfaces) StdoutLine: {'line': b'-- Up-to-date: /home/altair/Person_Tracking_Roboware/install/altair_interfaces/include/altair_interfaces/altair_interfaces/msg/mdd_feedback.h\n'}
[0.617535] (altair_interfaces) StdoutLine: {'line': b'-- Up-to-date: /home/altair/Person_Tracking_Roboware/install/altair_interfaces/include/altair_interfaces/altair_interfaces/msg/can_status.h\n'}
[0.617597] (altair_interfaces) StdoutLine: {'line': b'-- Up-to-date: /home/altair/Person_Tracking_Roboware/install/altair_interfaces/include/altair_interfaces/altair_interfaces/srv\n'}
[0.617659] (altair_interfaces) StdoutLine: {'line': b'-- Up-to-date: /home/altair/Person_Tracking_Roboware/install/altair_interfaces/include/altair_interfaces/altair_interfaces/srv/detail\n'}
[0.617721] (can_msgs) StdoutLine: {'line': b'-- Up-to-date: /home/altair/Person_Tracking_Roboware/install/can_msgs/lib/libcan_msgs__rosidl_typesupport_cpp.so\n'}
[0.617824] (altair_interfaces) StdoutLine: {'line': b'-- Up-to-date: /home/altair/Person_Tracking_Roboware/install/altair_interfaces/include/altair_interfaces/altair_interfaces/srv/detail/start_behavior__functions.h\n'}
[0.618012] (altair_interfaces) StdoutLine: {'line': b'-- Up-to-date: /home/altair/Person_Tracking_Roboware/install/altair_interfaces/include/altair_interfaces/altair_interfaces/srv/detail/get_available_ports__type_support.h\n'}
[0.618077] (altair_interfaces) StdoutLine: {'line': b'-- Up-to-date: /home/altair/Person_Tracking_Roboware/install/altair_interfaces/include/altair_interfaces/altair_interfaces/srv/detail/get_available_ports__functions.c\n'}
[0.618136] (altair_interfaces) StdoutLine: {'line': b'-- Up-to-date: /home/altair/Person_Tracking_Roboware/install/altair_interfaces/include/altair_interfaces/altair_interfaces/srv/detail/trigger_control__functions.c\n'}
[0.618194] (altair_interfaces) StdoutLine: {'line': b'-- Up-to-date: /home/altair/Person_Tracking_Roboware/install/altair_interfaces/include/altair_interfaces/altair_interfaces/srv/detail/trigger_control__struct.h\n'}
[0.618289] (altair_interfaces) StdoutLine: {'line': b'-- Up-to-date: /home/altair/Person_Tracking_Roboware/install/altair_interfaces/include/altair_interfaces/altair_interfaces/srv/detail/get_available_ports__functions.h\n'}
[0.618354] (altair_interfaces) StdoutLine: {'line': b'-- Up-to-date: /home/altair/Person_Tracking_Roboware/install/altair_interfaces/include/altair_interfaces/altair_interfaces/srv/detail/trigger_control__functions.h\n'}
[0.618417] (altair_interfaces) StdoutLine: {'line': b'-- Up-to-date: /home/altair/Person_Tracking_Roboware/install/altair_interfaces/include/altair_interfaces/altair_interfaces/srv/detail/start_behavior__struct.h\n'}
[0.618479] (altair_interfaces) StdoutLine: {'line': b'-- Up-to-date: /home/altair/Person_Tracking_Roboware/install/altair_interfaces/include/altair_interfaces/altair_interfaces/srv/detail/start_behavior__functions.c\n'}
[0.618565] (can_msgs) StdoutLine: {'line': b'-- Up-to-date: /home/altair/Person_Tracking_Roboware/install/can_msgs/share/can_msgs/environment/pythonpath.sh\n'}
[0.618680] (altair_interfaces) StdoutLine: {'line': b'-- Up-to-date: /home/altair/Person_Tracking_Roboware/install/altair_interfaces/include/altair_interfaces/altair_interfaces/srv/detail/trigger_control__type_support.h\n'}
[0.618746] (altair_interfaces) StdoutLine: {'line': b'-- Up-to-date: /home/altair/Person_Tracking_Roboware/install/altair_interfaces/include/altair_interfaces/altair_interfaces/srv/detail/connect_can__struct.h\n'}
[0.618841] (altair_interfaces) StdoutLine: {'line': b'-- Up-to-date: /home/altair/Person_Tracking_Roboware/install/altair_interfaces/include/altair_interfaces/altair_interfaces/srv/detail/connect_can__functions.h\n'}
[0.618991] (altair_interfaces) StdoutLine: {'line': b'-- Up-to-date: /home/altair/Person_Tracking_Roboware/install/altair_interfaces/include/altair_interfaces/altair_interfaces/srv/detail/start_behavior__type_support.h\n'}
[0.619054] (altair_interfaces) StdoutLine: {'line': b'-- Up-to-date: /home/altair/Person_Tracking_Roboware/install/altair_interfaces/include/altair_interfaces/altair_interfaces/srv/detail/connect_can__type_support.h\n'}
[0.619112] (altair_interfaces) StdoutLine: {'line': b'-- Up-to-date: /home/altair/Person_Tracking_Roboware/install/altair_interfaces/include/altair_interfaces/altair_interfaces/srv/detail/connect_can__functions.c\n'}
[0.619175] (can_msgs) StdoutLine: {'line': b'-- Up-to-date: /home/altair/Person_Tracking_Roboware/install/can_msgs/share/can_msgs/environment/pythonpath.dsv\n'}
[0.619263] (can_msgs) StdoutLine: {'line': b'-- Up-to-date: /home/altair/Person_Tracking_Roboware/install/can_msgs/local/lib/python3.10/dist-packages/can_msgs-2.0.0-py3.10.egg-info\n'}
[0.619322] (can_msgs) StdoutLine: {'line': b'-- Installing: /home/altair/Person_Tracking_Roboware/install/can_msgs/local/lib/python3.10/dist-packages/can_msgs-2.0.0-py3.10.egg-info/dependency_links.txt\n'}
[0.619381] (altair_interfaces) StdoutLine: {'line': b'-- Up-to-date: /home/altair/Person_Tracking_Roboware/install/altair_interfaces/include/altair_interfaces/altair_interfaces/srv/detail/get_available_ports__struct.h\n'}
[0.619459] (altair_interfaces) StdoutLine: {'line': b'-- Up-to-date: /home/altair/Person_Tracking_Roboware/install/altair_interfaces/include/altair_interfaces/altair_interfaces/srv/trigger_control.h\n'}
[0.619543] (altair_interfaces) StdoutLine: {'line': b'-- Up-to-date: /home/altair/Person_Tracking_Roboware/install/altair_interfaces/include/altair_interfaces/altair_interfaces/srv/connect_can.h\n'}
[0.619655] (altair_interfaces) StdoutLine: {'line': b'-- Up-to-date: /home/altair/Person_Tracking_Roboware/install/altair_interfaces/include/altair_interfaces/altair_interfaces/srv/start_behavior.h\n'}
[0.619761] (altair_interfaces) StdoutLine: {'line': b'-- Up-to-date: /home/altair/Person_Tracking_Roboware/install/altair_interfaces/include/altair_interfaces/altair_interfaces/srv/get_available_ports.h\n'}
[0.619915] (can_msgs) StdoutLine: {'line': b'-- Installing: /home/altair/Person_Tracking_Roboware/install/can_msgs/local/lib/python3.10/dist-packages/can_msgs-2.0.0-py3.10.egg-info/PKG-INFO\n'}
[0.620072] (altair_interfaces) StdoutLine: {'line': b'-- Up-to-date: /home/altair/Person_Tracking_Roboware/install/altair_interfaces/share/altair_interfaces/environment/library_path.sh\n'}
[0.620182] (altair_interfaces) StdoutLine: {'line': b'-- Up-to-date: /home/altair/Person_Tracking_Roboware/install/altair_interfaces/share/altair_interfaces/environment/library_path.dsv\n'}
[0.620310] (can_msgs) StdoutLine: {'line': b'-- Installing: /home/altair/Person_Tracking_Roboware/install/can_msgs/local/lib/python3.10/dist-packages/can_msgs-2.0.0-py3.10.egg-info/top_level.txt\n'}
[0.620384] (altair_interfaces) StdoutLine: {'line': b'-- Up-to-date: /home/altair/Person_Tracking_Roboware/install/altair_interfaces/lib/libaltair_interfaces__rosidl_generator_c.so\n'}
[0.620488] (can_msgs) StdoutLine: {'line': b'-- Installing: /home/altair/Person_Tracking_Roboware/install/can_msgs/local/lib/python3.10/dist-packages/can_msgs-2.0.0-py3.10.egg-info/SOURCES.txt\n'}
[0.620616] (altair_interfaces) StdoutLine: {'line': b'-- Up-to-date: /home/altair/Person_Tracking_Roboware/install/altair_interfaces/include/altair_interfaces/altair_interfaces\n'}
[0.620731] (altair_interfaces) StdoutLine: {'line': b'-- Up-to-date: /home/altair/Person_Tracking_Roboware/install/altair_interfaces/include/altair_interfaces/altair_interfaces/msg\n'}
[0.620876] (altair_interfaces) StdoutLine: {'line': b'-- Up-to-date: /home/altair/Person_Tracking_Roboware/install/altair_interfaces/include/altair_interfaces/altair_interfaces/msg/rosidl_typesupport_fastrtps_c__visibility_control.h\n'}
[0.621152] (altair_interfaces) StdoutLine: {'line': b'-- Up-to-date: /home/altair/Person_Tracking_Roboware/install/altair_interfaces/include/altair_interfaces/altair_interfaces/msg/detail\n'}
[0.621446] (altair_interfaces) StdoutLine: {'line': b'-- Up-to-date: /home/altair/Person_Tracking_Roboware/install/altair_interfaces/include/altair_interfaces/altair_interfaces/msg/detail/can_status__rosidl_typesupport_fastrtps_c.h\n'}
[0.621724] (altair_interfaces) StdoutLine: {'line': b'-- Up-to-date: /home/altair/Person_Tracking_Roboware/install/altair_interfaces/include/altair_interfaces/altair_interfaces/msg/detail/servo_command__rosidl_typesupport_fastrtps_c.h\n'}
[0.621886] (can_msgs) StdoutLine: {'line': b'-- Up-to-date: /home/altair/Person_Tracking_Roboware/install/can_msgs/local/lib/python3.10/dist-packages/can_msgs\n'}
[0.622059] (can_msgs) StdoutLine: {'line': b'-- Up-to-date: /home/altair/Person_Tracking_Roboware/install/can_msgs/local/lib/python3.10/dist-packages/can_msgs/can_msgs_s__rosidl_typesupport_c.cpython-310-x86_64-linux-gnu.so\n'}
[0.622174] (can_msgs) StdoutLine: {'line': b'-- Up-to-date: /home/altair/Person_Tracking_Roboware/install/can_msgs/local/lib/python3.10/dist-packages/can_msgs/_can_msgs_s.ep.rosidl_typesupport_fastrtps_c.c\n'}
[0.622301] (can_msgs) StdoutLine: {'line': b'-- Up-to-date: /home/altair/Person_Tracking_Roboware/install/can_msgs/local/lib/python3.10/dist-packages/can_msgs/msg\n'}
[0.622472] (can_msgs) StdoutLine: {'line': b'-- Up-to-date: /home/altair/Person_Tracking_Roboware/install/can_msgs/local/lib/python3.10/dist-packages/can_msgs/msg/_frame_s.c\n'}
[0.622632] (can_msgs) StdoutLine: {'line': b'-- Up-to-date: /home/altair/Person_Tracking_Roboware/install/can_msgs/local/lib/python3.10/dist-packages/can_msgs/msg/_frame.py\n'}
[0.622765] (can_msgs) StdoutLine: {'line': b'-- Up-to-date: /home/altair/Person_Tracking_Roboware/install/can_msgs/local/lib/python3.10/dist-packages/can_msgs/msg/__init__.py\n'}
[0.622921] (altair_interfaces) StdoutLine: {'line': b'-- Up-to-date: /home/altair/Person_Tracking_Roboware/install/altair_interfaces/include/altair_interfaces/altair_interfaces/msg/detail/mdd_feedback__rosidl_typesupport_fastrtps_c.h\n'}
[0.623083] (altair_interfaces) StdoutLine: {'line': b'-- Up-to-date: /home/altair/Person_Tracking_Roboware/install/altair_interfaces/include/altair_interfaces/altair_interfaces/msg/detail/solenoid_command__rosidl_typesupport_fastrtps_c.h\n'}
[0.623236] (altair_interfaces) StdoutLine: {'line': b'-- Up-to-date: /home/altair/Person_Tracking_Roboware/install/altair_interfaces/include/altair_interfaces/altair_interfaces/msg/detail/mdd_command__rosidl_typesupport_fastrtps_c.h\n'}
[0.623400] (altair_interfaces) StdoutLine: {'line': b'-- Up-to-date: /home/altair/Person_Tracking_Roboware/install/altair_interfaces/include/altair_interfaces/altair_interfaces/srv\n'}
[0.623589] (altair_interfaces) StdoutLine: {'line': b'-- Up-to-date: /home/altair/Person_Tracking_Roboware/install/altair_interfaces/include/altair_interfaces/altair_interfaces/srv/detail\n'}
[0.623767] (can_msgs) StdoutLine: {'line': b'-- Up-to-date: /home/altair/Person_Tracking_Roboware/install/can_msgs/local/lib/python3.10/dist-packages/can_msgs/__init__.py\n'}
[0.624066] (can_msgs) StdoutLine: {'line': b'-- Up-to-date: /home/altair/Person_Tracking_Roboware/install/can_msgs/local/lib/python3.10/dist-packages/can_msgs/can_msgs_s__rosidl_typesupport_introspection_c.cpython-310-x86_64-linux-gnu.so\n'}
[0.624294] (altair_interfaces) StdoutLine: {'line': b'-- Up-to-date: /home/altair/Person_Tracking_Roboware/install/altair_interfaces/include/altair_interfaces/altair_interfaces/srv/detail/trigger_control__rosidl_typesupport_fastrtps_c.h\n'}
[0.624527] (can_msgs) StdoutLine: {'line': b'-- Up-to-date: /home/altair/Person_Tracking_Roboware/install/can_msgs/local/lib/python3.10/dist-packages/can_msgs/libcan_msgs__rosidl_generator_py.so\n'}
[0.624646] (altair_interfaces) StdoutLine: {'line': b'-- Up-to-date: /home/altair/Person_Tracking_Roboware/install/altair_interfaces/include/altair_interfaces/altair_interfaces/srv/detail/connect_can__rosidl_typesupport_fastrtps_c.h\n'}
[0.624764] (can_msgs) StdoutLine: {'line': b'-- Up-to-date: /home/altair/Person_Tracking_Roboware/install/can_msgs/local/lib/python3.10/dist-packages/can_msgs/_can_msgs_s.ep.rosidl_typesupport_introspection_c.c\n'}
[0.624935] (can_msgs) StdoutLine: {'line': b'-- Up-to-date: /home/altair/Person_Tracking_Roboware/install/can_msgs/local/lib/python3.10/dist-packages/can_msgs/_can_msgs_s.ep.rosidl_typesupport_c.c\n'}
[0.625073] (altair_interfaces) StdoutLine: {'line': b'-- Up-to-date: /home/altair/Person_Tracking_Roboware/install/altair_interfaces/include/altair_interfaces/altair_interfaces/srv/detail/get_available_ports__rosidl_typesupport_fastrtps_c.h\n'}
[0.625205] (altair_interfaces) StdoutLine: {'line': b'-- Up-to-date: /home/altair/Person_Tracking_Roboware/install/altair_interfaces/include/altair_interfaces/altair_interfaces/srv/detail/start_behavior__rosidl_typesupport_fastrtps_c.h\n'}
[0.625338] (can_msgs) StdoutLine: {'line': b'-- Up-to-date: /home/altair/Person_Tracking_Roboware/install/can_msgs/local/lib/python3.10/dist-packages/can_msgs/can_msgs_s__rosidl_typesupport_fastrtps_c.cpython-310-x86_64-linux-gnu.so\n'}
[0.625453] (altair_interfaces) StdoutLine: {'line': b'-- Up-to-date: /home/altair/Person_Tracking_Roboware/install/altair_interfaces/lib/libaltair_interfaces__rosidl_typesupport_fastrtps_c.so\n'}
[0.625570] (altair_interfaces) StdoutLine: {'line': b'-- Up-to-date: /home/altair/Person_Tracking_Roboware/install/altair_interfaces/include/altair_interfaces/altair_interfaces\n'}
[0.625695] (altair_interfaces) StdoutLine: {'line': b'-- Up-to-date: /home/altair/Person_Tracking_Roboware/install/altair_interfaces/include/altair_interfaces/altair_interfaces/msg\n'}
[0.625814] (altair_interfaces) StdoutLine: {'line': b'-- Up-to-date: /home/altair/Person_Tracking_Roboware/install/altair_interfaces/include/altair_interfaces/altair_interfaces/msg/detail\n'}
[0.625984] (altair_interfaces) StdoutLine: {'line': b'-- Up-to-date: /home/altair/Person_Tracking_Roboware/install/altair_interfaces/include/altair_interfaces/altair_interfaces/msg/detail/can_status__rosidl_typesupport_introspection_c.h\n'}
[0.626106] (altair_interfaces) StdoutLine: {'line': b'-- Up-to-date: /home/altair/Person_Tracking_Roboware/install/altair_interfaces/include/altair_interfaces/altair_interfaces/msg/detail/solenoid_command__type_support.c\n'}
[0.626223] (altair_interfaces) StdoutLine: {'line': b'-- Up-to-date: /home/altair/Person_Tracking_Roboware/install/altair_interfaces/include/altair_interfaces/altair_interfaces/msg/detail/mdd_feedback__rosidl_typesupport_introspection_c.h\n'}
[0.626345] (altair_interfaces) StdoutLine: {'line': b'-- Up-to-date: /home/altair/Person_Tracking_Roboware/install/altair_interfaces/include/altair_interfaces/altair_interfaces/msg/detail/mdd_command__rosidl_typesupport_introspection_c.h\n'}
[0.626465] (altair_interfaces) StdoutLine: {'line': b'-- Up-to-date: /home/altair/Person_Tracking_Roboware/install/altair_interfaces/include/altair_interfaces/altair_interfaces/msg/detail/servo_command__rosidl_typesupport_introspection_c.h\n'}
[0.626594] (altair_interfaces) StdoutLine: {'line': b'-- Up-to-date: /home/altair/Person_Tracking_Roboware/install/altair_interfaces/include/altair_interfaces/altair_interfaces/msg/detail/mdd_feedback__type_support.c\n'}
[0.626811] (altair_interfaces) StdoutLine: {'line': b'-- Up-to-date: /home/altair/Person_Tracking_Roboware/install/altair_interfaces/include/altair_interfaces/altair_interfaces/msg/detail/solenoid_command__rosidl_typesupport_introspection_c.h\n'}
[0.626968] (altair_interfaces) StdoutLine: {'line': b'-- Up-to-date: /home/altair/Person_Tracking_Roboware/install/altair_interfaces/include/altair_interfaces/altair_interfaces/msg/detail/servo_command__type_support.c\n'}
[0.627093] (altair_interfaces) StdoutLine: {'line': b'-- Up-to-date: /home/altair/Person_Tracking_Roboware/install/altair_interfaces/include/altair_interfaces/altair_interfaces/msg/detail/mdd_command__type_support.c\n'}
[0.627208] (altair_interfaces) StdoutLine: {'line': b'-- Up-to-date: /home/altair/Person_Tracking_Roboware/install/altair_interfaces/include/altair_interfaces/altair_interfaces/msg/detail/can_status__type_support.c\n'}
[0.627325] (altair_interfaces) StdoutLine: {'line': b'-- Up-to-date: /home/altair/Person_Tracking_Roboware/install/altair_interfaces/include/altair_interfaces/altair_interfaces/msg/rosidl_typesupport_introspection_c__visibility_control.h\n'}
[0.627459] (altair_interfaces) StdoutLine: {'line': b'-- Up-to-date: /home/altair/Person_Tracking_Roboware/install/altair_interfaces/include/altair_interfaces/altair_interfaces/srv\n'}
[0.627583] (altair_interfaces) StdoutLine: {'line': b'-- Up-to-date: /home/altair/Person_Tracking_Roboware/install/altair_interfaces/include/altair_interfaces/altair_interfaces/srv/detail\n'}
[0.627696] (altair_interfaces) StdoutLine: {'line': b'-- Up-to-date: /home/altair/Person_Tracking_Roboware/install/altair_interfaces/include/altair_interfaces/altair_interfaces/srv/detail/trigger_control__rosidl_typesupport_introspection_c.h\n'}
[0.627816] (altair_interfaces) StdoutLine: {'line': b'-- Up-to-date: /home/altair/Person_Tracking_Roboware/install/altair_interfaces/include/altair_interfaces/altair_interfaces/srv/detail/trigger_control__type_support.c\n'}
[0.628031] (altair_interfaces) StdoutLine: {'line': b'-- Up-to-date: /home/altair/Person_Tracking_Roboware/install/altair_interfaces/include/altair_interfaces/altair_interfaces/srv/detail/start_behavior__rosidl_typesupport_introspection_c.h\n'}
[0.628216] (altair_interfaces) StdoutLine: {'line': b'-- Up-to-date: /home/altair/Person_Tracking_Roboware/install/altair_interfaces/include/altair_interfaces/altair_interfaces/srv/detail/connect_can__rosidl_typesupport_introspection_c.h\n'}
[0.628330] (altair_interfaces) StdoutLine: {'line': b'-- Up-to-date: /home/altair/Person_Tracking_Roboware/install/altair_interfaces/include/altair_interfaces/altair_interfaces/srv/detail/connect_can__type_support.c\n'}
[0.628442] (altair_interfaces) StdoutLine: {'line': b'-- Up-to-date: /home/altair/Person_Tracking_Roboware/install/altair_interfaces/include/altair_interfaces/altair_interfaces/srv/detail/get_available_ports__rosidl_typesupport_introspection_c.h\n'}
[0.628553] (altair_interfaces) StdoutLine: {'line': b'-- Up-to-date: /home/altair/Person_Tracking_Roboware/install/altair_interfaces/include/altair_interfaces/altair_interfaces/srv/detail/get_available_ports__type_support.c\n'}
[0.628669] (altair_interfaces) StdoutLine: {'line': b'-- Up-to-date: /home/altair/Person_Tracking_Roboware/install/altair_interfaces/include/altair_interfaces/altair_interfaces/srv/detail/start_behavior__type_support.c\n'}
[0.628805] (altair_interfaces) StdoutLine: {'line': b'-- Up-to-date: /home/altair/Person_Tracking_Roboware/install/altair_interfaces/lib/libaltair_interfaces__rosidl_typesupport_introspection_c.so\n'}
[0.628955] (altair_interfaces) StdoutLine: {'line': b'-- Up-to-date: /home/altair/Person_Tracking_Roboware/install/altair_interfaces/lib/libaltair_interfaces__rosidl_typesupport_c.so\n'}
[0.629068] (altair_interfaces) StdoutLine: {'line': b'-- Up-to-date: /home/altair/Person_Tracking_Roboware/install/altair_interfaces/include/altair_interfaces/altair_interfaces\n'}
[0.629179] (altair_interfaces) StdoutLine: {'line': b'-- Up-to-date: /home/altair/Person_Tracking_Roboware/install/altair_interfaces/include/altair_interfaces/altair_interfaces/msg\n'}
[0.629294] (altair_interfaces) StdoutLine: {'line': b'-- Up-to-date: /home/altair/Person_Tracking_Roboware/install/altair_interfaces/include/altair_interfaces/altair_interfaces/msg/servo_command.hpp\n'}
[0.629406] (altair_interfaces) StdoutLine: {'line': b'-- Up-to-date: /home/altair/Person_Tracking_Roboware/install/altair_interfaces/include/altair_interfaces/altair_interfaces/msg/can_status.hpp\n'}
[0.629514] (altair_interfaces) StdoutLine: {'line': b'-- Up-to-date: /home/altair/Person_Tracking_Roboware/install/altair_interfaces/include/altair_interfaces/altair_interfaces/msg/detail\n'}
[0.629622] (altair_interfaces) StdoutLine: {'line': b'-- Up-to-date: /home/altair/Person_Tracking_Roboware/install/altair_interfaces/include/altair_interfaces/altair_interfaces/msg/detail/mdd_command__builder.hpp\n'}
[0.629733] (altair_interfaces) StdoutLine: {'line': b'-- Up-to-date: /home/altair/Person_Tracking_Roboware/install/altair_interfaces/include/altair_interfaces/altair_interfaces/msg/detail/can_status__builder.hpp\n'}
[0.629843] (altair_interfaces) StdoutLine: {'line': b'-- Up-to-date: /home/altair/Person_Tracking_Roboware/install/altair_interfaces/include/altair_interfaces/altair_interfaces/msg/detail/solenoid_command__struct.hpp\n'}
[0.629993] (altair_interfaces) StdoutLine: {'line': b'-- Up-to-date: /home/altair/Person_Tracking_Roboware/install/altair_interfaces/include/altair_interfaces/altair_interfaces/msg/detail/solenoid_command__traits.hpp\n'}
[0.630104] (altair_interfaces) StdoutLine: {'line': b'-- Up-to-date: /home/altair/Person_Tracking_Roboware/install/altair_interfaces/include/altair_interfaces/altair_interfaces/msg/detail/can_status__type_support.hpp\n'}
[0.630215] (altair_interfaces) StdoutLine: {'line': b'-- Up-to-date: /home/altair/Person_Tracking_Roboware/install/altair_interfaces/include/altair_interfaces/altair_interfaces/msg/detail/mdd_command__type_support.hpp\n'}
[0.630326] (altair_interfaces) StdoutLine: {'line': b'-- Up-to-date: /home/altair/Person_Tracking_Roboware/install/altair_interfaces/include/altair_interfaces/altair_interfaces/msg/detail/solenoid_command__type_support.hpp\n'}
[0.630434] (altair_interfaces) StdoutLine: {'line': b'-- Up-to-date: /home/altair/Person_Tracking_Roboware/install/altair_interfaces/include/altair_interfaces/altair_interfaces/msg/detail/servo_command__struct.hpp\n'}
[0.630554] (altair_interfaces) StdoutLine: {'line': b'-- Up-to-date: /home/altair/Person_Tracking_Roboware/install/altair_interfaces/include/altair_interfaces/altair_interfaces/msg/detail/mdd_feedback__struct.hpp\n'}
[0.630665] (altair_interfaces) StdoutLine: {'line': b'-- Up-to-date: /home/altair/Person_Tracking_Roboware/install/altair_interfaces/include/altair_interfaces/altair_interfaces/msg/detail/servo_command__traits.hpp\n'}
[0.630773] (altair_interfaces) StdoutLine: {'line': b'-- Up-to-date: /home/altair/Person_Tracking_Roboware/install/altair_interfaces/include/altair_interfaces/altair_interfaces/msg/detail/solenoid_command__builder.hpp\n'}
[0.630893] (altair_interfaces) StdoutLine: {'line': b'-- Up-to-date: /home/altair/Person_Tracking_Roboware/install/altair_interfaces/include/altair_interfaces/altair_interfaces/msg/detail/mdd_command__traits.hpp\n'}
[0.631013] (altair_interfaces) StdoutLine: {'line': b'-- Up-to-date: /home/altair/Person_Tracking_Roboware/install/altair_interfaces/include/altair_interfaces/altair_interfaces/msg/detail/can_status__traits.hpp\n'}
[0.631122] (altair_interfaces) StdoutLine: {'line': b'-- Up-to-date: /home/altair/Person_Tracking_Roboware/install/altair_interfaces/include/altair_interfaces/altair_interfaces/msg/detail/mdd_feedback__type_support.hpp\n'}
[0.631230] (altair_interfaces) StdoutLine: {'line': b'-- Up-to-date: /home/altair/Person_Tracking_Roboware/install/altair_interfaces/include/altair_interfaces/altair_interfaces/msg/detail/mdd_command__struct.hpp\n'}
[0.631317] (altair_interfaces) StdoutLine: {'line': b'-- Up-to-date: /home/altair/Person_Tracking_Roboware/install/altair_interfaces/include/altair_interfaces/altair_interfaces/msg/detail/servo_command__builder.hpp\n'}
[0.631442] (altair_interfaces) StdoutLine: {'line': b'-- Up-to-date: /home/altair/Person_Tracking_Roboware/install/altair_interfaces/include/altair_interfaces/altair_interfaces/msg/detail/mdd_feedback__builder.hpp\n'}
[0.631549] (altair_interfaces) StdoutLine: {'line': b'-- Up-to-date: /home/altair/Person_Tracking_Roboware/install/altair_interfaces/include/altair_interfaces/altair_interfaces/msg/detail/mdd_feedback__traits.hpp\n'}
[0.631649] (altair_interfaces) StdoutLine: {'line': b'-- Up-to-date: /home/altair/Person_Tracking_Roboware/install/altair_interfaces/include/altair_interfaces/altair_interfaces/msg/detail/can_status__struct.hpp\n'}
[0.631760] (altair_interfaces) StdoutLine: {'line': b'-- Up-to-date: /home/altair/Person_Tracking_Roboware/install/altair_interfaces/include/altair_interfaces/altair_interfaces/msg/detail/servo_command__type_support.hpp\n'}
[0.631882] (altair_interfaces) StdoutLine: {'line': b'-- Up-to-date: /home/altair/Person_Tracking_Roboware/install/altair_interfaces/include/altair_interfaces/altair_interfaces/msg/solenoid_command.hpp\n'}
[0.631997] (altair_interfaces) StdoutLine: {'line': b'-- Up-to-date: /home/altair/Person_Tracking_Roboware/install/altair_interfaces/include/altair_interfaces/altair_interfaces/msg/rosidl_generator_cpp__visibility_control.hpp\n'}
[0.632108] (altair_interfaces) StdoutLine: {'line': b'-- Up-to-date: /home/altair/Person_Tracking_Roboware/install/altair_interfaces/include/altair_interfaces/altair_interfaces/msg/mdd_command.hpp\n'}
[0.632218] (altair_interfaces) StdoutLine: {'line': b'-- Up-to-date: /home/altair/Person_Tracking_Roboware/install/altair_interfaces/include/altair_interfaces/altair_interfaces/msg/mdd_feedback.hpp\n'}
[0.632330] (altair_interfaces) StdoutLine: {'line': b'-- Up-to-date: /home/altair/Person_Tracking_Roboware/install/altair_interfaces/include/altair_interfaces/altair_interfaces/srv\n'}
[0.632438] (altair_interfaces) StdoutLine: {'line': b'-- Up-to-date: /home/altair/Person_Tracking_Roboware/install/altair_interfaces/include/altair_interfaces/altair_interfaces/srv/trigger_control.hpp\n'}
[0.632549] (altair_interfaces) StdoutLine: {'line': b'-- Up-to-date: /home/altair/Person_Tracking_Roboware/install/altair_interfaces/include/altair_interfaces/altair_interfaces/srv/detail\n'}
[0.632657] (altair_interfaces) StdoutLine: {'line': b'-- Up-to-date: /home/altair/Person_Tracking_Roboware/install/altair_interfaces/include/altair_interfaces/altair_interfaces/srv/detail/connect_can__builder.hpp\n'}
[0.632768] (altair_interfaces) StdoutLine: {'line': b'-- Up-to-date: /home/altair/Person_Tracking_Roboware/install/altair_interfaces/include/altair_interfaces/altair_interfaces/srv/detail/start_behavior__builder.hpp\n'}
[0.632883] (altair_interfaces) StdoutLine: {'line': b'-- Up-to-date: /home/altair/Person_Tracking_Roboware/install/altair_interfaces/include/altair_interfaces/altair_interfaces/srv/detail/connect_can__struct.hpp\n'}
[0.633003] (altair_interfaces) StdoutLine: {'line': b'-- Up-to-date: /home/altair/Person_Tracking_Roboware/install/altair_interfaces/include/altair_interfaces/altair_interfaces/srv/detail/get_available_ports__type_support.hpp\n'}
[0.633114] (altair_interfaces) StdoutLine: {'line': b'-- Up-to-date: /home/altair/Person_Tracking_Roboware/install/altair_interfaces/include/altair_interfaces/altair_interfaces/srv/detail/trigger_control__struct.hpp\n'}
[0.633223] (altair_interfaces) StdoutLine: {'line': b'-- Up-to-date: /home/altair/Person_Tracking_Roboware/install/altair_interfaces/include/altair_interfaces/altair_interfaces/srv/detail/trigger_control__type_support.hpp\n'}
[0.633339] (altair_interfaces) StdoutLine: {'line': b'-- Up-to-date: /home/altair/Person_Tracking_Roboware/install/altair_interfaces/include/altair_interfaces/altair_interfaces/srv/detail/connect_can__traits.hpp\n'}
[0.633450] (altair_interfaces) StdoutLine: {'line': b'-- Up-to-date: /home/altair/Person_Tracking_Roboware/install/altair_interfaces/include/altair_interfaces/altair_interfaces/srv/detail/trigger_control__traits.hpp\n'}
[0.633567] (altair_interfaces) StdoutLine: {'line': b'-- Up-to-date: /home/altair/Person_Tracking_Roboware/install/altair_interfaces/include/altair_interfaces/altair_interfaces/srv/detail/get_available_ports__traits.hpp\n'}
[0.633676] (altair_interfaces) StdoutLine: {'line': b'-- Up-to-date: /home/altair/Person_Tracking_Roboware/install/altair_interfaces/include/altair_interfaces/altair_interfaces/srv/detail/get_available_ports__struct.hpp\n'}
[0.633785] (altair_interfaces) StdoutLine: {'line': b'-- Up-to-date: /home/altair/Person_Tracking_Roboware/install/altair_interfaces/include/altair_interfaces/altair_interfaces/srv/detail/trigger_control__builder.hpp\n'}
[0.633908] (altair_interfaces) StdoutLine: {'line': b'-- Up-to-date: /home/altair/Person_Tracking_Roboware/install/altair_interfaces/include/altair_interfaces/altair_interfaces/srv/detail/get_available_ports__builder.hpp\n'}
[0.634024] (altair_interfaces) StdoutLine: {'line': b'-- Up-to-date: /home/altair/Person_Tracking_Roboware/install/altair_interfaces/include/altair_interfaces/altair_interfaces/srv/detail/start_behavior__traits.hpp\n'}
[0.634134] (altair_interfaces) StdoutLine: {'line': b'-- Up-to-date: /home/altair/Person_Tracking_Roboware/install/altair_interfaces/include/altair_interfaces/altair_interfaces/srv/detail/connect_can__type_support.hpp\n'}
[0.634243] (altair_interfaces) StdoutLine: {'line': b'-- Up-to-date: /home/altair/Person_Tracking_Roboware/install/altair_interfaces/include/altair_interfaces/altair_interfaces/srv/detail/start_behavior__struct.hpp\n'}
[0.634353] (altair_interfaces) StdoutLine: {'line': b'-- Up-to-date: /home/altair/Person_Tracking_Roboware/install/altair_interfaces/include/altair_interfaces/altair_interfaces/srv/detail/start_behavior__type_support.hpp\n'}
[0.634462] (altair_interfaces) StdoutLine: {'line': b'-- Up-to-date: /home/altair/Person_Tracking_Roboware/install/altair_interfaces/include/altair_interfaces/altair_interfaces/srv/connect_can.hpp\n'}
[0.634570] (altair_interfaces) StdoutLine: {'line': b'-- Up-to-date: /home/altair/Person_Tracking_Roboware/install/altair_interfaces/include/altair_interfaces/altair_interfaces/srv/get_available_ports.hpp\n'}
[0.634680] (altair_interfaces) StdoutLine: {'line': b'-- Up-to-date: /home/altair/Person_Tracking_Roboware/install/altair_interfaces/include/altair_interfaces/altair_interfaces/srv/start_behavior.hpp\n'}
[0.634808] (altair_interfaces) StdoutLine: {'line': b'-- Up-to-date: /home/altair/Person_Tracking_Roboware/install/altair_interfaces/include/altair_interfaces/altair_interfaces\n'}
[0.634927] (altair_interfaces) StdoutLine: {'line': b'-- Up-to-date: /home/altair/Person_Tracking_Roboware/install/altair_interfaces/include/altair_interfaces/altair_interfaces/msg\n'}
[0.635013] (altair_interfaces) StdoutLine: {'line': b'-- Up-to-date: /home/altair/Person_Tracking_Roboware/install/altair_interfaces/include/altair_interfaces/altair_interfaces/msg/rosidl_typesupport_fastrtps_cpp__visibility_control.h\n'}
[0.635075] (altair_interfaces) StdoutLine: {'line': b'-- Up-to-date: /home/altair/Person_Tracking_Roboware/install/altair_interfaces/include/altair_interfaces/altair_interfaces/msg/detail\n'}
[0.635134] (altair_interfaces) StdoutLine: {'line': b'-- Up-to-date: /home/altair/Person_Tracking_Roboware/install/altair_interfaces/include/altair_interfaces/altair_interfaces/msg/detail/mdd_command__rosidl_typesupport_fastrtps_cpp.hpp\n'}
[0.635192] (altair_interfaces) StdoutLine: {'line': b'-- Up-to-date: /home/altair/Person_Tracking_Roboware/install/altair_interfaces/include/altair_interfaces/altair_interfaces/msg/detail/mdd_feedback__rosidl_typesupport_fastrtps_cpp.hpp\n'}
[0.635265] (altair_interfaces) StdoutLine: {'line': b'-- Up-to-date: /home/altair/Person_Tracking_Roboware/install/altair_interfaces/include/altair_interfaces/altair_interfaces/msg/detail/servo_command__rosidl_typesupport_fastrtps_cpp.hpp\n'}
[0.635325] (altair_interfaces) StdoutLine: {'line': b'-- Up-to-date: /home/altair/Person_Tracking_Roboware/install/altair_interfaces/include/altair_interfaces/altair_interfaces/msg/detail/solenoid_command__rosidl_typesupport_fastrtps_cpp.hpp\n'}
[0.635403] (altair_interfaces) StdoutLine: {'line': b'-- Up-to-date: /home/altair/Person_Tracking_Roboware/install/altair_interfaces/include/altair_interfaces/altair_interfaces/msg/detail/can_status__rosidl_typesupport_fastrtps_cpp.hpp\n'}
[0.635475] (altair_interfaces) StdoutLine: {'line': b'-- Up-to-date: /home/altair/Person_Tracking_Roboware/install/altair_interfaces/include/altair_interfaces/altair_interfaces/msg/detail/dds_fastrtps\n'}
[0.635553] (altair_interfaces) StdoutLine: {'line': b'-- Up-to-date: /home/altair/Person_Tracking_Roboware/install/altair_interfaces/include/altair_interfaces/altair_interfaces/srv\n'}
[0.635652] (altair_interfaces) StdoutLine: {'line': b'-- Up-to-date: /home/altair/Person_Tracking_Roboware/install/altair_interfaces/include/altair_interfaces/altair_interfaces/srv/detail\n'}
[0.635763] (altair_interfaces) StdoutLine: {'line': b'-- Up-to-date: /home/altair/Person_Tracking_Roboware/install/altair_interfaces/include/altair_interfaces/altair_interfaces/srv/detail/connect_can__rosidl_typesupport_fastrtps_cpp.hpp\n'}
[0.635881] (altair_interfaces) StdoutLine: {'line': b'-- Up-to-date: /home/altair/Person_Tracking_Roboware/install/altair_interfaces/include/altair_interfaces/altair_interfaces/srv/detail/start_behavior__rosidl_typesupport_fastrtps_cpp.hpp\n'}
[0.635998] (altair_interfaces) StdoutLine: {'line': b'-- Up-to-date: /home/altair/Person_Tracking_Roboware/install/altair_interfaces/include/altair_interfaces/altair_interfaces/srv/detail/dds_fastrtps\n'}
[0.636104] (altair_interfaces) StdoutLine: {'line': b'-- Up-to-date: /home/altair/Person_Tracking_Roboware/install/altair_interfaces/include/altair_interfaces/altair_interfaces/srv/detail/get_available_ports__rosidl_typesupport_fastrtps_cpp.hpp\n'}
[0.636216] (altair_interfaces) StdoutLine: {'line': b'-- Up-to-date: /home/altair/Person_Tracking_Roboware/install/altair_interfaces/include/altair_interfaces/altair_interfaces/srv/detail/trigger_control__rosidl_typesupport_fastrtps_cpp.hpp\n'}
[0.636325] (altair_interfaces) StdoutLine: {'line': b'-- Up-to-date: /home/altair/Person_Tracking_Roboware/install/altair_interfaces/lib/libaltair_interfaces__rosidl_typesupport_fastrtps_cpp.so\n'}
[0.636436] (altair_interfaces) StdoutLine: {'line': b'-- Up-to-date: /home/altair/Person_Tracking_Roboware/install/altair_interfaces/include/altair_interfaces/altair_interfaces\n'}
[0.636514] (altair_interfaces) StdoutLine: {'line': b'-- Up-to-date: /home/altair/Person_Tracking_Roboware/install/altair_interfaces/include/altair_interfaces/altair_interfaces/msg\n'}
[0.636607] (altair_interfaces) StdoutLine: {'line': b'-- Up-to-date: /home/altair/Person_Tracking_Roboware/install/altair_interfaces/include/altair_interfaces/altair_interfaces/msg/detail\n'}
[0.636715] (altair_interfaces) StdoutLine: {'line': b'-- Up-to-date: /home/altair/Person_Tracking_Roboware/install/altair_interfaces/include/altair_interfaces/altair_interfaces/msg/detail/mdd_feedback__rosidl_typesupport_introspection_cpp.hpp\n'}
[0.636824] (altair_interfaces) StdoutLine: {'line': b'-- Up-to-date: /home/altair/Person_Tracking_Roboware/install/altair_interfaces/include/altair_interfaces/altair_interfaces/msg/detail/can_status__rosidl_typesupport_introspection_cpp.hpp\n'}
[0.636947] (altair_interfaces) StdoutLine: {'line': b'-- Up-to-date: /home/altair/Person_Tracking_Roboware/install/altair_interfaces/include/altair_interfaces/altair_interfaces/msg/detail/mdd_command__rosidl_typesupport_introspection_cpp.hpp\n'}
[0.637048] (altair_interfaces) StdoutLine: {'line': b'-- Up-to-date: /home/altair/Person_Tracking_Roboware/install/altair_interfaces/include/altair_interfaces/altair_interfaces/msg/detail/mdd_feedback__type_support.cpp\n'}
[0.637172] (altair_interfaces) StdoutLine: {'line': b'-- Up-to-date: /home/altair/Person_Tracking_Roboware/install/altair_interfaces/include/altair_interfaces/altair_interfaces/msg/detail/servo_command__type_support.cpp\n'}
[0.637287] (altair_interfaces) StdoutLine: {'line': b'-- Up-to-date: /home/altair/Person_Tracking_Roboware/install/altair_interfaces/include/altair_interfaces/altair_interfaces/msg/detail/solenoid_command__type_support.cpp\n'}
[0.637397] (altair_interfaces) StdoutLine: {'line': b'-- Up-to-date: /home/altair/Person_Tracking_Roboware/install/altair_interfaces/include/altair_interfaces/altair_interfaces/msg/detail/mdd_command__type_support.cpp\n'}
[0.637508] (altair_interfaces) StdoutLine: {'line': b'-- Up-to-date: /home/altair/Person_Tracking_Roboware/install/altair_interfaces/include/altair_interfaces/altair_interfaces/msg/detail/can_status__type_support.cpp\n'}
[0.637615] (altair_interfaces) StdoutLine: {'line': b'-- Up-to-date: /home/altair/Person_Tracking_Roboware/install/altair_interfaces/include/altair_interfaces/altair_interfaces/msg/detail/servo_command__rosidl_typesupport_introspection_cpp.hpp\n'}
[0.637727] (altair_interfaces) StdoutLine: {'line': b'-- Up-to-date: /home/altair/Person_Tracking_Roboware/install/altair_interfaces/include/altair_interfaces/altair_interfaces/msg/detail/solenoid_command__rosidl_typesupport_introspection_cpp.hpp\n'}
[0.637836] (altair_interfaces) StdoutLine: {'line': b'-- Up-to-date: /home/altair/Person_Tracking_Roboware/install/altair_interfaces/include/altair_interfaces/altair_interfaces/srv\n'}
[0.637961] (altair_interfaces) StdoutLine: {'line': b'-- Up-to-date: /home/altair/Person_Tracking_Roboware/install/altair_interfaces/include/altair_interfaces/altair_interfaces/srv/detail\n'}
[0.638039] (altair_interfaces) StdoutLine: {'line': b'-- Up-to-date: /home/altair/Person_Tracking_Roboware/install/altair_interfaces/include/altair_interfaces/altair_interfaces/srv/detail/connect_can__rosidl_typesupport_introspection_cpp.hpp\n'}
[0.638134] (altair_interfaces) StdoutLine: {'line': b'-- Up-to-date: /home/altair/Person_Tracking_Roboware/install/altair_interfaces/include/altair_interfaces/altair_interfaces/srv/detail/get_available_ports__type_support.cpp\n'}
[0.638250] (altair_interfaces) StdoutLine: {'line': b'-- Up-to-date: /home/altair/Person_Tracking_Roboware/install/altair_interfaces/include/altair_interfaces/altair_interfaces/srv/detail/connect_can__type_support.cpp\n'}
[0.638359] (altair_interfaces) StdoutLine: {'line': b'-- Up-to-date: /home/altair/Person_Tracking_Roboware/install/altair_interfaces/include/altair_interfaces/altair_interfaces/srv/detail/start_behavior__type_support.cpp\n'}
[0.638469] (altair_interfaces) StdoutLine: {'line': b'-- Up-to-date: /home/altair/Person_Tracking_Roboware/install/altair_interfaces/include/altair_interfaces/altair_interfaces/srv/detail/trigger_control__type_support.cpp\n'}
[0.638580] (altair_interfaces) StdoutLine: {'line': b'-- Up-to-date: /home/altair/Person_Tracking_Roboware/install/altair_interfaces/include/altair_interfaces/altair_interfaces/srv/detail/trigger_control__rosidl_typesupport_introspection_cpp.hpp\n'}
[0.638688] (altair_interfaces) StdoutLine: {'line': b'-- Up-to-date: /home/altair/Person_Tracking_Roboware/install/altair_interfaces/include/altair_interfaces/altair_interfaces/srv/detail/get_available_ports__rosidl_typesupport_introspection_cpp.hpp\n'}
[0.638800] (altair_interfaces) StdoutLine: {'line': b'-- Up-to-date: /home/altair/Person_Tracking_Roboware/install/altair_interfaces/include/altair_interfaces/altair_interfaces/srv/detail/start_behavior__rosidl_typesupport_introspection_cpp.hpp\n'}
[0.638926] (altair_interfaces) StdoutLine: {'line': b'-- Up-to-date: /home/altair/Person_Tracking_Roboware/install/altair_interfaces/lib/libaltair_interfaces__rosidl_typesupport_introspection_cpp.so\n'}
[0.639039] (altair_interfaces) StdoutLine: {'line': b'-- Up-to-date: /home/altair/Person_Tracking_Roboware/install/altair_interfaces/lib/libaltair_interfaces__rosidl_typesupport_cpp.so\n'}
[0.639147] (altair_interfaces) StdoutLine: {'line': b'-- Up-to-date: /home/altair/Person_Tracking_Roboware/install/altair_interfaces/share/altair_interfaces/environment/pythonpath.sh\n'}
[0.639257] (altair_interfaces) StdoutLine: {'line': b'-- Up-to-date: /home/altair/Person_Tracking_Roboware/install/altair_interfaces/share/altair_interfaces/environment/pythonpath.dsv\n'}
[0.639375] (altair_interfaces) StdoutLine: {'line': b'-- Up-to-date: /home/altair/Person_Tracking_Roboware/install/altair_interfaces/local/lib/python3.10/dist-packages/altair_interfaces-1.0.0-py3.10.egg-info\n'}
[0.639484] (altair_interfaces) StdoutLine: {'line': b'-- Installing: /home/altair/Person_Tracking_Roboware/install/altair_interfaces/local/lib/python3.10/dist-packages/altair_interfaces-1.0.0-py3.10.egg-info/dependency_links.txt\n'}
[0.639593] (altair_interfaces) StdoutLine: {'line': b'-- Installing: /home/altair/Person_Tracking_Roboware/install/altair_interfaces/local/lib/python3.10/dist-packages/altair_interfaces-1.0.0-py3.10.egg-info/PKG-INFO\n'}
[0.639699] (altair_interfaces) StdoutLine: {'line': b'-- Installing: /home/altair/Person_Tracking_Roboware/install/altair_interfaces/local/lib/python3.10/dist-packages/altair_interfaces-1.0.0-py3.10.egg-info/top_level.txt\n'}
[0.639805] (altair_interfaces) StdoutLine: {'line': b'-- Installing: /home/altair/Person_Tracking_Roboware/install/altair_interfaces/local/lib/python3.10/dist-packages/altair_interfaces-1.0.0-py3.10.egg-info/SOURCES.txt\n'}
[0.639916] (altair_interfaces) StdoutLine: {'line': b'-- Up-to-date: /home/altair/Person_Tracking_Roboware/install/altair_interfaces/local/lib/python3.10/dist-packages/altair_interfaces\n'}
[0.640000] (altair_interfaces) StdoutLine: {'line': b'-- Up-to-date: /home/altair/Person_Tracking_Roboware/install/altair_interfaces/local/lib/python3.10/dist-packages/altair_interfaces/libaltair_interfaces__rosidl_generator_py.so\n'}
[0.640060] (altair_interfaces) StdoutLine: {'line': b'-- Up-to-date: /home/altair/Person_Tracking_Roboware/install/altair_interfaces/local/lib/python3.10/dist-packages/altair_interfaces/altair_interfaces_s__rosidl_typesupport_introspection_c.cpython-310-x86_64-linux-gnu.so\n'}
[0.640155] (altair_interfaces) StdoutLine: {'line': b'-- Up-to-date: /home/altair/Person_Tracking_Roboware/install/altair_interfaces/local/lib/python3.10/dist-packages/altair_interfaces/altair_interfaces_s__rosidl_typesupport_c.cpython-310-x86_64-linux-gnu.so\n'}
[0.640267] (altair_interfaces) StdoutLine: {'line': b'-- Up-to-date: /home/altair/Person_Tracking_Roboware/install/altair_interfaces/local/lib/python3.10/dist-packages/altair_interfaces/msg\n'}
[0.640377] (altair_interfaces) StdoutLine: {'line': b'-- Up-to-date: /home/altair/Person_Tracking_Roboware/install/altair_interfaces/local/lib/python3.10/dist-packages/altair_interfaces/msg/_servo_command.py\n'}
[0.640487] (altair_interfaces) StdoutLine: {'line': b'-- Up-to-date: /home/altair/Person_Tracking_Roboware/install/altair_interfaces/local/lib/python3.10/dist-packages/altair_interfaces/msg/__init__.py\n'}
[0.640593] (altair_interfaces) StdoutLine: {'line': b'-- Up-to-date: /home/altair/Person_Tracking_Roboware/install/altair_interfaces/local/lib/python3.10/dist-packages/altair_interfaces/msg/_can_status_s.c\n'}
[0.640705] (altair_interfaces) StdoutLine: {'line': b'-- Up-to-date: /home/altair/Person_Tracking_Roboware/install/altair_interfaces/local/lib/python3.10/dist-packages/altair_interfaces/msg/_can_status.py\n'}
[0.640811] (altair_interfaces) StdoutLine: {'line': b'-- Up-to-date: /home/altair/Person_Tracking_Roboware/install/altair_interfaces/local/lib/python3.10/dist-packages/altair_interfaces/msg/_mdd_feedback.py\n'}
[0.640933] (altair_interfaces) StdoutLine: {'line': b'-- Up-to-date: /home/altair/Person_Tracking_Roboware/install/altair_interfaces/local/lib/python3.10/dist-packages/altair_interfaces/msg/_servo_command_s.c\n'}
[0.641044] (altair_interfaces) StdoutLine: {'line': b'-- Up-to-date: /home/altair/Person_Tracking_Roboware/install/altair_interfaces/local/lib/python3.10/dist-packages/altair_interfaces/msg/_solenoid_command.py\n'}
[0.641152] (altair_interfaces) StdoutLine: {'line': b'-- Up-to-date: /home/altair/Person_Tracking_Roboware/install/altair_interfaces/local/lib/python3.10/dist-packages/altair_interfaces/msg/_mdd_command.py\n'}
[0.641269] (altair_interfaces) StdoutLine: {'line': b'-- Up-to-date: /home/altair/Person_Tracking_Roboware/install/altair_interfaces/local/lib/python3.10/dist-packages/altair_interfaces/msg/_solenoid_command_s.c\n'}
[0.641379] (altair_interfaces) StdoutLine: {'line': b'-- Up-to-date: /home/altair/Person_Tracking_Roboware/install/altair_interfaces/local/lib/python3.10/dist-packages/altair_interfaces/msg/_mdd_feedback_s.c\n'}
[0.641488] (altair_interfaces) StdoutLine: {'line': b'-- Up-to-date: /home/altair/Person_Tracking_Roboware/install/altair_interfaces/local/lib/python3.10/dist-packages/altair_interfaces/msg/_mdd_command_s.c\n'}
[0.641597] (altair_interfaces) StdoutLine: {'line': b'-- Up-to-date: /home/altair/Person_Tracking_Roboware/install/altair_interfaces/local/lib/python3.10/dist-packages/altair_interfaces/_altair_interfaces_s.ep.rosidl_typesupport_c.c\n'}
[0.641708] (altair_interfaces) StdoutLine: {'line': b'-- Up-to-date: /home/altair/Person_Tracking_Roboware/install/altair_interfaces/local/lib/python3.10/dist-packages/altair_interfaces/__init__.py\n'}
[0.641814] (altair_interfaces) StdoutLine: {'line': b'-- Up-to-date: /home/altair/Person_Tracking_Roboware/install/altair_interfaces/local/lib/python3.10/dist-packages/altair_interfaces/srv\n'}
[0.641946] (altair_interfaces) StdoutLine: {'line': b'-- Up-to-date: /home/altair/Person_Tracking_Roboware/install/altair_interfaces/local/lib/python3.10/dist-packages/altair_interfaces/srv/__init__.py\n'}
[0.642061] (altair_interfaces) StdoutLine: {'line': b'-- Up-to-date: /home/altair/Person_Tracking_Roboware/install/altair_interfaces/local/lib/python3.10/dist-packages/altair_interfaces/srv/_start_behavior_s.c\n'}
[0.642171] (altair_interfaces) StdoutLine: {'line': b'-- Up-to-date: /home/altair/Person_Tracking_Roboware/install/altair_interfaces/local/lib/python3.10/dist-packages/altair_interfaces/srv/_trigger_control.py\n'}
[0.642283] (altair_interfaces) StdoutLine: {'line': b'-- Up-to-date: /home/altair/Person_Tracking_Roboware/install/altair_interfaces/local/lib/python3.10/dist-packages/altair_interfaces/srv/_connect_can.py\n'}
[0.642391] (altair_interfaces) StdoutLine: {'line': b'-- Up-to-date: /home/altair/Person_Tracking_Roboware/install/altair_interfaces/local/lib/python3.10/dist-packages/altair_interfaces/srv/_trigger_control_s.c\n'}
[0.642500] (altair_interfaces) StdoutLine: {'line': b'-- Up-to-date: /home/altair/Person_Tracking_Roboware/install/altair_interfaces/local/lib/python3.10/dist-packages/altair_interfaces/srv/_start_behavior.py\n'}
[0.642608] (altair_interfaces) StdoutLine: {'line': b'-- Up-to-date: /home/altair/Person_Tracking_Roboware/install/altair_interfaces/local/lib/python3.10/dist-packages/altair_interfaces/srv/_connect_can_s.c\n'}
[0.642733] (altair_interfaces) StdoutLine: {'line': b'-- Up-to-date: /home/altair/Person_Tracking_Roboware/install/altair_interfaces/local/lib/python3.10/dist-packages/altair_interfaces/srv/_get_available_ports_s.c\n'}
[0.642841] (altair_interfaces) StdoutLine: {'line': b'-- Up-to-date: /home/altair/Person_Tracking_Roboware/install/altair_interfaces/local/lib/python3.10/dist-packages/altair_interfaces/srv/_get_available_ports.py\n'}
[0.642962] (altair_interfaces) StdoutLine: {'line': b'-- Up-to-date: /home/altair/Person_Tracking_Roboware/install/altair_interfaces/local/lib/python3.10/dist-packages/altair_interfaces/_altair_interfaces_s.ep.rosidl_typesupport_introspection_c.c\n'}
[0.643065] (altair_interfaces) StdoutLine: {'line': b'-- Up-to-date: /home/altair/Person_Tracking_Roboware/install/altair_interfaces/local/lib/python3.10/dist-packages/altair_interfaces/altair_interfaces_s__rosidl_typesupport_fastrtps_c.cpython-310-x86_64-linux-gnu.so\n'}
[0.643166] (altair_interfaces) StdoutLine: {'line': b'-- Up-to-date: /home/altair/Person_Tracking_Roboware/install/altair_interfaces/local/lib/python3.10/dist-packages/altair_interfaces/_altair_interfaces_s.ep.rosidl_typesupport_fastrtps_c.c\n'}
[0.654249] (can_msgs) StdoutLine: {'line': b"Listing '/home/altair/Person_Tracking_Roboware/install/can_msgs/local/lib/python3.10/dist-packages/can_msgs'...\n"}
[0.654466] (can_msgs) StdoutLine: {'line': b"Listing '/home/altair/Person_Tracking_Roboware/install/can_msgs/local/lib/python3.10/dist-packages/can_msgs/msg'...\n"}
[0.659715] (can_msgs) StdoutLine: {'line': b'-- Up-to-date: /home/altair/Person_Tracking_Roboware/install/can_msgs/local/lib/python3.10/dist-packages/can_msgs/can_msgs_s__rosidl_typesupport_fastrtps_c.cpython-310-x86_64-linux-gnu.so\n'}
[0.660240] (can_msgs) StdoutLine: {'line': b'-- Up-to-date: /home/altair/Person_Tracking_Roboware/install/can_msgs/local/lib/python3.10/dist-packages/can_msgs/can_msgs_s__rosidl_typesupport_introspection_c.cpython-310-x86_64-linux-gnu.so\n'}
[0.660753] (can_msgs) StdoutLine: {'line': b'-- Up-to-date: /home/altair/Person_Tracking_Roboware/install/can_msgs/local/lib/python3.10/dist-packages/can_msgs/can_msgs_s__rosidl_typesupport_c.cpython-310-x86_64-linux-gnu.so\n'}
[0.661310] (can_msgs) StdoutLine: {'line': b'-- Up-to-date: /home/altair/Person_Tracking_Roboware/install/can_msgs/lib/libcan_msgs__rosidl_generator_py.so\n'}
[0.661668] (can_msgs) StdoutLine: {'line': b'-- Up-to-date: /home/altair/Person_Tracking_Roboware/install/can_msgs/share/ament_index/resource_index/rust_packages/can_msgs\n'}
[0.661789] (can_msgs) StdoutLine: {'line': b'-- Up-to-date: /home/altair/Person_Tracking_Roboware/install/can_msgs/share/can_msgs/rust\n'}
[0.662028] (can_msgs) StdoutLine: {'line': b'-- Up-to-date: /home/altair/Person_Tracking_Roboware/install/can_msgs/share/can_msgs/rust/Cargo.toml\n'}
[0.662284] (can_msgs) StdoutLine: {'line': b'-- Up-to-date: /home/altair/Person_Tracking_Roboware/install/can_msgs/share/can_msgs/rust/src\n'}
[0.662364] (can_msgs) StdoutLine: {'line': b'-- Up-to-date: /home/altair/Person_Tracking_Roboware/install/can_msgs/share/can_msgs/rust/src/msg\n'}
[0.662432] (can_msgs) StdoutLine: {'line': b'-- Up-to-date: /home/altair/Person_Tracking_Roboware/install/can_msgs/share/can_msgs/rust/src/msg/rmw.rs\n'}
[0.662497] (can_msgs) StdoutLine: {'line': b'-- Up-to-date: /home/altair/Person_Tracking_Roboware/install/can_msgs/share/can_msgs/rust/src/msg.rs\n'}
[0.662560] (can_msgs) StdoutLine: {'line': b'-- Up-to-date: /home/altair/Person_Tracking_Roboware/install/can_msgs/share/can_msgs/rust/src/lib.rs\n'}
[0.662623] (can_msgs) StdoutLine: {'line': b'-- Up-to-date: /home/altair/Person_Tracking_Roboware/install/can_msgs/share/can_msgs/rust/build.rs\n'}
[0.662685] (can_msgs) StdoutLine: {'line': b'-- Up-to-date: /home/altair/Person_Tracking_Roboware/install/can_msgs/share/can_msgs/msg/Frame.idl\n'}
[0.662747] (can_msgs) StdoutLine: {'line': b'-- Up-to-date: /home/altair/Person_Tracking_Roboware/install/can_msgs/share/can_msgs/msg/Frame.msg\n'}
[0.662809] (can_msgs) StdoutLine: {'line': b'-- Up-to-date: /home/altair/Person_Tracking_Roboware/install/can_msgs/share/ament_index/resource_index/package_run_dependencies/can_msgs\n'}
[0.662963] (can_msgs) StdoutLine: {'line': b'-- Up-to-date: /home/altair/Person_Tracking_Roboware/install/can_msgs/share/ament_index/resource_index/parent_prefix_path/can_msgs\n'}
[0.663093] (can_msgs) StdoutLine: {'line': b'-- Up-to-date: /home/altair/Person_Tracking_Roboware/install/can_msgs/share/can_msgs/environment/ament_prefix_path.sh\n'}
[0.663161] (can_msgs) StdoutLine: {'line': b'-- Up-to-date: /home/altair/Person_Tracking_Roboware/install/can_msgs/share/can_msgs/environment/ament_prefix_path.dsv\n'}
[0.663222] (can_msgs) StdoutLine: {'line': b'-- Up-to-date: /home/altair/Person_Tracking_Roboware/install/can_msgs/share/can_msgs/environment/path.sh\n'}
[0.663280] (can_msgs) StdoutLine: {'line': b'-- Up-to-date: /home/altair/Person_Tracking_Roboware/install/can_msgs/share/can_msgs/environment/path.dsv\n'}
[0.663342] (can_msgs) StdoutLine: {'line': b'-- Up-to-date: /home/altair/Person_Tracking_Roboware/install/can_msgs/share/can_msgs/local_setup.bash\n'}
[0.663403] (can_msgs) StdoutLine: {'line': b'-- Up-to-date: /home/altair/Person_Tracking_Roboware/install/can_msgs/share/can_msgs/local_setup.sh\n'}
[0.663464] (can_msgs) StdoutLine: {'line': b'-- Up-to-date: /home/altair/Person_Tracking_Roboware/install/can_msgs/share/can_msgs/local_setup.zsh\n'}
[0.663567] (can_msgs) StdoutLine: {'line': b'-- Up-to-date: /home/altair/Person_Tracking_Roboware/install/can_msgs/share/can_msgs/local_setup.dsv\n'}
[0.663630] (can_msgs) StdoutLine: {'line': b'-- Installing: /home/altair/Person_Tracking_Roboware/install/can_msgs/share/can_msgs/package.dsv\n'}
[0.663692] (can_msgs) StdoutLine: {'line': b'-- Up-to-date: /home/altair/Person_Tracking_Roboware/install/can_msgs/share/ament_index/resource_index/packages/can_msgs\n'}
[0.663754] (can_msgs) StdoutLine: {'line': b'-- Up-to-date: /home/altair/Person_Tracking_Roboware/install/can_msgs/share/can_msgs/cmake/export_can_msgs__rosidl_generator_cExport.cmake\n'}
[0.663843] (can_msgs) StdoutLine: {'line': b'-- Up-to-date: /home/altair/Person_Tracking_Roboware/install/can_msgs/share/can_msgs/cmake/export_can_msgs__rosidl_generator_cExport-noconfig.cmake\n'}
[0.663953] (can_msgs) StdoutLine: {'line': b'-- Up-to-date: /home/altair/Person_Tracking_Roboware/install/can_msgs/share/can_msgs/cmake/export_can_msgs__rosidl_typesupport_fastrtps_cExport.cmake\n'}
[0.664018] (can_msgs) StdoutLine: {'line': b'-- Up-to-date: /home/altair/Person_Tracking_Roboware/install/can_msgs/share/can_msgs/cmake/export_can_msgs__rosidl_typesupport_fastrtps_cExport-noconfig.cmake\n'}
[0.664112] (can_msgs) StdoutLine: {'line': b'-- Up-to-date: /home/altair/Person_Tracking_Roboware/install/can_msgs/share/can_msgs/cmake/can_msgs__rosidl_typesupport_introspection_cExport.cmake\n'}
[0.664202] (can_msgs) StdoutLine: {'line': b'-- Up-to-date: /home/altair/Person_Tracking_Roboware/install/can_msgs/share/can_msgs/cmake/can_msgs__rosidl_typesupport_introspection_cExport-noconfig.cmake\n'}
[0.664292] (can_msgs) StdoutLine: {'line': b'-- Up-to-date: /home/altair/Person_Tracking_Roboware/install/can_msgs/share/can_msgs/cmake/can_msgs__rosidl_typesupport_cExport.cmake\n'}
[0.664382] (can_msgs) StdoutLine: {'line': b'-- Up-to-date: /home/altair/Person_Tracking_Roboware/install/can_msgs/share/can_msgs/cmake/can_msgs__rosidl_typesupport_cExport-noconfig.cmake\n'}
[0.664466] (can_msgs) StdoutLine: {'line': b'-- Up-to-date: /home/altair/Person_Tracking_Roboware/install/can_msgs/share/can_msgs/cmake/export_can_msgs__rosidl_generator_cppExport.cmake\n'}
[0.664571] (can_msgs) StdoutLine: {'line': b'-- Up-to-date: /home/altair/Person_Tracking_Roboware/install/can_msgs/share/can_msgs/cmake/export_can_msgs__rosidl_typesupport_fastrtps_cppExport.cmake\n'}
[0.664660] (can_msgs) StdoutLine: {'line': b'-- Up-to-date: /home/altair/Person_Tracking_Roboware/install/can_msgs/share/can_msgs/cmake/export_can_msgs__rosidl_typesupport_fastrtps_cppExport-noconfig.cmake\n'}
[0.664743] (can_msgs) StdoutLine: {'line': b'-- Up-to-date: /home/altair/Person_Tracking_Roboware/install/can_msgs/share/can_msgs/cmake/can_msgs__rosidl_typesupport_introspection_cppExport.cmake\n'}
[0.664828] (can_msgs) StdoutLine: {'line': b'-- Up-to-date: /home/altair/Person_Tracking_Roboware/install/can_msgs/share/can_msgs/cmake/can_msgs__rosidl_typesupport_introspection_cppExport-noconfig.cmake\n'}
[0.664990] (can_msgs) StdoutLine: {'line': b'-- Up-to-date: /home/altair/Person_Tracking_Roboware/install/can_msgs/share/can_msgs/cmake/can_msgs__rosidl_typesupport_cppExport.cmake\n'}
[0.665077] (can_msgs) StdoutLine: {'line': b'-- Up-to-date: /home/altair/Person_Tracking_Roboware/install/can_msgs/share/can_msgs/cmake/can_msgs__rosidl_typesupport_cppExport-noconfig.cmake\n'}
[0.665213] (can_msgs) StdoutLine: {'line': b'-- Up-to-date: /home/altair/Person_Tracking_Roboware/install/can_msgs/share/can_msgs/cmake/export_can_msgs__rosidl_generator_pyExport.cmake\n'}
[0.665300] (can_msgs) StdoutLine: {'line': b'-- Up-to-date: /home/altair/Person_Tracking_Roboware/install/can_msgs/share/can_msgs/cmake/export_can_msgs__rosidl_generator_pyExport-noconfig.cmake\n'}
[0.665388] (can_msgs) StdoutLine: {'line': b'-- Up-to-date: /home/altair/Person_Tracking_Roboware/install/can_msgs/share/can_msgs/cmake/rosidl_cmake-extras.cmake\n'}
[0.665475] (can_msgs) StdoutLine: {'line': b'-- Up-to-date: /home/altair/Person_Tracking_Roboware/install/can_msgs/share/can_msgs/cmake/ament_cmake_export_dependencies-extras.cmake\n'}
[0.665575] (can_msgs) StdoutLine: {'line': b'-- Up-to-date: /home/altair/Person_Tracking_Roboware/install/can_msgs/share/can_msgs/cmake/ament_cmake_export_include_directories-extras.cmake\n'}
[0.665638] (can_msgs) StdoutLine: {'line': b'-- Up-to-date: /home/altair/Person_Tracking_Roboware/install/can_msgs/share/can_msgs/cmake/ament_cmake_export_libraries-extras.cmake\n'}
[0.665735] (can_msgs) StdoutLine: {'line': b'-- Up-to-date: /home/altair/Person_Tracking_Roboware/install/can_msgs/share/can_msgs/cmake/ament_cmake_export_targets-extras.cmake\n'}
[0.665798] (can_msgs) StdoutLine: {'line': b'-- Up-to-date: /home/altair/Person_Tracking_Roboware/install/can_msgs/share/can_msgs/cmake/rosidl_cmake_export_typesupport_targets-extras.cmake\n'}
[0.665895] (can_msgs) StdoutLine: {'line': b'-- Up-to-date: /home/altair/Person_Tracking_Roboware/install/can_msgs/share/can_msgs/cmake/rosidl_cmake_export_typesupport_libraries-extras.cmake\n'}
[0.666001] (can_msgs) StdoutLine: {'line': b'-- Up-to-date: /home/altair/Person_Tracking_Roboware/install/can_msgs/share/can_msgs/cmake/can_msgsConfig.cmake\n'}
[0.666059] (can_msgs) StdoutLine: {'line': b'-- Up-to-date: /home/altair/Person_Tracking_Roboware/install/can_msgs/share/can_msgs/cmake/can_msgsConfig-version.cmake\n'}
[0.666116] (can_msgs) StdoutLine: {'line': b'-- Up-to-date: /home/altair/Person_Tracking_Roboware/install/can_msgs/share/can_msgs/package.xml\n'}
[0.668090] (can_msgs) CommandEnded: {'returncode': 0}
[0.672877] (altair_interfaces) StdoutLine: {'line': b"Listing '/home/altair/Person_Tracking_Roboware/install/altair_interfaces/local/lib/python3.10/dist-packages/altair_interfaces'...\n"}
[0.673269] (altair_interfaces) StdoutLine: {'line': b"Listing '/home/altair/Person_Tracking_Roboware/install/altair_interfaces/local/lib/python3.10/dist-packages/altair_interfaces/msg'...\n"}
[0.673680] (altair_interfaces) StdoutLine: {'line': b"Listing '/home/altair/Person_Tracking_Roboware/install/altair_interfaces/local/lib/python3.10/dist-packages/altair_interfaces/srv'...\n"}
[0.680347] (altair_interfaces) StdoutLine: {'line': b'-- Up-to-date: /home/altair/Person_Tracking_Roboware/install/altair_interfaces/local/lib/python3.10/dist-packages/altair_interfaces/altair_interfaces_s__rosidl_typesupport_fastrtps_c.cpython-310-x86_64-linux-gnu.so\n'}
[0.680598] (altair_interfaces) StdoutLine: {'line': b'-- Up-to-date: /home/altair/Person_Tracking_Roboware/install/altair_interfaces/local/lib/python3.10/dist-packages/altair_interfaces/altair_interfaces_s__rosidl_typesupport_introspection_c.cpython-310-x86_64-linux-gnu.so\n'}
[0.680744] (altair_interfaces) StdoutLine: {'line': b'-- Up-to-date: /home/altair/Person_Tracking_Roboware/install/altair_interfaces/local/lib/python3.10/dist-packages/altair_interfaces/altair_interfaces_s__rosidl_typesupport_c.cpython-310-x86_64-linux-gnu.so\n'}
[0.681038] (altair_interfaces) StdoutLine: {'line': b'-- Up-to-date: /home/altair/Person_Tracking_Roboware/install/altair_interfaces/lib/libaltair_interfaces__rosidl_generator_py.so\n'}
[0.682143] (altair_interfaces) StdoutLine: {'line': b'-- Up-to-date: /home/altair/Person_Tracking_Roboware/install/altair_interfaces/share/ament_index/resource_index/rust_packages/altair_interfaces\n'}
[0.682460] (altair_interfaces) StdoutLine: {'line': b'-- Up-to-date: /home/altair/Person_Tracking_Roboware/install/altair_interfaces/share/altair_interfaces/rust\n'}
[0.682572] (altair_interfaces) StdoutLine: {'line': b'-- Up-to-date: /home/altair/Person_Tracking_Roboware/install/altair_interfaces/share/altair_interfaces/rust/Cargo.toml\n'}
[0.682690] (altair_interfaces) StdoutLine: {'line': b'-- Up-to-date: /home/altair/Person_Tracking_Roboware/install/altair_interfaces/share/altair_interfaces/rust/src\n'}
[0.682807] (altair_interfaces) StdoutLine: {'line': b'-- Up-to-date: /home/altair/Person_Tracking_Roboware/install/altair_interfaces/share/altair_interfaces/rust/src/msg\n'}
[0.683088] (altair_interfaces) StdoutLine: {'line': b'-- Up-to-date: /home/altair/Person_Tracking_Roboware/install/altair_interfaces/share/altair_interfaces/rust/src/msg/rmw.rs\n'}
[0.683492] (altair_interfaces) StdoutLine: {'line': b'-- Up-to-date: /home/altair/Person_Tracking_Roboware/install/altair_interfaces/share/altair_interfaces/rust/src/srv\n'}
[0.683581] (altair_interfaces) StdoutLine: {'line': b'-- Up-to-date: /home/altair/Person_Tracking_Roboware/install/altair_interfaces/share/altair_interfaces/rust/src/srv/rmw.rs\n'}
[0.683666] (altair_interfaces) StdoutLine: {'line': b'-- Up-to-date: /home/altair/Person_Tracking_Roboware/install/altair_interfaces/share/altair_interfaces/rust/src/msg.rs\n'}
[0.683782] (altair_interfaces) StdoutLine: {'line': b'-- Up-to-date: /home/altair/Person_Tracking_Roboware/install/altair_interfaces/share/altair_interfaces/rust/src/lib.rs\n'}
[0.684020] (altair_interfaces) StdoutLine: {'line': b'-- Up-to-date: /home/altair/Person_Tracking_Roboware/install/altair_interfaces/share/altair_interfaces/rust/src/srv.rs\n'}
[0.685473] (altair_interfaces) StdoutLine: {'line': b'-- Up-to-date: /home/altair/Person_Tracking_Roboware/install/altair_interfaces/share/altair_interfaces/rust/build.rs\n'}
[0.685596] (altair_interfaces) StdoutLine: {'line': b'-- Up-to-date: /home/altair/Person_Tracking_Roboware/install/altair_interfaces/share/altair_interfaces/msg/CanStatus.idl\n'}
[0.685720] (altair_interfaces) StdoutLine: {'line': b'-- Up-to-date: /home/altair/Person_Tracking_Roboware/install/altair_interfaces/share/altair_interfaces/msg/MddFeedback.idl\n'}
[0.685837] (altair_interfaces) StdoutLine: {'line': b'-- Up-to-date: /home/altair/Person_Tracking_Roboware/install/altair_interfaces/share/altair_interfaces/msg/MddCommand.idl\n'}
[0.686166] (altair_interfaces) StdoutLine: {'line': b'-- Up-to-date: /home/altair/Person_Tracking_Roboware/install/altair_interfaces/share/altair_interfaces/msg/ServoCommand.idl\n'}
[0.686327] (altair_interfaces) StdoutLine: {'line': b'-- Up-to-date: /home/altair/Person_Tracking_Roboware/install/altair_interfaces/share/altair_interfaces/msg/SolenoidCommand.idl\n'}
[0.686590] (altair_interfaces) StdoutLine: {'line': b'-- Up-to-date: /home/altair/Person_Tracking_Roboware/install/altair_interfaces/share/altair_interfaces/srv/TriggerControl.idl\n'}
[0.686708] (altair_interfaces) StdoutLine: {'line': b'-- Up-to-date: /home/altair/Person_Tracking_Roboware/install/altair_interfaces/share/altair_interfaces/srv/GetAvailablePorts.idl\n'}
[0.686824] (altair_interfaces) StdoutLine: {'line': b'-- Up-to-date: /home/altair/Person_Tracking_Roboware/install/altair_interfaces/share/altair_interfaces/srv/ConnectCan.idl\n'}
[0.688206] (altair_interfaces) StdoutLine: {'line': b'-- Up-to-date: /home/altair/Person_Tracking_Roboware/install/altair_interfaces/share/altair_interfaces/srv/StartBehavior.idl\n'}
[0.688301] (altair_interfaces) StdoutLine: {'line': b'-- Up-to-date: /home/altair/Person_Tracking_Roboware/install/altair_interfaces/share/altair_interfaces/msg/CanStatus.msg\n'}
[0.688417] (altair_interfaces) StdoutLine: {'line': b'-- Up-to-date: /home/altair/Person_Tracking_Roboware/install/altair_interfaces/share/altair_interfaces/msg/MddFeedback.msg\n'}
[0.688532] (altair_interfaces) StdoutLine: {'line': b'-- Up-to-date: /home/altair/Person_Tracking_Roboware/install/altair_interfaces/share/altair_interfaces/msg/MddCommand.msg\n'}
[0.688756] (altair_interfaces) StdoutLine: {'line': b'-- Up-to-date: /home/altair/Person_Tracking_Roboware/install/altair_interfaces/share/altair_interfaces/msg/ServoCommand.msg\n'}
[0.688878] (altair_interfaces) StdoutLine: {'line': b'-- Up-to-date: /home/altair/Person_Tracking_Roboware/install/altair_interfaces/share/altair_interfaces/msg/SolenoidCommand.msg\n'}
[0.689076] (altair_interfaces) StdoutLine: {'line': b'-- Up-to-date: /home/altair/Person_Tracking_Roboware/install/altair_interfaces/share/altair_interfaces/srv/TriggerControl.srv\n'}
[0.689185] (altair_interfaces) StdoutLine: {'line': b'-- Up-to-date: /home/altair/Person_Tracking_Roboware/install/altair_interfaces/share/altair_interfaces/srv/TriggerControl_Request.msg\n'}
[0.689414] (altair_interfaces) StdoutLine: {'line': b'-- Up-to-date: /home/altair/Person_Tracking_Roboware/install/altair_interfaces/share/altair_interfaces/srv/TriggerControl_Response.msg\n'}
[0.689521] (altair_interfaces) StdoutLine: {'line': b'-- Up-to-date: /home/altair/Person_Tracking_Roboware/install/altair_interfaces/share/altair_interfaces/srv/GetAvailablePorts.srv\n'}
[0.689629] (altair_interfaces) StdoutLine: {'line': b'-- Up-to-date: /home/altair/Person_Tracking_Roboware/install/altair_interfaces/share/altair_interfaces/srv/GetAvailablePorts_Request.msg\n'}
[0.689735] (altair_interfaces) StdoutLine: {'line': b'-- Up-to-date: /home/altair/Person_Tracking_Roboware/install/altair_interfaces/share/altair_interfaces/srv/GetAvailablePorts_Response.msg\n'}
[0.689842] (altair_interfaces) StdoutLine: {'line': b'-- Up-to-date: /home/altair/Person_Tracking_Roboware/install/altair_interfaces/share/altair_interfaces/srv/ConnectCan.srv\n'}
[0.690180] (altair_interfaces) StdoutLine: {'line': b'-- Up-to-date: /home/altair/Person_Tracking_Roboware/install/altair_interfaces/share/altair_interfaces/srv/ConnectCan_Request.msg\n'}
[0.691215] (altair_interfaces) StdoutLine: {'line': b'-- Up-to-date: /home/altair/Person_Tracking_Roboware/install/altair_interfaces/share/altair_interfaces/srv/ConnectCan_Response.msg\n'}
[0.691716] (altair_interfaces) StdoutLine: {'line': b'-- Up-to-date: /home/altair/Person_Tracking_Roboware/install/altair_interfaces/share/altair_interfaces/srv/StartBehavior.srv\n'}
[0.691797] (altair_interfaces) StdoutLine: {'line': b'-- Up-to-date: /home/altair/Person_Tracking_Roboware/install/altair_interfaces/share/altair_interfaces/srv/StartBehavior_Request.msg\n'}
[0.691876] (altair_interfaces) StdoutLine: {'line': b'-- Up-to-date: /home/altair/Person_Tracking_Roboware/install/altair_interfaces/share/altair_interfaces/srv/StartBehavior_Response.msg\n'}
[0.692151] (altair_interfaces) StdoutLine: {'line': b'-- Up-to-date: /home/altair/Person_Tracking_Roboware/install/altair_interfaces/share/ament_index/resource_index/package_run_dependencies/altair_interfaces\n'}
[0.692226] (altair_interfaces) StdoutLine: {'line': b'-- Up-to-date: /home/altair/Person_Tracking_Roboware/install/altair_interfaces/share/ament_index/resource_index/parent_prefix_path/altair_interfaces\n'}
[0.692293] (altair_interfaces) StdoutLine: {'line': b'-- Up-to-date: /home/altair/Person_Tracking_Roboware/install/altair_interfaces/share/altair_interfaces/environment/ament_prefix_path.sh\n'}
[0.692357] (altair_interfaces) StdoutLine: {'line': b'-- Up-to-date: /home/altair/Person_Tracking_Roboware/install/altair_interfaces/share/altair_interfaces/environment/ament_prefix_path.dsv\n'}
[0.692421] (altair_interfaces) StdoutLine: {'line': b'-- Up-to-date: /home/altair/Person_Tracking_Roboware/install/altair_interfaces/share/altair_interfaces/environment/path.sh\n'}
[0.692485] (altair_interfaces) StdoutLine: {'line': b'-- Up-to-date: /home/altair/Person_Tracking_Roboware/install/altair_interfaces/share/altair_interfaces/environment/path.dsv\n'}
[0.692548] (altair_interfaces) StdoutLine: {'line': b'-- Up-to-date: /home/altair/Person_Tracking_Roboware/install/altair_interfaces/share/altair_interfaces/local_setup.bash\n'}
[0.692611] (altair_interfaces) StdoutLine: {'line': b'-- Up-to-date: /home/altair/Person_Tracking_Roboware/install/altair_interfaces/share/altair_interfaces/local_setup.sh\n'}
[0.692673] (altair_interfaces) StdoutLine: {'line': b'-- Up-to-date: /home/altair/Person_Tracking_Roboware/install/altair_interfaces/share/altair_interfaces/local_setup.zsh\n'}
[0.692787] (altair_interfaces) StdoutLine: {'line': b'-- Up-to-date: /home/altair/Person_Tracking_Roboware/install/altair_interfaces/share/altair_interfaces/local_setup.dsv\n'}
[0.694011] (altair_interfaces) StdoutLine: {'line': b'-- Installing: /home/altair/Person_Tracking_Roboware/install/altair_interfaces/share/altair_interfaces/package.dsv\n'}
[0.694165] (altair_interfaces) StdoutLine: {'line': b'-- Up-to-date: /home/altair/Person_Tracking_Roboware/install/altair_interfaces/share/ament_index/resource_index/packages/altair_interfaces\n'}
[0.694366] (altair_interfaces) StdoutLine: {'line': b'-- Up-to-date: /home/altair/Person_Tracking_Roboware/install/altair_interfaces/share/altair_interfaces/cmake/export_altair_interfaces__rosidl_generator_cExport.cmake\n'}
[0.694440] (altair_interfaces) StdoutLine: {'line': b'-- Up-to-date: /home/altair/Person_Tracking_Roboware/install/altair_interfaces/share/altair_interfaces/cmake/export_altair_interfaces__rosidl_generator_cExport-noconfig.cmake\n'}
[0.694507] (altair_interfaces) StdoutLine: {'line': b'-- Up-to-date: /home/altair/Person_Tracking_Roboware/install/altair_interfaces/share/altair_interfaces/cmake/export_altair_interfaces__rosidl_typesupport_fastrtps_cExport.cmake\n'}
[0.694596] (altair_interfaces) StdoutLine: {'line': b'-- Up-to-date: /home/altair/Person_Tracking_Roboware/install/altair_interfaces/share/altair_interfaces/cmake/export_altair_interfaces__rosidl_typesupport_fastrtps_cExport-noconfig.cmake\n'}
[0.694664] (altair_interfaces) StdoutLine: {'line': b'-- Up-to-date: /home/altair/Person_Tracking_Roboware/install/altair_interfaces/share/altair_interfaces/cmake/altair_interfaces__rosidl_typesupport_introspection_cExport.cmake\n'}
[0.694728] (altair_interfaces) StdoutLine: {'line': b'-- Up-to-date: /home/altair/Person_Tracking_Roboware/install/altair_interfaces/share/altair_interfaces/cmake/altair_interfaces__rosidl_typesupport_introspection_cExport-noconfig.cmake\n'}
[0.694790] (altair_interfaces) StdoutLine: {'line': b'-- Up-to-date: /home/altair/Person_Tracking_Roboware/install/altair_interfaces/share/altair_interfaces/cmake/altair_interfaces__rosidl_typesupport_cExport.cmake\n'}
[0.694853] (altair_interfaces) StdoutLine: {'line': b'-- Up-to-date: /home/altair/Person_Tracking_Roboware/install/altair_interfaces/share/altair_interfaces/cmake/altair_interfaces__rosidl_typesupport_cExport-noconfig.cmake\n'}
[0.695014] (altair_interfaces) StdoutLine: {'line': b'-- Up-to-date: /home/altair/Person_Tracking_Roboware/install/altair_interfaces/share/altair_interfaces/cmake/export_altair_interfaces__rosidl_generator_cppExport.cmake\n'}
[0.695082] (altair_interfaces) StdoutLine: {'line': b'-- Up-to-date: /home/altair/Person_Tracking_Roboware/install/altair_interfaces/share/altair_interfaces/cmake/export_altair_interfaces__rosidl_typesupport_fastrtps_cppExport.cmake\n'}
[0.695146] (altair_interfaces) StdoutLine: {'line': b'-- Up-to-date: /home/altair/Person_Tracking_Roboware/install/altair_interfaces/share/altair_interfaces/cmake/export_altair_interfaces__rosidl_typesupport_fastrtps_cppExport-noconfig.cmake\n'}
[0.695209] (altair_interfaces) StdoutLine: {'line': b'-- Up-to-date: /home/altair/Person_Tracking_Roboware/install/altair_interfaces/share/altair_interfaces/cmake/altair_interfaces__rosidl_typesupport_introspection_cppExport.cmake\n'}
[0.695272] (altair_interfaces) StdoutLine: {'line': b'-- Up-to-date: /home/altair/Person_Tracking_Roboware/install/altair_interfaces/share/altair_interfaces/cmake/altair_interfaces__rosidl_typesupport_introspection_cppExport-noconfig.cmake\n'}
[0.695335] (altair_interfaces) StdoutLine: {'line': b'-- Up-to-date: /home/altair/Person_Tracking_Roboware/install/altair_interfaces/share/altair_interfaces/cmake/altair_interfaces__rosidl_typesupport_cppExport.cmake\n'}
[0.695397] (altair_interfaces) StdoutLine: {'line': b'-- Up-to-date: /home/altair/Person_Tracking_Roboware/install/altair_interfaces/share/altair_interfaces/cmake/altair_interfaces__rosidl_typesupport_cppExport-noconfig.cmake\n'}
[0.695461] (altair_interfaces) StdoutLine: {'line': b'-- Up-to-date: /home/altair/Person_Tracking_Roboware/install/altair_interfaces/share/altair_interfaces/cmake/export_altair_interfaces__rosidl_generator_pyExport.cmake\n'}
[0.695523] (altair_interfaces) StdoutLine: {'line': b'-- Up-to-date: /home/altair/Person_Tracking_Roboware/install/altair_interfaces/share/altair_interfaces/cmake/export_altair_interfaces__rosidl_generator_pyExport-noconfig.cmake\n'}
[0.695585] (altair_interfaces) StdoutLine: {'line': b'-- Up-to-date: /home/altair/Person_Tracking_Roboware/install/altair_interfaces/share/altair_interfaces/cmake/rosidl_cmake-extras.cmake\n'}
[0.695675] (altair_interfaces) StdoutLine: {'line': b'-- Up-to-date: /home/altair/Person_Tracking_Roboware/install/altair_interfaces/share/altair_interfaces/cmake/ament_cmake_export_include_directories-extras.cmake\n'}
[0.695738] (altair_interfaces) StdoutLine: {'line': b'-- Up-to-date: /home/altair/Person_Tracking_Roboware/install/altair_interfaces/share/altair_interfaces/cmake/ament_cmake_export_libraries-extras.cmake\n'}
[0.695799] (altair_interfaces) StdoutLine: {'line': b'-- Up-to-date: /home/altair/Person_Tracking_Roboware/install/altair_interfaces/share/altair_interfaces/cmake/ament_cmake_export_targets-extras.cmake\n'}
[0.695872] (altair_interfaces) StdoutLine: {'line': b'-- Up-to-date: /home/altair/Person_Tracking_Roboware/install/altair_interfaces/share/altair_interfaces/cmake/rosidl_cmake_export_typesupport_targets-extras.cmake\n'}
[0.696035] (altair_interfaces) StdoutLine: {'line': b'-- Up-to-date: /home/altair/Person_Tracking_Roboware/install/altair_interfaces/share/altair_interfaces/cmake/ament_cmake_export_dependencies-extras.cmake\n'}
[0.696149] (altair_interfaces) StdoutLine: {'line': b'-- Up-to-date: /home/altair/Person_Tracking_Roboware/install/altair_interfaces/share/altair_interfaces/cmake/rosidl_cmake_export_typesupport_libraries-extras.cmake\n'}
[0.696213] (altair_interfaces) StdoutLine: {'line': b'-- Up-to-date: /home/altair/Person_Tracking_Roboware/install/altair_interfaces/share/altair_interfaces/cmake/altair_interfacesConfig.cmake\n'}
[0.696275] (altair_interfaces) StdoutLine: {'line': b'-- Up-to-date: /home/altair/Person_Tracking_Roboware/install/altair_interfaces/share/altair_interfaces/cmake/altair_interfacesConfig-version.cmake\n'}
[0.696354] (altair_interfaces) StdoutLine: {'line': b'-- Up-to-date: /home/altair/Person_Tracking_Roboware/install/altair_interfaces/share/altair_interfaces/package.xml\n'}
[0.700505] (-) TimerEvent: {}
[0.705094] (can_msgs) JobEnded: {'identifier': 'can_msgs', 'rc': 0}
[0.706480] (altair_interfaces) CommandEnded: {'returncode': 0}
[0.723501] (altair_interfaces) JobEnded: {'identifier': 'altair_interfaces', 'rc': 0}
[0.724366] (Robowarepkg) JobStarted: {'identifier': 'Robowarepkg'}
[0.731675] (altair_can_bridge) JobStarted: {'identifier': 'altair_can_bridge'}
[0.800642] (-) TimerEvent: {}
[0.900912] (-) TimerEvent: {}
[1.001197] (-) TimerEvent: {}
[1.039027] (altair_can_bridge) JobProgress: {'identifier': 'altair_can_bridge', 'progress': 'cmake'}
[1.042884] (altair_can_bridge) JobProgress: {'identifier': 'altair_can_bridge', 'progress': 'build'}
[1.043828] (altair_can_bridge) Command: {'cmd': ['/usr/bin/cmake', '--build', '/home/altair/Person_Tracking_Roboware/build/altair_can_bridge', '--', '-j8', '-l8'], 'cwd': '/home/altair/Person_Tracking_Roboware/build/altair_can_bridge', 'env': OrderedDict([('GJS_DEBUG_TOPICS', 'JS ERROR;JS LOG'), ('LESSOPEN', '| /usr/bin/lesspipe %s'), ('LANGUAGE', 'ja:en'), ('USER', 'altair'), ('LC_TIME', 'ja_JP.UTF-8'), ('XDG_SESSION_TYPE', 'wayland'), ('STM32CubeMX_PATH', '/home/altair/STM32CubeMX'), ('SHLVL', '2'), ('LD_LIBRARY_PATH', '/home/altair/Person_Tracking_Roboware/install/can_msgs/lib:/home/altair/Person_Tracking_Roboware/install/altair_interfaces/lib:/usr/local/lib:/usr/lib/x86_64-linux-gnu/gazebo-11/plugins:/opt/ros/humble/opt/rviz_ogre_vendor/lib:/opt/ros/humble/lib/x86_64-linux-gnu:/opt/ros/humble/lib'), ('HOME', '/home/altair'), ('TERM_PROGRAM_VERSION', '20240203-110809-5046fc22'), ('DESKTOP_SESSION', 'ubuntu'), ('GIO_LAUNCHED_DESKTOP_FILE', '/usr/share/applications/org.wezfurlong.wezterm.desktop'), ('ROS_PYTHON_VERSION', '3'), ('GNOME_SHELL_SESSION_MODE', 'ubuntu'), ('GTK_MODULES', 'gail:atk-bridge'), ('LC_MONETARY', 'ja_JP.UTF-8'), ('MANAGERPID', '1085'), ('SSL_CERT_FILE', '/usr/lib/ssl/certs/ca-certificates.crt'), ('SYSTEMD_EXEC_PID', '1322'), ('DBUS_SESSION_BUS_ADDRESS', 'unix:path=/run/user/1000/bus'), ('COLORTERM', 'truecolor'), ('GIO_LAUNCHED_DESKTOP_FILE_PID', '2439'), ('WEZTERM_EXECUTABLE', '/usr/bin/wezterm-gui'), ('IM_CONFIG_PHASE', '1'), ('WAYLAND_DISPLAY', 'wayland-0'), ('ROS_DISTRO', 'humble'), ('LOGNAME', 'altair'), ('JOURNAL_STREAM', '8:1917'), ('_', '/usr/bin/colcon'), ('ROS_VERSION', '2'), ('XDG_SESSION_CLASS', 'user'), ('USERNAME', 'altair'), ('TERM', 'xterm-256color'), ('GNOME_DESKTOP_SESSION_ID', 'this-is-deprecated'), ('WEZTERM_CONFIG_FILE', '/home/altair/.wezterm.lua'), ('ROS_LOCALHOST_ONLY', '0'), ('WEZTERM_EXECUTABLE_DIR', '/usr/bin'), ('PATH', '/home/altair/.local/bin:/home/altair/spresenseenv/usr/bin:/opt/ros/humble/bin:/home/altair/.local/bin:/home/altair/.local/bin:/home/altair/bin:/usr/local/sbin:/usr/local/bin:/usr/sbin:/usr/bin:/sbin:/bin:/usr/games:/usr/local/games:/snap/bin:/snap/bin:/home/altair/bin:/home/altair/bin'), ('SESSION_MANAGER', 'local/altair-ThinkPad-L380:@/tmp/.ICE-unix/1272,unix/altair-ThinkPad-L380:/tmp/.ICE-unix/1272'), ('INVOCATION_ID', '72e2abd6bbc74719b93804593a356401'), ('PAPERSIZE', 'a4'), ('XDG_MENU_PREFIX', 'gnome-'), ('LC_ADDRESS', 'ja_JP.UTF-8'), ('GNOME_SETUP_DISPLAY', ':1'), ('XDG_RUNTIME_DIR', '/run/user/1000'), ('SSL_CERT_DIR', '/usr/lib/ssl/certs'), ('DISPLAY', ':0'), ('LANG', 'ja_JP.UTF-8'), ('XDG_CURRENT_DESKTOP', 'ubuntu:GNOME'), ('LC_TELEPHONE', 'ja_JP.UTF-8'), ('XMODIFIERS', '@im=ibus'), ('XDG_SESSION_DESKTOP', 'ubuntu'), ('XAUTHORITY', '/run/user/1000/.mutter-Xwaylandauth.YPJIT3'), ('LS_COLORS', 'rs=0:di=01;34:ln=01;36:mh=00:pi=40;33:so=01;35:do=01;35:bd=40;33;01:cd=40;33;01:or=40;31;01:mi=00:su=37;41:sg=30;43:ca=30;41:tw=30;42:ow=34;42:st=37;44:ex=01;32:*.tar=01;31:*.tgz=01;31:*.arc=01;31:*.arj=01;31:*.taz=01;31:*.lha=01;31:*.lz4=01;31:*.lzh=01;31:*.lzma=01;31:*.tlz=01;31:*.txz=01;31:*.tzo=01;31:*.t7z=01;31:*.zip=01;31:*.z=01;31:*.dz=01;31:*.gz=01;31:*.lrz=01;31:*.lz=01;31:*.lzo=01;31:*.xz=01;31:*.zst=01;31:*.tzst=01;31:*.bz2=01;31:*.bz=01;31:*.tbz=01;31:*.tbz2=01;31:*.tz=01;31:*.deb=01;31:*.rpm=01;31:*.jar=01;31:*.war=01;31:*.ear=01;31:*.sar=01;31:*.rar=01;31:*.alz=01;31:*.ace=01;31:*.zoo=01;31:*.cpio=01;31:*.7z=01;31:*.rz=01;31:*.cab=01;31:*.wim=01;31:*.swm=01;31:*.dwm=01;31:*.esd=01;31:*.jpg=01;35:*.jpeg=01;35:*.mjpg=01;35:*.mjpeg=01;35:*.gif=01;35:*.bmp=01;35:*.pbm=01;35:*.pgm=01;35:*.ppm=01;35:*.tga=01;35:*.xbm=01;35:*.xpm=01;35:*.tif=01;35:*.tiff=01;35:*.png=01;35:*.svg=01;35:*.svgz=01;35:*.mng=01;35:*.pcx=01;35:*.mov=01;35:*.mpg=01;35:*.mpeg=01;35:*.m2v=01;35:*.mkv=01;35:*.webm=01;35:*.webp=01;35:*.ogm=01;35:*.mp4=01;35:*.m4v=01;35:*.mp4v=01;35:*.vob=01;35:*.qt=01;35:*.nuv=01;35:*.wmv=01;35:*.asf=01;35:*.rm=01;35:*.rmvb=01;35:*.flc=01;35:*.avi=01;35:*.fli=01;35:*.flv=01;35:*.gl=01;35:*.dl=01;35:*.xcf=01;35:*.xwd=01;35:*.yuv=01;35:*.cgm=01;35:*.emf=01;35:*.ogv=01;35:*.ogx=01;35:*.aac=00;36:*.au=00;36:*.flac=00;36:*.m4a=00;36:*.mid=00;36:*.midi=00;36:*.mka=00;36:*.mp3=00;36:*.mpc=00;36:*.ogg=00;36:*.ra=00;36:*.wav=00;36:*.oga=00;36:*.opus=00;36:*.spx=00;36:*.xspf=00;36:'), ('TERM_PROGRAM', 'WezTerm'), ('SSH_AGENT_LAUNCHER', 'gnome-keyring'), ('SSH_AUTH_SOCK', '/run/user/1000/keyring/ssh'), ('ROS_DOMAIN_ID', '0'), ('AMENT_PREFIX_PATH', '/home/altair/Person_Tracking_Roboware/install/can_msgs:/home/altair/Person_Tracking_Roboware/install/altair_interfaces:/opt/ros/humble'), ('SHELL', '/bin/bash'), ('LC_NAME', 'ja_JP.UTF-8'), ('QT_ACCESSIBILITY', '1'), ('GDMSESSION', 'ubuntu'), ('LESSCLOSE', '/usr/bin/lesspipe %s %s'), ('LC_MEASUREMENT', 'ja_JP.UTF-8'), ('GJS_DEBUG_OUTPUT', 'stderr'), ('LC_IDENTIFICATION', 'ja_JP.UTF-8'), ('WEZTERM_CONFIG_DIR', '/home/altair'), ('QT_IM_MODULE', 'ibus'), ('PWD', '/home/altair/Person_Tracking_Roboware/build/altair_can_bridge'), ('LC_ALL', 'en_US.UTF-8'), ('XDG_CONFIG_DIRS', '/etc/xdg/xdg-ubuntu:/etc/xdg'), ('XDG_DATA_DIRS', '/usr/share/ubuntu:/usr/local/share/:/usr/share/:/var/lib/snapd/desktop'), ('WEZTERM_UNIX_SOCKET', '/run/user/1000/wezterm/gui-sock-2439'), ('PYTHONPATH', '/home/altair/Person_Tracking_Roboware/install/can_msgs/local/lib/python3.10/dist-packages:/home/altair/Person_Tracking_Roboware/install/altair_interfaces/local/lib/python3.10/dist-packages:/opt/ros/humble/lib/python3.10/site-packages:/opt/ros/humble/local/lib/python3.10/dist-packages'), ('LC_NUMERIC', 'ja_JP.UTF-8'), ('LC_PAPER', 'ja_JP.UTF-8'), ('WEZTERM_PANE', '2'), ('COLCON', '1'), ('CMAKE_PREFIX_PATH', '/home/altair/Person_Tracking_Roboware/install/can_msgs:/home/altair/Person_Tracking_Roboware/install/altair_interfaces:/opt/ros/humble')]), 'shell': False}
[1.078793] (altair_can_bridge) StdoutLine: {'line': b'[100%] Built target can_bridge_node\n'}
[1.084766] (altair_can_bridge) CommandEnded: {'returncode': 0}
[1.085438] (altair_can_bridge) JobProgress: {'identifier': 'altair_can_bridge', 'progress': 'install'}
[1.085807] (altair_can_bridge) Command: {'cmd': ['/usr/bin/cmake', '--install', '/home/altair/Person_Tracking_Roboware/build/altair_can_bridge'], 'cwd': '/home/altair/Person_Tracking_Roboware/build/altair_can_bridge', 'env': OrderedDict([('GJS_DEBUG_TOPICS', 'JS ERROR;JS LOG'), ('LESSOPEN', '| /usr/bin/lesspipe %s'), ('LANGUAGE', 'ja:en'), ('USER', 'altair'), ('LC_TIME', 'ja_JP.UTF-8'), ('XDG_SESSION_TYPE', 'wayland'), ('STM32CubeMX_PATH', '/home/altair/STM32CubeMX'), ('SHLVL', '2'), ('LD_LIBRARY_PATH', '/home/altair/Person_Tracking_Roboware/install/can_msgs/lib:/home/altair/Person_Tracking_Roboware/install/altair_interfaces/lib:/usr/local/lib:/usr/lib/x86_64-linux-gnu/gazebo-11/plugins:/opt/ros/humble/opt/rviz_ogre_vendor/lib:/opt/ros/humble/lib/x86_64-linux-gnu:/opt/ros/humble/lib'), ('HOME', '/home/altair'), ('TERM_PROGRAM_VERSION', '20240203-110809-5046fc22'), ('DESKTOP_SESSION', 'ubuntu'), ('GIO_LAUNCHED_DESKTOP_FILE', '/usr/share/applications/org.wezfurlong.wezterm.desktop'), ('ROS_PYTHON_VERSION', '3'), ('GNOME_SHELL_SESSION_MODE', 'ubuntu'), ('GTK_MODULES', 'gail:atk-bridge'), ('LC_MONETARY', 'ja_JP.UTF-8'), ('MANAGERPID', '1085'), ('SSL_CERT_FILE', '/usr/lib/ssl/certs/ca-certificates.crt'), ('SYSTEMD_EXEC_PID', '1322'), ('DBUS_SESSION_BUS_ADDRESS', 'unix:path=/run/user/1000/bus'), ('COLORTERM', 'truecolor'), ('GIO_LAUNCHED_DESKTOP_FILE_PID', '2439'), ('WEZTERM_EXECUTABLE', '/usr/bin/wezterm-gui'), ('IM_CONFIG_PHASE', '1'), ('WAYLAND_DISPLAY', 'wayland-0'), ('ROS_DISTRO', 'humble'), ('LOGNAME', 'altair'), ('JOURNAL_STREAM', '8:1917'), ('_', '/usr/bin/colcon'), ('ROS_VERSION', '2'), ('XDG_SESSION_CLASS', 'user'), ('USERNAME', 'altair'), ('TERM', 'xterm-256color'), ('GNOME_DESKTOP_SESSION_ID', 'this-is-deprecated'), ('WEZTERM_CONFIG_FILE', '/home/altair/.wezterm.lua'), ('ROS_LOCALHOST_ONLY', '0'), ('WEZTERM_EXECUTABLE_DIR', '/usr/bin'), ('PATH', '/home/altair/.local/bin:/home/altair/spresenseenv/usr/bin:/opt/ros/humble/bin:/home/altair/.local/bin:/home/altair/.local/bin:/home/altair/bin:/usr/local/sbin:/usr/local/bin:/usr/sbin:/usr/bin:/sbin:/bin:/usr/games:/usr/local/games:/snap/bin:/snap/bin:/home/altair/bin:/home/altair/bin'), ('SESSION_MANAGER', 'local/altair-ThinkPad-L380:@/tmp/.ICE-unix/1272,unix/altair-ThinkPad-L380:/tmp/.ICE-unix/1272'), ('INVOCATION_ID', '72e2abd6bbc74719b93804593a356401'), ('PAPERSIZE', 'a4'), ('XDG_MENU_PREFIX', 'gnome-'), ('LC_ADDRESS', 'ja_JP.UTF-8'), ('GNOME_SETUP_DISPLAY', ':1'), ('XDG_RUNTIME_DIR', '/run/user/1000'), ('SSL_CERT_DIR', '/usr/lib/ssl/certs'), ('DISPLAY', ':0'), ('LANG', 'ja_JP.UTF-8'), ('XDG_CURRENT_DESKTOP', 'ubuntu:GNOME'), ('LC_TELEPHONE', 'ja_JP.UTF-8'), ('XMODIFIERS', '@im=ibus'), ('XDG_SESSION_DESKTOP', 'ubuntu'), ('XAUTHORITY', '/run/user/1000/.mutter-Xwaylandauth.YPJIT3'), ('LS_COLORS', 'rs=0:di=01;34:ln=01;36:mh=00:pi=40;33:so=01;35:do=01;35:bd=40;33;01:cd=40;33;01:or=40;31;01:mi=00:su=37;41:sg=30;43:ca=30;41:tw=30;42:ow=34;42:st=37;44:ex=01;32:*.tar=01;31:*.tgz=01;31:*.arc=01;31:*.arj=01;31:*.taz=01;31:*.lha=01;31:*.lz4=01;31:*.lzh=01;31:*.lzma=01;31:*.tlz=01;31:*.txz=01;31:*.tzo=01;31:*.t7z=01;31:*.zip=01;31:*.z=01;31:*.dz=01;31:*.gz=01;31:*.lrz=01;31:*.lz=01;31:*.lzo=01;31:*.xz=01;31:*.zst=01;31:*.tzst=01;31:*.bz2=01;31:*.bz=01;31:*.tbz=01;31:*.tbz2=01;31:*.tz=01;31:*.deb=01;31:*.rpm=01;31:*.jar=01;31:*.war=01;31:*.ear=01;31:*.sar=01;31:*.rar=01;31:*.alz=01;31:*.ace=01;31:*.zoo=01;31:*.cpio=01;31:*.7z=01;31:*.rz=01;31:*.cab=01;31:*.wim=01;31:*.swm=01;31:*.dwm=01;31:*.esd=01;31:*.jpg=01;35:*.jpeg=01;35:*.mjpg=01;35:*.mjpeg=01;35:*.gif=01;35:*.bmp=01;35:*.pbm=01;35:*.pgm=01;35:*.ppm=01;35:*.tga=01;35:*.xbm=01;35:*.xpm=01;35:*.tif=01;35:*.tiff=01;35:*.png=01;35:*.svg=01;35:*.svgz=01;35:*.mng=01;35:*.pcx=01;35:*.mov=01;35:*.mpg=01;35:*.mpeg=01;35:*.m2v=01;35:*.mkv=01;35:*.webm=01;35:*.webp=01;35:*.ogm=01;35:*.mp4=01;35:*.m4v=01;35:*.mp4v=01;35:*.vob=01;35:*.qt=01;35:*.nuv=01;35:*.wmv=01;35:*.asf=01;35:*.rm=01;35:*.rmvb=01;35:*.flc=01;35:*.avi=01;35:*.fli=01;35:*.flv=01;35:*.gl=01;35:*.dl=01;35:*.xcf=01;35:*.xwd=01;35:*.yuv=01;35:*.cgm=01;35:*.emf=01;35:*.ogv=01;35:*.ogx=01;35:*.aac=00;36:*.au=00;36:*.flac=00;36:*.m4a=00;36:*.mid=00;36:*.midi=00;36:*.mka=00;36:*.mp3=00;36:*.mpc=00;36:*.ogg=00;36:*.ra=00;36:*.wav=00;36:*.oga=00;36:*.opus=00;36:*.spx=00;36:*.xspf=00;36:'), ('TERM_PROGRAM', 'WezTerm'), ('SSH_AGENT_LAUNCHER', 'gnome-keyring'), ('SSH_AUTH_SOCK', '/run/user/1000/keyring/ssh'), ('ROS_DOMAIN_ID', '0'), ('AMENT_PREFIX_PATH', '/home/altair/Person_Tracking_Roboware/install/can_msgs:/home/altair/Person_Tracking_Roboware/install/altair_interfaces:/opt/ros/humble'), ('SHELL', '/bin/bash'), ('LC_NAME', 'ja_JP.UTF-8'), ('QT_ACCESSIBILITY', '1'), ('GDMSESSION', 'ubuntu'), ('LESSCLOSE', '/usr/bin/lesspipe %s %s'), ('LC_MEASUREMENT', 'ja_JP.UTF-8'), ('GJS_DEBUG_OUTPUT', 'stderr'), ('LC_IDENTIFICATION', 'ja_JP.UTF-8'), ('WEZTERM_CONFIG_DIR', '/home/altair'), ('QT_IM_MODULE', 'ibus'), ('PWD', '/home/altair/Person_Tracking_Roboware/build/altair_can_bridge'), ('LC_ALL', 'en_US.UTF-8'), ('XDG_CONFIG_DIRS', '/etc/xdg/xdg-ubuntu:/etc/xdg'), ('XDG_DATA_DIRS', '/usr/share/ubuntu:/usr/local/share/:/usr/share/:/var/lib/snapd/desktop'), ('WEZTERM_UNIX_SOCKET', '/run/user/1000/wezterm/gui-sock-2439'), ('PYTHONPATH', '/home/altair/Person_Tracking_Roboware/install/can_msgs/local/lib/python3.10/dist-packages:/home/altair/Person_Tracking_Roboware/install/altair_interfaces/local/lib/python3.10/dist-packages:/opt/ros/humble/lib/python3.10/site-packages:/opt/ros/humble/local/lib/python3.10/dist-packages'), ('LC_NUMERIC', 'ja_JP.UTF-8'), ('LC_PAPER', 'ja_JP.UTF-8'), ('WEZTERM_PANE', '2'), ('COLCON', '1'), ('CMAKE_PREFIX_PATH', '/home/altair/Person_Tracking_Roboware/install/can_msgs:/home/altair/Person_Tracking_Roboware/install/altair_interfaces:/opt/ros/humble')]), 'shell': False}
[1.090313] (altair_can_bridge) StdoutLine: {'line': b'-- Install configuration: ""\n'}
[1.090721] (altair_can_bridge) StdoutLine: {'line': b'-- Up-to-date: /home/altair/Person_Tracking_Roboware/install/altair_can_bridge/lib/altair_can_bridge/can_bridge_node\n'}
[1.091068] (altair_can_bridge) StdoutLine: {'line': b'-- Up-to-date: /home/altair/Person_Tracking_Roboware/install/altair_can_bridge/share/altair_can_bridge/scripts\n'}
[1.091272] (altair_can_bridge) StdoutLine: {'line': b'-- Up-to-date: /home/altair/Person_Tracking_Roboware/install/altair_can_bridge/share/altair_can_bridge/scripts/ethernet_can_bridge.py\n'}
[1.091479] (altair_can_bridge) StdoutLine: {'line': b'-- Up-to-date: /home/altair/Person_Tracking_Roboware/install/altair_can_bridge/share/altair_can_bridge/scripts/setup_slcan.sh\n'}
[1.091677] (altair_can_bridge) StdoutLine: {'line': b'-- Up-to-date: /home/altair/Person_Tracking_Roboware/install/altair_can_bridge/share/ament_index/resource_index/package_run_dependencies/altair_can_bridge\n'}
[1.091852] (altair_can_bridge) StdoutLine: {'line': b'-- Up-to-date: /home/altair/Person_Tracking_Roboware/install/altair_can_bridge/share/ament_index/resource_index/parent_prefix_path/altair_can_bridge\n'}
[1.092059] (altair_can_bridge) StdoutLine: {'line': b'-- Up-to-date: /home/altair/Person_Tracking_Roboware/install/altair_can_bridge/share/altair_can_bridge/environment/ament_prefix_path.sh\n'}
[1.092198] (altair_can_bridge) StdoutLine: {'line': b'-- Up-to-date: /home/altair/Person_Tracking_Roboware/install/altair_can_bridge/share/altair_can_bridge/environment/ament_prefix_path.dsv\n'}
[1.092403] (altair_can_bridge) StdoutLine: {'line': b'-- Up-to-date: /home/altair/Person_Tracking_Roboware/install/altair_can_bridge/share/altair_can_bridge/environment/path.sh\n'}
[1.092563] (altair_can_bridge) StdoutLine: {'line': b'-- Up-to-date: /home/altair/Person_Tracking_Roboware/install/altair_can_bridge/share/altair_can_bridge/environment/path.dsv\n'}
[1.092690] (altair_can_bridge) StdoutLine: {'line': b'-- Up-to-date: /home/altair/Person_Tracking_Roboware/install/altair_can_bridge/share/altair_can_bridge/local_setup.bash\n'}
[1.092828] (altair_can_bridge) StdoutLine: {'line': b'-- Up-to-date: /home/altair/Person_Tracking_Roboware/install/altair_can_bridge/share/altair_can_bridge/local_setup.sh\n'}
[1.092980] (altair_can_bridge) StdoutLine: {'line': b'-- Up-to-date: /home/altair/Person_Tracking_Roboware/install/altair_can_bridge/share/altair_can_bridge/local_setup.zsh\n'}
[1.093116] (altair_can_bridge) StdoutLine: {'line': b'-- Up-to-date: /home/altair/Person_Tracking_Roboware/install/altair_can_bridge/share/altair_can_bridge/local_setup.dsv\n'}
[1.093256] (altair_can_bridge) StdoutLine: {'line': b'-- Installing: /home/altair/Person_Tracking_Roboware/install/altair_can_bridge/share/altair_can_bridge/package.dsv\n'}
[1.093370] (altair_can_bridge) StdoutLine: {'line': b'-- Up-to-date: /home/altair/Person_Tracking_Roboware/install/altair_can_bridge/share/ament_index/resource_index/packages/altair_can_bridge\n'}
[1.093498] (altair_can_bridge) StdoutLine: {'line': b'-- Up-to-date: /home/altair/Person_Tracking_Roboware/install/altair_can_bridge/share/altair_can_bridge/cmake/altair_can_bridgeConfig.cmake\n'}
[1.093564] (altair_can_bridge) StdoutLine: {'line': b'-- Up-to-date: /home/altair/Person_Tracking_Roboware/install/altair_can_bridge/share/altair_can_bridge/cmake/altair_can_bridgeConfig-version.cmake\n'}
[1.093627] (altair_can_bridge) StdoutLine: {'line': b'-- Up-to-date: /home/altair/Person_Tracking_Roboware/install/altair_can_bridge/share/altair_can_bridge/package.xml\n'}
[1.094187] (altair_can_bridge) CommandEnded: {'returncode': 0}
[1.101977] (-) TimerEvent: {}
[1.109886] (altair_can_bridge) JobEnded: {'identifier': 'altair_can_bridge', 'rc': 0}
[1.202106] (-) TimerEvent: {}
[1.302367] (-) TimerEvent: {}
[1.402636] (-) TimerEvent: {}
[1.502899] (-) TimerEvent: {}
[1.603173] (-) TimerEvent: {}
[1.703470] (-) TimerEvent: {}
[1.803758] (-) TimerEvent: {}
[1.904056] (-) TimerEvent: {}
[2.004369] (-) TimerEvent: {}
[2.020986] (Robowarepkg) Command: {'cmd': ['/usr/bin/python3', '-W', 'ignore:setup.py install is deprecated', '-W', 'ignore:easy_install command is deprecated', 'setup.py', 'egg_info', '--egg-base', '../../build/Robowarepkg', 'build', '--build-base', '/home/altair/Person_Tracking_Roboware/build/Robowarepkg/build', 'install', '--record', '/home/altair/Person_Tracking_Roboware/build/Robowarepkg/install.log', '--install-scripts', '$base/lib/Robowarepkg', '--single-version-externally-managed', 'install_data'], 'cwd': '/home/altair/Person_Tracking_Roboware/src/Robowarepkg', 'env': {'GJS_DEBUG_TOPICS': 'JS ERROR;JS LOG', 'LESSOPEN': '| /usr/bin/lesspipe %s', 'LANGUAGE': 'ja:en', 'USER': 'altair', 'LC_TIME': 'ja_JP.UTF-8', 'XDG_SESSION_TYPE': 'wayland', 'STM32CubeMX_PATH': '/home/altair/STM32CubeMX', 'SHLVL': '2', 'LD_LIBRARY_PATH': '/home/altair/Person_Tracking_Roboware/install/can_msgs/lib:/home/altair/Person_Tracking_Roboware/install/altair_interfaces/lib:/usr/local/lib:/usr/lib/x86_64-linux-gnu/gazebo-11/plugins:/opt/ros/humble/opt/rviz_ogre_vendor/lib:/opt/ros/humble/lib/x86_64-linux-gnu:/opt/ros/humble/lib', 'HOME': '/home/altair', 'TERM_PROGRAM_VERSION': '20240203-110809-5046fc22', 'DESKTOP_SESSION': 'ubuntu', 'GIO_LAUNCHED_DESKTOP_FILE': '/usr/share/applications/org.wezfurlong.wezterm.desktop', 'ROS_PYTHON_VERSION': '3', 'GNOME_SHELL_SESSION_MODE': 'ubuntu', 'GTK_MODULES': 'gail:atk-bridge', 'LC_MONETARY': 'ja_JP.UTF-8', 'MANAGERPID': '1085', 'SSL_CERT_FILE': '/usr/lib/ssl/certs/ca-certificates.crt', 'SYSTEMD_EXEC_PID': '1322', 'DBUS_SESSION_BUS_ADDRESS': 'unix:path=/run/user/1000/bus', 'COLORTERM': 'truecolor', 'GIO_LAUNCHED_DESKTOP_FILE_PID': '2439', 'WEZTERM_EXECUTABLE': '/usr/bin/wezterm-gui', 'IM_CONFIG_PHASE': '1', 'WAYLAND_DISPLAY': 'wayland-0', 'ROS_DISTRO': 'humble', 'LOGNAME': 'altair', 'JOURNAL_STREAM': '8:1917', '_': '/usr/bin/colcon', 'ROS_VERSION': '2', 'XDG_SESSION_CLASS': 'user', 'USERNAME': 'altair', 'TERM': 'xterm-256color', 'GNOME_DESKTOP_SESSION_ID': 'this-is-deprecated', 'WEZTERM_CONFIG_FILE': '/home/altair/.wezterm.lua', 'ROS_LOCALHOST_ONLY': '0', 'WEZTERM_EXECUTABLE_DIR': '/usr/bin', 'PATH': '/home/altair/.local/bin:/home/altair/spresenseenv/usr/bin:/opt/ros/humble/bin:/home/altair/.local/bin:/home/altair/.local/bin:/home/altair/bin:/usr/local/sbin:/usr/local/bin:/usr/sbin:/usr/bin:/sbin:/bin:/usr/games:/usr/local/games:/snap/bin:/snap/bin:/home/altair/bin:/home/altair/bin', 'SESSION_MANAGER': 'local/altair-ThinkPad-L380:@/tmp/.ICE-unix/1272,unix/altair-ThinkPad-L380:/tmp/.ICE-unix/1272', 'INVOCATION_ID': '72e2abd6bbc74719b93804593a356401', 'PAPERSIZE': 'a4', 'XDG_MENU_PREFIX': 'gnome-', 'LC_ADDRESS': 'ja_JP.UTF-8', 'GNOME_SETUP_DISPLAY': ':1', 'XDG_RUNTIME_DIR': '/run/user/1000', 'SSL_CERT_DIR': '/usr/lib/ssl/certs', 'DISPLAY': ':0', 'LANG': 'ja_JP.UTF-8', 'XDG_CURRENT_DESKTOP': 'ubuntu:GNOME', 'LC_TELEPHONE': 'ja_JP.UTF-8', 'XMODIFIERS': '@im=ibus', 'XDG_SESSION_DESKTOP': 'ubuntu', 'XAUTHORITY': '/run/user/1000/.mutter-Xwaylandauth.YPJIT3', 'LS_COLORS': 'rs=0:di=01;34:ln=01;36:mh=00:pi=40;33:so=01;35:do=01;35:bd=40;33;01:cd=40;33;01:or=40;31;01:mi=00:su=37;41:sg=30;43:ca=30;41:tw=30;42:ow=34;42:st=37;44:ex=01;32:*.tar=01;31:*.tgz=01;31:*.arc=01;31:*.arj=01;31:*.taz=01;31:*.lha=01;31:*.lz4=01;31:*.lzh=01;31:*.lzma=01;31:*.tlz=01;31:*.txz=01;31:*.tzo=01;31:*.t7z=01;31:*.zip=01;31:*.z=01;31:*.dz=01;31:*.gz=01;31:*.lrz=01;31:*.lz=01;31:*.lzo=01;31:*.xz=01;31:*.zst=01;31:*.tzst=01;31:*.bz2=01;31:*.bz=01;31:*.tbz=01;31:*.tbz2=01;31:*.tz=01;31:*.deb=01;31:*.rpm=01;31:*.jar=01;31:*.war=01;31:*.ear=01;31:*.sar=01;31:*.rar=01;31:*.alz=01;31:*.ace=01;31:*.zoo=01;31:*.cpio=01;31:*.7z=01;31:*.rz=01;31:*.cab=01;31:*.wim=01;31:*.swm=01;31:*.dwm=01;31:*.esd=01;31:*.jpg=01;35:*.jpeg=01;35:*.mjpg=01;35:*.mjpeg=01;35:*.gif=01;35:*.bmp=01;35:*.pbm=01;35:*.pgm=01;35:*.ppm=01;35:*.tga=01;35:*.xbm=01;35:*.xpm=01;35:*.tif=01;35:*.tiff=01;35:*.png=01;35:*.svg=01;35:*.svgz=01;35:*.mng=01;35:*.pcx=01;35:*.mov=01;35:*.mpg=01;35:*.mpeg=01;35:*.m2v=01;35:*.mkv=01;35:*.webm=01;35:*.webp=01;35:*.ogm=01;35:*.mp4=01;35:*.m4v=01;35:*.mp4v=01;35:*.vob=01;35:*.qt=01;35:*.nuv=01;35:*.wmv=01;35:*.asf=01;35:*.rm=01;35:*.rmvb=01;35:*.flc=01;35:*.avi=01;35:*.fli=01;35:*.flv=01;35:*.gl=01;35:*.dl=01;35:*.xcf=01;35:*.xwd=01;35:*.yuv=01;35:*.cgm=01;35:*.emf=01;35:*.ogv=01;35:*.ogx=01;35:*.aac=00;36:*.au=00;36:*.flac=00;36:*.m4a=00;36:*.mid=00;36:*.midi=00;36:*.mka=00;36:*.mp3=00;36:*.mpc=00;36:*.ogg=00;36:*.ra=00;36:*.wav=00;36:*.oga=00;36:*.opus=00;36:*.spx=00;36:*.xspf=00;36:', 'TERM_PROGRAM': 'WezTerm', 'SSH_AGENT_LAUNCHER': 'gnome-keyring', 'SSH_AUTH_SOCK': '/run/user/1000/keyring/ssh', 'ROS_DOMAIN_ID': '0', 'AMENT_PREFIX_PATH': '/home/altair/Person_Tracking_Roboware/install/can_msgs:/home/altair/Person_Tracking_Roboware/install/altair_interfaces:/opt/ros/humble', 'SHELL': '/bin/bash', 'LC_NAME': 'ja_JP.UTF-8', 'QT_ACCESSIBILITY': '1', 'GDMSESSION': 'ubuntu', 'LESSCLOSE': '/usr/bin/lesspipe %s %s', 'LC_MEASUREMENT': 'ja_JP.UTF-8', 'GJS_DEBUG_OUTPUT': 'stderr', 'LC_IDENTIFICATION': 'ja_JP.UTF-8', 'WEZTERM_CONFIG_DIR': '/home/altair', 'QT_IM_MODULE': 'ibus', 'PWD': '/home/altair/Person_Tracking_Roboware/build/Robowarepkg', 'LC_ALL': 'en_US.UTF-8', 'XDG_CONFIG_DIRS': '/etc/xdg/xdg-ubuntu:/etc/xdg', 'XDG_DATA_DIRS': '/usr/share/ubuntu:/usr/local/share/:/usr/share/:/var/lib/snapd/desktop', 'WEZTERM_UNIX_SOCKET': '/run/user/1000/wezterm/gui-sock-2439', 'PYTHONPATH': '/home/altair/Person_Tracking_Roboware/build/Robowarepkg/prefix_override:/usr/lib/python3/dist-packages/colcon_core/task/python/colcon_distutils_commands:/home/altair/Person_Tracking_Roboware/install/Robowarepkg/lib/python3.10/site-packages:/home/altair/Person_Tracking_Roboware/install/can_msgs/local/lib/python3.10/dist-packages:/home/altair/Person_Tracking_Roboware/install/altair_interfaces/local/lib/python3.10/dist-packages:/opt/ros/humble/lib/python3.10/site-packages:/opt/ros/humble/local/lib/python3.10/dist-packages', 'LC_NUMERIC': 'ja_JP.UTF-8', 'LC_PAPER': 'ja_JP.UTF-8', 'WEZTERM_PANE': '2', 'COLCON': '1', 'CMAKE_PREFIX_PATH': '/home/altair/Person_Tracking_Roboware/install/can_msgs:/home/altair/Person_Tracking_Roboware/install/altair_interfaces'}, 'shell': False}
[2.104495] (-) TimerEvent: {}
[2.204772] (-) TimerEvent: {}
[2.305004] (-) TimerEvent: {}
[2.394913] (Robowarepkg) StdoutLine: {'line': b'running egg_info\n'}
[2.405115] (-) TimerEvent: {}
[2.424548] (Robowarepkg) StdoutLine: {'line': b'writing ../../build/Robowarepkg/Robowarepkg.egg-info/PKG-INFO\n'}
[2.425295] (Robowarepkg) StdoutLine: {'line': b'writing dependency_links to ../../build/Robowarepkg/Robowarepkg.egg-info/dependency_links.txt\n'}
[2.425678] (Robowarepkg) StdoutLine: {'line': b'writing entry points to ../../build/Robowarepkg/Robowarepkg.egg-info/entry_points.txt\n'}
[2.426037] (Robowarepkg) StdoutLine: {'line': b'writing requirements to ../../build/Robowarepkg/Robowarepkg.egg-info/requires.txt\n'}
[2.426221] (Robowarepkg) StdoutLine: {'line': b'writing top-level names to ../../build/Robowarepkg/Robowarepkg.egg-info/top_level.txt\n'}
[2.486765] (Robowarepkg) StdoutLine: {'line': b"reading manifest file '../../build/Robowarepkg/Robowarepkg.egg-info/SOURCES.txt'\n"}
[2.488735] (Robowarepkg) StdoutLine: {'line': b"writing manifest file '../../build/Robowarepkg/Robowarepkg.egg-info/SOURCES.txt'\n"}
[2.488926] (Robowarepkg) StdoutLine: {'line': b'running build\n'}
[2.489028] (Robowarepkg) StdoutLine: {'line': b'running build_py\n'}
[2.489358] (Robowarepkg) StdoutLine: {'line': b'copying Robowarepkg/serial_read_node.py -> /home/altair/Person_Tracking_Roboware/build/Robowarepkg/build/lib/Robowarepkg\n'}
[2.489561] (Robowarepkg) StdoutLine: {'line': b'copying Robowarepkg/FaceAnimation_node.py -> /home/altair/Person_Tracking_Roboware/build/Robowarepkg/build/lib/Robowarepkg\n'}
[2.490172] (Robowarepkg) StdoutLine: {'line': b'copying Robowarepkg/web_socket_node.py -> /home/altair/Person_Tracking_Roboware/build/Robowarepkg/build/lib/Robowarepkg\n'}
[2.490362] (Robowarepkg) StdoutLine: {'line': b'copying Robowarepkg/__init__.py -> /home/altair/Person_Tracking_Roboware/build/Robowarepkg/build/lib/Robowarepkg\n'}
[2.490550] (Robowarepkg) StdoutLine: {'line': b'copying Robowarepkg/Roboware_node_mpn.py -> /home/altair/Person_Tracking_Roboware/build/Robowarepkg/build/lib/Robowarepkg\n'}
[2.490793] (Robowarepkg) StdoutLine: {'line': b'copying Robowarepkg/RealSense_node.py -> /home/altair/Person_Tracking_Roboware/build/Robowarepkg/build/lib/Robowarepkg\n'}
[2.490997] (Robowarepkg) StdoutLine: {'line': b'copying Robowarepkg/Roboware_node_newmpn.py -> /home/altair/Person_Tracking_Roboware/build/Robowarepkg/build/lib/Robowarepkg\n'}
[2.491202] (Robowarepkg) StdoutLine: {'line': b'copying Robowarepkg/Roboware_node.py -> /home/altair/Person_Tracking_Roboware/build/Robowarepkg/build/lib/Robowarepkg\n'}
[2.491366] (Robowarepkg) StdoutLine: {'line': b'copying Robowarepkg/PID_node.py -> /home/altair/Person_Tracking_Roboware/build/Robowarepkg/build/lib/Robowarepkg\n'}
[2.491566] (Robowarepkg) StdoutLine: {'line': b'copying Robowarepkg/Roboware_node_np.py -> /home/altair/Person_Tracking_Roboware/build/Robowarepkg/build/lib/Robowarepkg\n'}
[2.491770] (Robowarepkg) StdoutLine: {'line': b'copying Robowarepkg/serial_send_node.py -> /home/altair/Person_Tracking_Roboware/build/Robowarepkg/build/lib/Robowarepkg\n'}
[2.492085] (Robowarepkg) StdoutLine: {'line': b'copying Robowarepkg/can_node.py -> /home/altair/Person_Tracking_Roboware/build/Robowarepkg/build/lib/Robowarepkg\n'}
[2.492559] (Robowarepkg) StdoutLine: {'line': b'running install\n'}
[2.497744] (Robowarepkg) StdoutLine: {'line': b'running install_lib\n'}
[2.505216] (-) TimerEvent: {}
[2.528538] (Robowarepkg) StdoutLine: {'line': b'running install_data\n'}
[2.528911] (Robowarepkg) StdoutLine: {'line': b'copying resource/Robowarepkg -> /home/altair/Person_Tracking_Roboware/install/Robowarepkg/share/ament_index/resource_index/packages\n'}
[2.529246] (Robowarepkg) StdoutLine: {'line': b'copying package.xml -> /home/altair/Person_Tracking_Roboware/install/Robowarepkg/share/Robowarepkg\n'}
[2.529561] (Robowarepkg) StdoutLine: {'line': b'copying launch/roboware.launch.py -> /home/altair/Person_Tracking_Roboware/install/Robowarepkg/share/Robowarepkg/launch\n'}
[2.529752] (Robowarepkg) StdoutLine: {'line': b'running install_egg_info\n'}
[2.561499] (Robowarepkg) StdoutLine: {'line': b"removing '/home/altair/Person_Tracking_Roboware/install/Robowarepkg/lib/python3.10/site-packages/Robowarepkg-0.0.0-py3.10.egg-info' (and everything under it)\n"}
[2.561836] (Robowarepkg) StdoutLine: {'line': b'Copying ../../build/Robowarepkg/Robowarepkg.egg-info to /home/altair/Person_Tracking_Roboware/install/Robowarepkg/lib/python3.10/site-packages/Robowarepkg-0.0.0-py3.10.egg-info\n'}
[2.562809] (Robowarepkg) StdoutLine: {'line': b'running install_scripts\n'}
[2.605344] (-) TimerEvent: {}
[2.705601] (-) TimerEvent: {}
[2.805873] (-) TimerEvent: {}
[2.827453] (Robowarepkg) StdoutLine: {'line': b'Installing FaceAnimation_node script to /home/altair/Person_Tracking_Roboware/install/Robowarepkg/lib/Robowarepkg\n'}
[2.827699] (Robowarepkg) StdoutLine: {'line': b'Installing PID_node script to /home/altair/Person_Tracking_Roboware/install/Robowarepkg/lib/Robowarepkg\n'}
[2.827851] (Robowarepkg) StdoutLine: {'line': b'Installing RealSense_node script to /home/altair/Person_Tracking_Roboware/install/Robowarepkg/lib/Robowarepkg\n'}
[2.827982] (Robowarepkg) StdoutLine: {'line': b'Installing Roboware_node script to /home/altair/Person_Tracking_Roboware/install/Robowarepkg/lib/Robowarepkg\n'}
[2.828083] (Robowarepkg) StdoutLine: {'line': b'Installing can_node script to /home/altair/Person_Tracking_Roboware/install/Robowarepkg/lib/Robowarepkg\n'}
[2.828210] (Robowarepkg) StdoutLine: {'line': b'Installing serial_read_node script to /home/altair/Person_Tracking_Roboware/install/Robowarepkg/lib/Robowarepkg\n'}
[2.828316] (Robowarepkg) StdoutLine: {'line': b'Installing serial_send_node script to /home/altair/Person_Tracking_Roboware/install/Robowarepkg/lib/Robowarepkg\n'}
[2.828414] (Robowarepkg) StdoutLine: {'line': b'Installing web_socket_node script to /home/altair/Person_Tracking_Roboware/install/Robowarepkg/lib/Robowarepkg\n'}
[2.828577] (Robowarepkg) StdoutLine: {'line': b"writing list of installed files to '/home/altair/Person_Tracking_Roboware/build/Robowarepkg/install.log'\n"}
[2.879064] (Robowarepkg) CommandEnded: {'returncode': 0}
[2.889105] (Robowarepkg) JobEnded: {'identifier': 'Robowarepkg', 'rc': 0}
[2.889999] (-) EventReactorShutdown: {}
