[0.000000] (-) TimerEvent: {}
[0.000789] (altair_interfaces) JobQueued: {'identifier': 'altair_interfaces', 'dependencies': OrderedDict()}
[0.000830] (can_msgs) JobQueued: {'identifier': 'can_msgs', 'dependencies': OrderedDict()}
[0.000852] (Robowarepkg) JobQueued: {'identifier': 'Robowarepkg', 'dependencies': OrderedDict([('altair_interfaces', '/home/altair/Person_Tracking_Roboware/install/altair_interfaces'), ('can_msgs', '/home/altair/Person_Tracking_Roboware/install/can_msgs')])}
[0.000876] (altair_can_bridge) JobQueued: {'identifier': 'altair_can_bridge', 'dependencies': OrderedDict([('altair_interfaces', '/home/altair/Person_Tracking_Roboware/install/altair_interfaces'), ('can_msgs', '/home/altair/Person_Tracking_Roboware/install/can_msgs')])}
[0.000898] (altair_interfaces) JobStarted: {'identifier': 'altair_interfaces'}
[0.006533] (can_msgs) JobStarted: {'identifier': 'can_msgs'}
[0.011495] (altair_interfaces) JobProgress: {'identifier': 'altair_interfaces', 'progress': 'cmake'}
[0.013117] (altair_interfaces) JobProgress: {'identifier': 'altair_interfaces', 'progress': 'build'}
[0.013289] (altair_interfaces) Command: {'cmd': ['/usr/bin/cmake', '--build', '/home/altair/Person_Tracking_Roboware/build/altair_interfaces', '--', '-j8', '-l8'], 'cwd': '/home/altair/Person_Tracking_Roboware/build/altair_interfaces', 'env': OrderedDict([('GJS_DEBUG_TOPICS', 'JS ERROR;JS LOG'), ('LESSOPEN', '| /usr/bin/lesspipe %s'), ('LANGUAGE', 'ja:en'), ('USER', 'altair'), ('LC_TIME', 'ja_JP.UTF-8'), ('XDG_SESSION_TYPE', 'wayland'), ('STM32CubeMX_PATH', '/home/altair/STM32CubeMX'), ('SHLVL', '2'), ('LD_LIBRARY_PATH', '/usr/local/lib:/usr/lib/x86_64-linux-gnu/gazebo-11/plugins:/opt/ros/humble/opt/rviz_ogre_vendor/lib:/opt/ros/humble/lib/x86_64-linux-gnu:/opt/ros/humble/lib'), ('HOME', '/home/altair'), ('TERM_PROGRAM_VERSION', '20240203-110809-5046fc22'), ('DESKTOP_SESSION', 'ubuntu'), ('GIO_LAUNCHED_DESKTOP_FILE', '/usr/share/applications/org.wezfurlong.wezterm.desktop'), ('ROS_PYTHON_VERSION', '3'), ('GNOME_SHELL_SESSION_MODE', 'ubuntu'), ('GTK_MODULES', 'gail:atk-bridge'), ('LC_MONETARY', 'ja_JP.UTF-8'), ('MANAGERPID', '1085'), ('SSL_CERT_FILE', '/usr/lib/ssl/certs/ca-certificates.crt'), ('SYSTEMD_EXEC_PID', '1322'), ('DBUS_SESSION_BUS_ADDRESS', 'unix:path=/run/user/1000/bus'), ('COLORTERM', 'truecolor'), ('GIO_LAUNCHED_DESKTOP_FILE_PID', '2439'), ('WEZTERM_EXECUTABLE', '/usr/bin/wezterm-gui'), ('IM_CONFIG_PHASE', '1'), ('WAYLAND_DISPLAY', 'wayland-0'), ('ROS_DISTRO', 'humble'), ('LOGNAME', 'altair'), ('JOURNAL_STREAM', '8:1917'), ('_', '/usr/bin/colcon'), ('ROS_VERSION', '2'), ('XDG_SESSION_CLASS', 'user'), ('USERNAME', 'altair'), ('TERM', 'xterm-256color'), ('GNOME_DESKTOP_SESSION_ID', 'this-is-deprecated'), ('WEZTERM_CONFIG_FILE', '/home/altair/.wezterm.lua'), ('ROS_LOCALHOST_ONLY', '0'), ('WEZTERM_EXECUTABLE_DIR', '/usr/bin'), ('PATH', '/home/altair/.local/bin:/home/altair/spresenseenv/usr/bin:/opt/ros/humble/bin:/home/altair/.local/bin:/home/altair/.local/bin:/home/altair/bin:/usr/local/sbin:/usr/local/bin:/usr/sbin:/usr/bin:/sbin:/bin:/usr/games:/usr/local/games:/snap/bin:/snap/bin:/home/altair/bin:/home/altair/bin'), ('SESSION_MANAGER', 'local/altair-ThinkPad-L380:@/tmp/.ICE-unix/1272,unix/altair-ThinkPad-L380:/tmp/.ICE-unix/1272'), ('INVOCATION_ID', '72e2abd6bbc74719b93804593a356401'), ('PAPERSIZE', 'a4'), ('XDG_MENU_PREFIX', 'gnome-'), ('LC_ADDRESS', 'ja_JP.UTF-8'), ('GNOME_SETUP_DISPLAY', ':1'), ('XDG_RUNTIME_DIR', '/run/user/1000'), ('SSL_CERT_DIR', '/usr/lib/ssl/certs'), ('DISPLAY', ':0'), ('LANG', 'ja_JP.UTF-8'), ('XDG_CURRENT_DESKTOP', 'ubuntu:GNOME'), ('LC_TELEPHONE', 'ja_JP.UTF-8'), ('XMODIFIERS', '@im=ibus'), ('XDG_SESSION_DESKTOP', 'ubuntu'), ('XAUTHORITY', '/run/user/1000/.mutter-Xwaylandauth.YPJIT3'), ('LS_COLORS', 'rs=0:di=01;34:ln=01;36:mh=00:pi=40;33:so=01;35:do=01;35:bd=40;33;01:cd=40;33;01:or=40;31;01:mi=00:su=37;41:sg=30;43:ca=30;41:tw=30;42:ow=34;42:st=37;44:ex=01;32:*.tar=01;31:*.tgz=01;31:*.arc=01;31:*.arj=01;31:*.taz=01;31:*.lha=01;31:*.lz4=01;31:*.lzh=01;31:*.lzma=01;31:*.tlz=01;31:*.txz=01;31:*.tzo=01;31:*.t7z=01;31:*.zip=01;31:*.z=01;31:*.dz=01;31:*.gz=01;31:*.lrz=01;31:*.lz=01;31:*.lzo=01;31:*.xz=01;31:*.zst=01;31:*.tzst=01;31:*.bz2=01;31:*.bz=01;31:*.tbz=01;31:*.tbz2=01;31:*.tz=01;31:*.deb=01;31:*.rpm=01;31:*.jar=01;31:*.war=01;31:*.ear=01;31:*.sar=01;31:*.rar=01;31:*.alz=01;31:*.ace=01;31:*.zoo=01;31:*.cpio=01;31:*.7z=01;31:*.rz=01;31:*.cab=01;31:*.wim=01;31:*.swm=01;31:*.dwm=01;31:*.esd=01;31:*.jpg=01;35:*.jpeg=01;35:*.mjpg=01;35:*.mjpeg=01;35:*.gif=01;35:*.bmp=01;35:*.pbm=01;35:*.pgm=01;35:*.ppm=01;35:*.tga=01;35:*.xbm=01;35:*.xpm=01;35:*.tif=01;35:*.tiff=01;35:*.png=01;35:*.svg=01;35:*.svgz=01;35:*.mng=01;35:*.pcx=01;35:*.mov=01;35:*.mpg=01;35:*.mpeg=01;35:*.m2v=01;35:*.mkv=01;35:*.webm=01;35:*.webp=01;35:*.ogm=01;35:*.mp4=01;35:*.m4v=01;35:*.mp4v=01;35:*.vob=01;35:*.qt=01;35:*.nuv=01;35:*.wmv=01;35:*.asf=01;35:*.rm=01;35:*.rmvb=01;35:*.flc=01;35:*.avi=01;35:*.fli=01;35:*.flv=01;35:*.gl=01;35:*.dl=01;35:*.xcf=01;35:*.xwd=01;35:*.yuv=01;35:*.cgm=01;35:*.emf=01;35:*.ogv=01;35:*.ogx=01;35:*.aac=00;36:*.au=00;36:*.flac=00;36:*.m4a=00;36:*.mid=00;36:*.midi=00;36:*.mka=00;36:*.mp3=00;36:*.mpc=00;36:*.ogg=00;36:*.ra=00;36:*.wav=00;36:*.oga=00;36:*.opus=00;36:*.spx=00;36:*.xspf=00;36:'), ('TERM_PROGRAM', 'WezTerm'), ('SSH_AGENT_LAUNCHER', 'gnome-keyring'), ('SSH_AUTH_SOCK', '/run/user/1000/keyring/ssh'), ('ROS_DOMAIN_ID', '0'), ('AMENT_PREFIX_PATH', '/opt/ros/humble'), ('SHELL', '/bin/bash'), ('LC_NAME', 'ja_JP.UTF-8'), ('QT_ACCESSIBILITY', '1'), ('GDMSESSION', 'ubuntu'), ('LESSCLOSE', '/usr/bin/lesspipe %s %s'), ('LC_MEASUREMENT', 'ja_JP.UTF-8'), ('GJS_DEBUG_OUTPUT', 'stderr'), ('LC_IDENTIFICATION', 'ja_JP.UTF-8'), ('WEZTERM_CONFIG_DIR', '/home/altair'), ('QT_IM_MODULE', 'ibus'), ('PWD', '/home/altair/Person_Tracking_Roboware/build/altair_interfaces'), ('LC_ALL', 'en_US.UTF-8'), ('XDG_CONFIG_DIRS', '/etc/xdg/xdg-ubuntu:/etc/xdg'), ('XDG_DATA_DIRS', '/usr/share/ubuntu:/usr/local/share/:/usr/share/:/var/lib/snapd/desktop'), ('WEZTERM_UNIX_SOCKET', '/run/user/1000/wezterm/gui-sock-2439'), ('PYTHONPATH', '/opt/ros/humble/lib/python3.10/site-packages:/opt/ros/humble/local/lib/python3.10/dist-packages'), ('LC_NUMERIC', 'ja_JP.UTF-8'), ('LC_PAPER', 'ja_JP.UTF-8'), ('WEZTERM_PANE', '2'), ('COLCON', '1'), ('CMAKE_PREFIX_PATH', '/opt/ros/humble')]), 'shell': False}
[0.016734] (can_msgs) JobProgress: {'identifier': 'can_msgs', 'progress': 'cmake'}
[0.018275] (can_msgs) JobProgress: {'identifier': 'can_msgs', 'progress': 'build'}
[0.018400] (can_msgs) Command: {'cmd': ['/usr/bin/cmake', '--build', '/home/altair/Person_Tracking_Roboware/build/can_msgs', '--', '-j8', '-l8'], 'cwd': '/home/altair/Person_Tracking_Roboware/build/can_msgs', 'env': OrderedDict([('GJS_DEBUG_TOPICS', 'JS ERROR;JS LOG'), ('LESSOPEN', '| /usr/bin/lesspipe %s'), ('LANGUAGE', 'ja:en'), ('USER', 'altair'), ('LC_TIME', 'ja_JP.UTF-8'), ('XDG_SESSION_TYPE', 'wayland'), ('STM32CubeMX_PATH', '/home/altair/STM32CubeMX'), ('SHLVL', '2'), ('LD_LIBRARY_PATH', '/usr/local/lib:/usr/lib/x86_64-linux-gnu/gazebo-11/plugins:/opt/ros/humble/opt/rviz_ogre_vendor/lib:/opt/ros/humble/lib/x86_64-linux-gnu:/opt/ros/humble/lib'), ('HOME', '/home/altair'), ('TERM_PROGRAM_VERSION', '20240203-110809-5046fc22'), ('DESKTOP_SESSION', 'ubuntu'), ('GIO_LAUNCHED_DESKTOP_FILE', '/usr/share/applications/org.wezfurlong.wezterm.desktop'), ('ROS_PYTHON_VERSION', '3'), ('GNOME_SHELL_SESSION_MODE', 'ubuntu'), ('GTK_MODULES', 'gail:atk-bridge'), ('LC_MONETARY', 'ja_JP.UTF-8'), ('MANAGERPID', '1085'), ('SSL_CERT_FILE', '/usr/lib/ssl/certs/ca-certificates.crt'), ('SYSTEMD_EXEC_PID', '1322'), ('DBUS_SESSION_BUS_ADDRESS', 'unix:path=/run/user/1000/bus'), ('COLORTERM', 'truecolor'), ('GIO_LAUNCHED_DESKTOP_FILE_PID', '2439'), ('WEZTERM_EXECUTABLE', '/usr/bin/wezterm-gui'), ('IM_CONFIG_PHASE', '1'), ('WAYLAND_DISPLAY', 'wayland-0'), ('ROS_DISTRO', 'humble'), ('LOGNAME', 'altair'), ('JOURNAL_STREAM', '8:1917'), ('_', '/usr/bin/colcon'), ('ROS_VERSION', '2'), ('XDG_SESSION_CLASS', 'user'), ('USERNAME', 'altair'), ('TERM', 'xterm-256color'), ('GNOME_DESKTOP_SESSION_ID', 'this-is-deprecated'), ('WEZTERM_CONFIG_FILE', '/home/altair/.wezterm.lua'), ('ROS_LOCALHOST_ONLY', '0'), ('WEZTERM_EXECUTABLE_DIR', '/usr/bin'), ('PATH', '/home/altair/.local/bin:/home/altair/spresenseenv/usr/bin:/opt/ros/humble/bin:/home/altair/.local/bin:/home/altair/.local/bin:/home/altair/bin:/usr/local/sbin:/usr/local/bin:/usr/sbin:/usr/bin:/sbin:/bin:/usr/games:/usr/local/games:/snap/bin:/snap/bin:/home/altair/bin:/home/altair/bin'), ('SESSION_MANAGER', 'local/altair-ThinkPad-L380:@/tmp/.ICE-unix/1272,unix/altair-ThinkPad-L380:/tmp/.ICE-unix/1272'), ('INVOCATION_ID', '72e2abd6bbc74719b93804593a356401'), ('PAPERSIZE', 'a4'), ('XDG_MENU_PREFIX', 'gnome-'), ('LC_ADDRESS', 'ja_JP.UTF-8'), ('GNOME_SETUP_DISPLAY', ':1'), ('XDG_RUNTIME_DIR', '/run/user/1000'), ('SSL_CERT_DIR', '/usr/lib/ssl/certs'), ('DISPLAY', ':0'), ('LANG', 'ja_JP.UTF-8'), ('XDG_CURRENT_DESKTOP', 'ubuntu:GNOME'), ('LC_TELEPHONE', 'ja_JP.UTF-8'), ('XMODIFIERS', '@im=ibus'), ('XDG_SESSION_DESKTOP', 'ubuntu'), ('XAUTHORITY', '/run/user/1000/.mutter-Xwaylandauth.YPJIT3'), ('LS_COLORS', 'rs=0:di=01;34:ln=01;36:mh=00:pi=40;33:so=01;35:do=01;35:bd=40;33;01:cd=40;33;01:or=40;31;01:mi=00:su=37;41:sg=30;43:ca=30;41:tw=30;42:ow=34;42:st=37;44:ex=01;32:*.tar=01;31:*.tgz=01;31:*.arc=01;31:*.arj=01;31:*.taz=01;31:*.lha=01;31:*.lz4=01;31:*.lzh=01;31:*.lzma=01;31:*.tlz=01;31:*.txz=01;31:*.tzo=01;31:*.t7z=01;31:*.zip=01;31:*.z=01;31:*.dz=01;31:*.gz=01;31:*.lrz=01;31:*.lz=01;31:*.lzo=01;31:*.xz=01;31:*.zst=01;31:*.tzst=01;31:*.bz2=01;31:*.bz=01;31:*.tbz=01;31:*.tbz2=01;31:*.tz=01;31:*.deb=01;31:*.rpm=01;31:*.jar=01;31:*.war=01;31:*.ear=01;31:*.sar=01;31:*.rar=01;31:*.alz=01;31:*.ace=01;31:*.zoo=01;31:*.cpio=01;31:*.7z=01;31:*.rz=01;31:*.cab=01;31:*.wim=01;31:*.swm=01;31:*.dwm=01;31:*.esd=01;31:*.jpg=01;35:*.jpeg=01;35:*.mjpg=01;35:*.mjpeg=01;35:*.gif=01;35:*.bmp=01;35:*.pbm=01;35:*.pgm=01;35:*.ppm=01;35:*.tga=01;35:*.xbm=01;35:*.xpm=01;35:*.tif=01;35:*.tiff=01;35:*.png=01;35:*.svg=01;35:*.svgz=01;35:*.mng=01;35:*.pcx=01;35:*.mov=01;35:*.mpg=01;35:*.mpeg=01;35:*.m2v=01;35:*.mkv=01;35:*.webm=01;35:*.webp=01;35:*.ogm=01;35:*.mp4=01;35:*.m4v=01;35:*.mp4v=01;35:*.vob=01;35:*.qt=01;35:*.nuv=01;35:*.wmv=01;35:*.asf=01;35:*.rm=01;35:*.rmvb=01;35:*.flc=01;35:*.avi=01;35:*.fli=01;35:*.flv=01;35:*.gl=01;35:*.dl=01;35:*.xcf=01;35:*.xwd=01;35:*.yuv=01;35:*.cgm=01;35:*.emf=01;35:*.ogv=01;35:*.ogx=01;35:*.aac=00;36:*.au=00;36:*.flac=00;36:*.m4a=00;36:*.mid=00;36:*.midi=00;36:*.mka=00;36:*.mp3=00;36:*.mpc=00;36:*.ogg=00;36:*.ra=00;36:*.wav=00;36:*.oga=00;36:*.opus=00;36:*.spx=00;36:*.xspf=00;36:'), ('TERM_PROGRAM', 'WezTerm'), ('SSH_AGENT_LAUNCHER', 'gnome-keyring'), ('SSH_AUTH_SOCK', '/run/user/1000/keyring/ssh'), ('ROS_DOMAIN_ID', '0'), ('AMENT_PREFIX_PATH', '/opt/ros/humble'), ('SHELL', '/bin/bash'), ('LC_NAME', 'ja_JP.UTF-8'), ('QT_ACCESSIBILITY', '1'), ('GDMSESSION', 'ubuntu'), ('LESSCLOSE', '/usr/bin/lesspipe %s %s'), ('LC_MEASUREMENT', 'ja_JP.UTF-8'), ('GJS_DEBUG_OUTPUT', 'stderr'), ('LC_IDENTIFICATION', 'ja_JP.UTF-8'), ('WEZTERM_CONFIG_DIR', '/home/altair'), ('QT_IM_MODULE', 'ibus'), ('PWD', '/home/altair/Person_Tracking_Roboware/build/can_msgs'), ('LC_ALL', 'en_US.UTF-8'), ('XDG_CONFIG_DIRS', '/etc/xdg/xdg-ubuntu:/etc/xdg'), ('XDG_DATA_DIRS', '/usr/share/ubuntu:/usr/local/share/:/usr/share/:/var/lib/snapd/desktop'), ('WEZTERM_UNIX_SOCKET', '/run/user/1000/wezterm/gui-sock-2439'), ('PYTHONPATH', '/opt/ros/humble/lib/python3.10/site-packages:/opt/ros/humble/local/lib/python3.10/dist-packages'), ('LC_NUMERIC', 'ja_JP.UTF-8'), ('LC_PAPER', 'ja_JP.UTF-8'), ('WEZTERM_PANE', '2'), ('COLCON', '1'), ('CMAKE_PREFIX_PATH', '/opt/ros/humble')]), 'shell': False}
[0.061686] (can_msgs) StdoutLine: {'line': b'[  3%] Built target can_msgs__cpp\n'}
[0.062241] (can_msgs) StdoutLine: {'line': b'[ 12%] Built target can_msgs__rosidl_generator_c\n'}
[0.062585] (can_msgs) StdoutLine: {'line': b'[ 15%] Built target can_msgs__rs\n'}
[0.065359] (altair_interfaces) StdoutLine: {'line': b'[  1%] Built target altair_interfaces__rs\n'}
[0.068829] (altair_interfaces) StdoutLine: {'line': b'[  2%] Built target altair_interfaces__cpp\n'}
[0.073282] (altair_interfaces) StdoutLine: {'line': b'[ 13%] Built target altair_interfaces__rosidl_generator_c\n'}
[0.077931] (can_msgs) StdoutLine: {'line': b'[ 15%] Built target ament_cmake_python_copy_can_msgs\n'}
[0.082832] (altair_interfaces) StdoutLine: {'line': b'[ 13%] Built target ament_cmake_python_copy_altair_interfaces\n'}
[0.083419] (can_msgs) StdoutLine: {'line': b'[ 25%] Built target can_msgs__rosidl_typesupport_cpp\n'}
[0.086924] (can_msgs) StdoutLine: {'line': b'[ 34%] Built target can_msgs__rosidl_typesupport_introspection_cpp\n'}
[0.087278] (can_msgs) StdoutLine: {'line': b'[ 43%] Built target can_msgs__rosidl_typesupport_c\n'}
[0.093733] (can_msgs) StdoutLine: {'line': b'[ 53%] Built target can_msgs__rosidl_typesupport_introspection_c\n'}
[0.097597] (can_msgs) StdoutLine: {'line': b'[ 62%] Built target can_msgs__rosidl_typesupport_fastrtps_c\n'}
[0.099691] (-) TimerEvent: {}
[0.104518] (can_msgs) StdoutLine: {'line': b'[ 71%] Built target can_msgs__rosidl_typesupport_fastrtps_cpp\n'}
[0.108706] (altair_interfaces) StdoutLine: {'line': b'[ 25%] Built target altair_interfaces__rosidl_typesupport_cpp\n'}
[0.109063] (altair_interfaces) StdoutLine: {'line': b'[ 36%] Built target altair_interfaces__rosidl_typesupport_fastrtps_cpp\n'}
[0.109247] (altair_interfaces) StdoutLine: {'line': b'[ 47%] Built target altair_interfaces__rosidl_typesupport_introspection_cpp\n'}
[0.111719] (altair_interfaces) StdoutLine: {'line': b'[ 59%] Built target altair_interfaces__rosidl_typesupport_introspection_c\n'}
[0.113935] (altair_interfaces) StdoutLine: {'line': b'[ 70%] Built target altair_interfaces__rosidl_typesupport_fastrtps_c\n'}
[0.119659] (can_msgs) StdoutLine: {'line': b'[ 71%] Built target can_msgs\n'}
[0.121616] (altair_interfaces) StdoutLine: {'line': b'[ 82%] Built target altair_interfaces__rosidl_typesupport_c\n'}
[0.133696] (can_msgs) StdoutLine: {'line': b'[ 75%] Built target can_msgs__py\n'}
[0.135779] (altair_interfaces) StdoutLine: {'line': b'[ 82%] Built target altair_interfaces\n'}
[0.152193] (altair_interfaces) StdoutLine: {'line': b'[ 83%] Built target altair_interfaces__py\n'}
[0.152512] (can_msgs) StdoutLine: {'line': b'[ 81%] Built target can_msgs__rosidl_generator_py\n'}
[0.168949] (can_msgs) StdoutLine: {'line': b'[ 87%] Built target can_msgs__rosidl_typesupport_fastrtps_c__pyext\n'}
[0.170884] (can_msgs) StdoutLine: {'line': b'[100%] Built target can_msgs__rosidl_typesupport_introspection_c__pyext\n'}
[0.171115] (can_msgs) StdoutLine: {'line': b'[100%] Built target can_msgs__rosidl_typesupport_c__pyext\n'}
[0.175175] (altair_interfaces) StdoutLine: {'line': b'[ 93%] Built target altair_interfaces__rosidl_generator_py\n'}
[0.189836] (altair_interfaces) StdoutLine: {'line': b'[ 95%] Built target altair_interfaces__rosidl_typesupport_introspection_c__pyext\n'}
[0.190287] (altair_interfaces) StdoutLine: {'line': b'[ 97%] Built target altair_interfaces__rosidl_typesupport_c__pyext\n'}
[0.194194] (altair_interfaces) StdoutLine: {'line': b'[100%] Built target altair_interfaces__rosidl_typesupport_fastrtps_c__pyext\n'}
[0.199770] (-) TimerEvent: {}
[0.300079] (-) TimerEvent: {}
[0.400374] (-) TimerEvent: {}
[0.420218] (can_msgs) StdoutLine: {'line': b'running egg_info\n'}
[0.436096] (altair_interfaces) StdoutLine: {'line': b'running egg_info\n'}
[0.451292] (can_msgs) StdoutLine: {'line': b'writing can_msgs.egg-info/PKG-INFO\n'}
[0.452033] (can_msgs) StdoutLine: {'line': b'writing dependency_links to can_msgs.egg-info/dependency_links.txt\n'}
[0.452398] (can_msgs) StdoutLine: {'line': b'writing top-level names to can_msgs.egg-info/top_level.txt\n'}
[0.466404] (altair_interfaces) StdoutLine: {'line': b'writing altair_interfaces.egg-info/PKG-INFO\n'}
[0.466870] (altair_interfaces) StdoutLine: {'line': b'writing dependency_links to altair_interfaces.egg-info/dependency_links.txt\n'}
[0.467145] (altair_interfaces) StdoutLine: {'line': b'writing top-level names to altair_interfaces.egg-info/top_level.txt\n'}
[0.500505] (-) TimerEvent: {}
[0.541388] (can_msgs) StdoutLine: {'line': b"reading manifest file 'can_msgs.egg-info/SOURCES.txt'\n"}
[0.542497] (can_msgs) StdoutLine: {'line': b"writing manifest file 'can_msgs.egg-info/SOURCES.txt'\n"}
[0.561869] (altair_interfaces) StdoutLine: {'line': b"reading manifest file 'altair_interfaces.egg-info/SOURCES.txt'\n"}
[0.562148] (altair_interfaces) StdoutLine: {'line': b"writing manifest file 'altair_interfaces.egg-info/SOURCES.txt'\n"}
[0.582347] (can_msgs) StdoutLine: {'line': b'[100%] Built target ament_cmake_python_build_can_msgs_egg\n'}
[0.588868] (can_msgs) CommandEnded: {'returncode': 0}
[0.589843] (can_msgs) JobProgress: {'identifier': 'can_msgs', 'progress': 'install'}
[0.594653] (can_msgs) Command: {'cmd': ['/usr/bin/cmake', '--install', '/home/altair/Person_Tracking_Roboware/build/can_msgs'], 'cwd': '/home/altair/Person_Tracking_Roboware/build/can_msgs', 'env': OrderedDict([('GJS_DEBUG_TOPICS', 'JS ERROR;JS LOG'), ('LESSOPEN', '| /usr/bin/lesspipe %s'), ('LANGUAGE', 'ja:en'), ('USER', 'altair'), ('LC_TIME', 'ja_JP.UTF-8'), ('XDG_SESSION_TYPE', 'wayland'), ('STM32CubeMX_PATH', '/home/altair/STM32CubeMX'), ('SHLVL', '2'), ('LD_LIBRARY_PATH', '/usr/local/lib:/usr/lib/x86_64-linux-gnu/gazebo-11/plugins:/opt/ros/humble/opt/rviz_ogre_vendor/lib:/opt/ros/humble/lib/x86_64-linux-gnu:/opt/ros/humble/lib'), ('HOME', '/home/altair'), ('TERM_PROGRAM_VERSION', '20240203-110809-5046fc22'), ('DESKTOP_SESSION', 'ubuntu'), ('GIO_LAUNCHED_DESKTOP_FILE', '/usr/share/applications/org.wezfurlong.wezterm.desktop'), ('ROS_PYTHON_VERSION', '3'), ('GNOME_SHELL_SESSION_MODE', 'ubuntu'), ('GTK_MODULES', 'gail:atk-bridge'), ('LC_MONETARY', 'ja_JP.UTF-8'), ('MANAGERPID', '1085'), ('SSL_CERT_FILE', '/usr/lib/ssl/certs/ca-certificates.crt'), ('SYSTEMD_EXEC_PID', '1322'), ('DBUS_SESSION_BUS_ADDRESS', 'unix:path=/run/user/1000/bus'), ('COLORTERM', 'truecolor'), ('GIO_LAUNCHED_DESKTOP_FILE_PID', '2439'), ('WEZTERM_EXECUTABLE', '/usr/bin/wezterm-gui'), ('IM_CONFIG_PHASE', '1'), ('WAYLAND_DISPLAY', 'wayland-0'), ('ROS_DISTRO', 'humble'), ('LOGNAME', 'altair'), ('JOURNAL_STREAM', '8:1917'), ('_', '/usr/bin/colcon'), ('ROS_VERSION', '2'), ('XDG_SESSION_CLASS', 'user'), ('USERNAME', 'altair'), ('TERM', 'xterm-256color'), ('GNOME_DESKTOP_SESSION_ID', 'this-is-deprecated'), ('WEZTERM_CONFIG_FILE', '/home/altair/.wezterm.lua'), ('ROS_LOCALHOST_ONLY', '0'), ('WEZTERM_EXECUTABLE_DIR', '/usr/bin'), ('PATH', '/home/altair/.local/bin:/home/altair/spresenseenv/usr/bin:/opt/ros/humble/bin:/home/altair/.local/bin:/home/altair/.local/bin:/home/altair/bin:/usr/local/sbin:/usr/local/bin:/usr/sbin:/usr/bin:/sbin:/bin:/usr/games:/usr/local/games:/snap/bin:/snap/bin:/home/altair/bin:/home/altair/bin'), ('SESSION_MANAGER', 'local/altair-ThinkPad-L380:@/tmp/.ICE-unix/1272,unix/altair-ThinkPad-L380:/tmp/.ICE-unix/1272'), ('INVOCATION_ID', '72e2abd6bbc74719b93804593a356401'), ('PAPERSIZE', 'a4'), ('XDG_MENU_PREFIX', 'gnome-'), ('LC_ADDRESS', 'ja_JP.UTF-8'), ('GNOME_SETUP_DISPLAY', ':1'), ('XDG_RUNTIME_DIR', '/run/user/1000'), ('SSL_CERT_DIR', '/usr/lib/ssl/certs'), ('DISPLAY', ':0'), ('LANG', 'ja_JP.UTF-8'), ('XDG_CURRENT_DESKTOP', 'ubuntu:GNOME'), ('LC_TELEPHONE', 'ja_JP.UTF-8'), ('XMODIFIERS', '@im=ibus'), ('XDG_SESSION_DESKTOP', 'ubuntu'), ('XAUTHORITY', '/run/user/1000/.mutter-Xwaylandauth.YPJIT3'), ('LS_COLORS', 'rs=0:di=01;34:ln=01;36:mh=00:pi=40;33:so=01;35:do=01;35:bd=40;33;01:cd=40;33;01:or=40;31;01:mi=00:su=37;41:sg=30;43:ca=30;41:tw=30;42:ow=34;42:st=37;44:ex=01;32:*.tar=01;31:*.tgz=01;31:*.arc=01;31:*.arj=01;31:*.taz=01;31:*.lha=01;31:*.lz4=01;31:*.lzh=01;31:*.lzma=01;31:*.tlz=01;31:*.txz=01;31:*.tzo=01;31:*.t7z=01;31:*.zip=01;31:*.z=01;31:*.dz=01;31:*.gz=01;31:*.lrz=01;31:*.lz=01;31:*.lzo=01;31:*.xz=01;31:*.zst=01;31:*.tzst=01;31:*.bz2=01;31:*.bz=01;31:*.tbz=01;31:*.tbz2=01;31:*.tz=01;31:*.deb=01;31:*.rpm=01;31:*.jar=01;31:*.war=01;31:*.ear=01;31:*.sar=01;31:*.rar=01;31:*.alz=01;31:*.ace=01;31:*.zoo=01;31:*.cpio=01;31:*.7z=01;31:*.rz=01;31:*.cab=01;31:*.wim=01;31:*.swm=01;31:*.dwm=01;31:*.esd=01;31:*.jpg=01;35:*.jpeg=01;35:*.mjpg=01;35:*.mjpeg=01;35:*.gif=01;35:*.bmp=01;35:*.pbm=01;35:*.pgm=01;35:*.ppm=01;35:*.tga=01;35:*.xbm=01;35:*.xpm=01;35:*.tif=01;35:*.tiff=01;35:*.png=01;35:*.svg=01;35:*.svgz=01;35:*.mng=01;35:*.pcx=01;35:*.mov=01;35:*.mpg=01;35:*.mpeg=01;35:*.m2v=01;35:*.mkv=01;35:*.webm=01;35:*.webp=01;35:*.ogm=01;35:*.mp4=01;35:*.m4v=01;35:*.mp4v=01;35:*.vob=01;35:*.qt=01;35:*.nuv=01;35:*.wmv=01;35:*.asf=01;35:*.rm=01;35:*.rmvb=01;35:*.flc=01;35:*.avi=01;35:*.fli=01;35:*.flv=01;35:*.gl=01;35:*.dl=01;35:*.xcf=01;35:*.xwd=01;35:*.yuv=01;35:*.cgm=01;35:*.emf=01;35:*.ogv=01;35:*.ogx=01;35:*.aac=00;36:*.au=00;36:*.flac=00;36:*.m4a=00;36:*.mid=00;36:*.midi=00;36:*.mka=00;36:*.mp3=00;36:*.mpc=00;36:*.ogg=00;36:*.ra=00;36:*.wav=00;36:*.oga=00;36:*.opus=00;36:*.spx=00;36:*.xspf=00;36:'), ('TERM_PROGRAM', 'WezTerm'), ('SSH_AGENT_LAUNCHER', 'gnome-keyring'), ('SSH_AUTH_SOCK', '/run/user/1000/keyring/ssh'), ('ROS_DOMAIN_ID', '0'), ('AMENT_PREFIX_PATH', '/opt/ros/humble'), ('SHELL', '/bin/bash'), ('LC_NAME', 'ja_JP.UTF-8'), ('QT_ACCESSIBILITY', '1'), ('GDMSESSION', 'ubuntu'), ('LESSCLOSE', '/usr/bin/lesspipe %s %s'), ('LC_MEASUREMENT', 'ja_JP.UTF-8'), ('GJS_DEBUG_OUTPUT', 'stderr'), ('LC_IDENTIFICATION', 'ja_JP.UTF-8'), ('WEZTERM_CONFIG_DIR', '/home/altair'), ('QT_IM_MODULE', 'ibus'), ('PWD', '/home/altair/Person_Tracking_Roboware/build/can_msgs'), ('LC_ALL', 'en_US.UTF-8'), ('XDG_CONFIG_DIRS', '/etc/xdg/xdg-ubuntu:/etc/xdg'), ('XDG_DATA_DIRS', '/usr/share/ubuntu:/usr/local/share/:/usr/share/:/var/lib/snapd/desktop'), ('WEZTERM_UNIX_SOCKET', '/run/user/1000/wezterm/gui-sock-2439'), ('PYTHONPATH', '/opt/ros/humble/lib/python3.10/site-packages:/opt/ros/humble/local/lib/python3.10/dist-packages'), ('LC_NUMERIC', 'ja_JP.UTF-8'), ('LC_PAPER', 'ja_JP.UTF-8'), ('WEZTERM_PANE', '2'), ('COLCON', '1'), ('CMAKE_PREFIX_PATH', '/opt/ros/humble')]), 'shell': False}
[0.595849] (altair_interfaces) StdoutLine: {'line': b'[100%] Built target ament_cmake_python_build_altair_interfaces_egg\n'}
[0.598258] (can_msgs) StdoutLine: {'line': b'-- Install configuration: ""\n'}
[0.598417] (can_msgs) StdoutLine: {'line': b'-- Up-to-date: /home/altair/Person_Tracking_Roboware/install/can_msgs/share/ament_index/resource_index/rosidl_interfaces/can_msgs\n'}
[0.598576] (can_msgs) StdoutLine: {'line': b'-- Up-to-date: /home/altair/Person_Tracking_Roboware/install/can_msgs/include/can_msgs/can_msgs\n'}
[0.598783] (can_msgs) StdoutLine: {'line': b'-- Up-to-date: /home/altair/Person_Tracking_Roboware/install/can_msgs/include/can_msgs/can_msgs/msg\n'}
[0.598863] (can_msgs) StdoutLine: {'line': b'-- Up-to-date: /home/altair/Person_Tracking_Roboware/install/can_msgs/include/can_msgs/can_msgs/msg/frame.h\n'}
[0.598927] (can_msgs) StdoutLine: {'line': b'-- Up-to-date: /home/altair/Person_Tracking_Roboware/install/can_msgs/include/can_msgs/can_msgs/msg/rosidl_generator_c__visibility_control.h\n'}
[0.598994] (can_msgs) StdoutLine: {'line': b'-- Up-to-date: /home/altair/Person_Tracking_Roboware/install/can_msgs/include/can_msgs/can_msgs/msg/detail\n'}
[0.599057] (can_msgs) StdoutLine: {'line': b'-- Up-to-date: /home/altair/Person_Tracking_Roboware/install/can_msgs/include/can_msgs/can_msgs/msg/detail/frame__functions.h\n'}
[0.599121] (can_msgs) StdoutLine: {'line': b'-- Up-to-date: /home/altair/Person_Tracking_Roboware/install/can_msgs/include/can_msgs/can_msgs/msg/detail/frame__struct.h\n'}
[0.599183] (can_msgs) StdoutLine: {'line': b'-- Up-to-date: /home/altair/Person_Tracking_Roboware/install/can_msgs/include/can_msgs/can_msgs/msg/detail/frame__functions.c\n'}
[0.599246] (can_msgs) StdoutLine: {'line': b'-- Up-to-date: /home/altair/Person_Tracking_Roboware/install/can_msgs/include/can_msgs/can_msgs/msg/detail/frame__type_support.h\n'}
[0.599308] (can_msgs) StdoutLine: {'line': b'-- Up-to-date: /home/altair/Person_Tracking_Roboware/install/can_msgs/share/can_msgs/environment/library_path.sh\n'}
[0.599371] (can_msgs) StdoutLine: {'line': b'-- Up-to-date: /home/altair/Person_Tracking_Roboware/install/can_msgs/share/can_msgs/environment/library_path.dsv\n'}
[0.599474] (can_msgs) StdoutLine: {'line': b'-- Up-to-date: /home/altair/Person_Tracking_Roboware/install/can_msgs/lib/libcan_msgs__rosidl_generator_c.so\n'}
[0.599585] (can_msgs) StdoutLine: {'line': b'-- Up-to-date: /home/altair/Person_Tracking_Roboware/install/can_msgs/include/can_msgs/can_msgs\n'}
[0.599664] (can_msgs) StdoutLine: {'line': b'-- Up-to-date: /home/altair/Person_Tracking_Roboware/install/can_msgs/include/can_msgs/can_msgs/msg\n'}
[0.599728] (can_msgs) StdoutLine: {'line': b'-- Up-to-date: /home/altair/Person_Tracking_Roboware/install/can_msgs/include/can_msgs/can_msgs/msg/rosidl_typesupport_fastrtps_c__visibility_control.h\n'}
[0.599792] (can_msgs) StdoutLine: {'line': b'-- Up-to-date: /home/altair/Person_Tracking_Roboware/install/can_msgs/include/can_msgs/can_msgs/msg/detail\n'}
[0.599899] (can_msgs) StdoutLine: {'line': b'-- Up-to-date: /home/altair/Person_Tracking_Roboware/install/can_msgs/include/can_msgs/can_msgs/msg/detail/frame__rosidl_typesupport_fastrtps_c.h\n'}
[0.599965] (can_msgs) StdoutLine: {'line': b'-- Up-to-date: /home/altair/Person_Tracking_Roboware/install/can_msgs/lib/libcan_msgs__rosidl_typesupport_fastrtps_c.so\n'}
[0.600027] (can_msgs) StdoutLine: {'line': b'-- Up-to-date: /home/altair/Person_Tracking_Roboware/install/can_msgs/include/can_msgs/can_msgs\n'}
[0.600089] (can_msgs) StdoutLine: {'line': b'-- Up-to-date: /home/altair/Person_Tracking_Roboware/install/can_msgs/include/can_msgs/can_msgs/msg\n'}
[0.600151] (can_msgs) StdoutLine: {'line': b'-- Up-to-date: /home/altair/Person_Tracking_Roboware/install/can_msgs/include/can_msgs/can_msgs/msg/detail\n'}
[0.600243] (can_msgs) StdoutLine: {'line': b'-- Up-to-date: /home/altair/Person_Tracking_Roboware/install/can_msgs/include/can_msgs/can_msgs/msg/detail/frame__rosidl_typesupport_introspection_c.h\n'}
[0.600301] (can_msgs) StdoutLine: {'line': b'-- Up-to-date: /home/altair/Person_Tracking_Roboware/install/can_msgs/include/can_msgs/can_msgs/msg/detail/frame__type_support.c\n'}
[0.600358] (can_msgs) StdoutLine: {'line': b'-- Up-to-date: /home/altair/Person_Tracking_Roboware/install/can_msgs/include/can_msgs/can_msgs/msg/rosidl_typesupport_introspection_c__visibility_control.h\n'}
[0.600429] (can_msgs) StdoutLine: {'line': b'-- Up-to-date: /home/altair/Person_Tracking_Roboware/install/can_msgs/lib/libcan_msgs__rosidl_typesupport_introspection_c.so\n'}
[0.600491] (-) TimerEvent: {}
[0.600654] (can_msgs) StdoutLine: {'line': b'-- Up-to-date: /home/altair/Person_Tracking_Roboware/install/can_msgs/lib/libcan_msgs__rosidl_typesupport_c.so\n'}
[0.600934] (can_msgs) StdoutLine: {'line': b'-- Up-to-date: /home/altair/Person_Tracking_Roboware/install/can_msgs/include/can_msgs/can_msgs\n'}
[0.601051] (can_msgs) StdoutLine: {'line': b'-- Up-to-date: /home/altair/Person_Tracking_Roboware/install/can_msgs/include/can_msgs/can_msgs/msg\n'}
[0.601164] (can_msgs) StdoutLine: {'line': b'-- Up-to-date: /home/altair/Person_Tracking_Roboware/install/can_msgs/include/can_msgs/can_msgs/msg/detail\n'}
[0.601275] (can_msgs) StdoutLine: {'line': b'-- Up-to-date: /home/altair/Person_Tracking_Roboware/install/can_msgs/include/can_msgs/can_msgs/msg/detail/frame__type_support.hpp\n'}
[0.601382] (can_msgs) StdoutLine: {'line': b'-- Up-to-date: /home/altair/Person_Tracking_Roboware/install/can_msgs/include/can_msgs/can_msgs/msg/detail/frame__traits.hpp\n'}
[0.601487] (can_msgs) StdoutLine: {'line': b'-- Up-to-date: /home/altair/Person_Tracking_Roboware/install/can_msgs/include/can_msgs/can_msgs/msg/detail/frame__builder.hpp\n'}
[0.601595] (can_msgs) StdoutLine: {'line': b'-- Up-to-date: /home/altair/Person_Tracking_Roboware/install/can_msgs/include/can_msgs/can_msgs/msg/detail/frame__struct.hpp\n'}
[0.602049] (can_msgs) StdoutLine: {'line': b'-- Up-to-date: /home/altair/Person_Tracking_Roboware/install/can_msgs/include/can_msgs/can_msgs/msg/rosidl_generator_cpp__visibility_control.hpp\n'}
[0.602291] (can_msgs) StdoutLine: {'line': b'-- Up-to-date: /home/altair/Person_Tracking_Roboware/install/can_msgs/include/can_msgs/can_msgs/msg/frame.hpp\n'}
[0.602407] (can_msgs) StdoutLine: {'line': b'-- Up-to-date: /home/altair/Person_Tracking_Roboware/install/can_msgs/include/can_msgs/can_msgs\n'}
[0.602836] (can_msgs) StdoutLine: {'line': b'-- Up-to-date: /home/altair/Person_Tracking_Roboware/install/can_msgs/include/can_msgs/can_msgs/msg\n'}
[0.603109] (can_msgs) StdoutLine: {'line': b'-- Up-to-date: /home/altair/Person_Tracking_Roboware/install/can_msgs/include/can_msgs/can_msgs/msg/rosidl_typesupport_fastrtps_cpp__visibility_control.h\n'}
[0.603270] (can_msgs) StdoutLine: {'line': b'-- Up-to-date: /home/altair/Person_Tracking_Roboware/install/can_msgs/include/can_msgs/can_msgs/msg/detail\n'}
[0.603469] (can_msgs) StdoutLine: {'line': b'-- Up-to-date: /home/altair/Person_Tracking_Roboware/install/can_msgs/include/can_msgs/can_msgs/msg/detail/frame__rosidl_typesupport_fastrtps_cpp.hpp\n'}
[0.603600] (can_msgs) StdoutLine: {'line': b'-- Up-to-date: /home/altair/Person_Tracking_Roboware/install/can_msgs/include/can_msgs/can_msgs/msg/detail/dds_fastrtps\n'}
[0.603820] (can_msgs) StdoutLine: {'line': b'-- Up-to-date: /home/altair/Person_Tracking_Roboware/install/can_msgs/lib/libcan_msgs__rosidl_typesupport_fastrtps_cpp.so\n'}
[0.604193] (can_msgs) StdoutLine: {'line': b'-- Up-to-date: /home/altair/Person_Tracking_Roboware/install/can_msgs/include/can_msgs/can_msgs\n'}
[0.604313] (can_msgs) StdoutLine: {'line': b'-- Up-to-date: /home/altair/Person_Tracking_Roboware/install/can_msgs/include/can_msgs/can_msgs/msg\n'}
[0.606000] (can_msgs) StdoutLine: {'line': b'-- Up-to-date: /home/altair/Person_Tracking_Roboware/install/can_msgs/include/can_msgs/can_msgs/msg/detail\n'}
[0.606315] (can_msgs) StdoutLine: {'line': b'-- Up-to-date: /home/altair/Person_Tracking_Roboware/install/can_msgs/include/can_msgs/can_msgs/msg/detail/frame__rosidl_typesupport_introspection_cpp.hpp\n'}
[0.606435] (can_msgs) StdoutLine: {'line': b'-- Up-to-date: /home/altair/Person_Tracking_Roboware/install/can_msgs/include/can_msgs/can_msgs/msg/detail/frame__type_support.cpp\n'}
[0.606549] (can_msgs) StdoutLine: {'line': b'-- Up-to-date: /home/altair/Person_Tracking_Roboware/install/can_msgs/lib/libcan_msgs__rosidl_typesupport_introspection_cpp.so\n'}
[0.606663] (can_msgs) StdoutLine: {'line': b'-- Up-to-date: /home/altair/Person_Tracking_Roboware/install/can_msgs/lib/libcan_msgs__rosidl_typesupport_cpp.so\n'}
[0.606774] (altair_interfaces) CommandEnded: {'returncode': 0}
[0.607472] (can_msgs) StdoutLine: {'line': b'-- Up-to-date: /home/altair/Person_Tracking_Roboware/install/can_msgs/share/can_msgs/environment/pythonpath.sh\n'}
[0.607619] (can_msgs) StdoutLine: {'line': b'-- Up-to-date: /home/altair/Person_Tracking_Roboware/install/can_msgs/share/can_msgs/environment/pythonpath.dsv\n'}
[0.607749] (can_msgs) StdoutLine: {'line': b'-- Up-to-date: /home/altair/Person_Tracking_Roboware/install/can_msgs/local/lib/python3.10/dist-packages/can_msgs-2.0.0-py3.10.egg-info\n'}
[0.607858] (can_msgs) StdoutLine: {'line': b'-- Installing: /home/altair/Person_Tracking_Roboware/install/can_msgs/local/lib/python3.10/dist-packages/can_msgs-2.0.0-py3.10.egg-info/dependency_links.txt\n'}
[0.607974] (can_msgs) StdoutLine: {'line': b'-- Installing: /home/altair/Person_Tracking_Roboware/install/can_msgs/local/lib/python3.10/dist-packages/can_msgs-2.0.0-py3.10.egg-info/PKG-INFO\n'}
[0.608115] (can_msgs) StdoutLine: {'line': b'-- Installing: /home/altair/Person_Tracking_Roboware/install/can_msgs/local/lib/python3.10/dist-packages/can_msgs-2.0.0-py3.10.egg-info/top_level.txt\n'}
[0.608233] (can_msgs) StdoutLine: {'line': b'-- Installing: /home/altair/Person_Tracking_Roboware/install/can_msgs/local/lib/python3.10/dist-packages/can_msgs-2.0.0-py3.10.egg-info/SOURCES.txt\n'}
[0.608374] (altair_interfaces) JobProgress: {'identifier': 'altair_interfaces', 'progress': 'install'}
[0.608417] (can_msgs) StdoutLine: {'line': b'-- Up-to-date: /home/altair/Person_Tracking_Roboware/install/can_msgs/local/lib/python3.10/dist-packages/can_msgs\n'}
[0.608561] (altair_interfaces) Command: {'cmd': ['/usr/bin/cmake', '--install', '/home/altair/Person_Tracking_Roboware/build/altair_interfaces'], 'cwd': '/home/altair/Person_Tracking_Roboware/build/altair_interfaces', 'env': OrderedDict([('GJS_DEBUG_TOPICS', 'JS ERROR;JS LOG'), ('LESSOPEN', '| /usr/bin/lesspipe %s'), ('LANGUAGE', 'ja:en'), ('USER', 'altair'), ('LC_TIME', 'ja_JP.UTF-8'), ('XDG_SESSION_TYPE', 'wayland'), ('STM32CubeMX_PATH', '/home/altair/STM32CubeMX'), ('SHLVL', '2'), ('LD_LIBRARY_PATH', '/usr/local/lib:/usr/lib/x86_64-linux-gnu/gazebo-11/plugins:/opt/ros/humble/opt/rviz_ogre_vendor/lib:/opt/ros/humble/lib/x86_64-linux-gnu:/opt/ros/humble/lib'), ('HOME', '/home/altair'), ('TERM_PROGRAM_VERSION', '20240203-110809-5046fc22'), ('DESKTOP_SESSION', 'ubuntu'), ('GIO_LAUNCHED_DESKTOP_FILE', '/usr/share/applications/org.wezfurlong.wezterm.desktop'), ('ROS_PYTHON_VERSION', '3'), ('GNOME_SHELL_SESSION_MODE', 'ubuntu'), ('GTK_MODULES', 'gail:atk-bridge'), ('LC_MONETARY', 'ja_JP.UTF-8'), ('MANAGERPID', '1085'), ('SSL_CERT_FILE', '/usr/lib/ssl/certs/ca-certificates.crt'), ('SYSTEMD_EXEC_PID', '1322'), ('DBUS_SESSION_BUS_ADDRESS', 'unix:path=/run/user/1000/bus'), ('COLORTERM', 'truecolor'), ('GIO_LAUNCHED_DESKTOP_FILE_PID', '2439'), ('WEZTERM_EXECUTABLE', '/usr/bin/wezterm-gui'), ('IM_CONFIG_PHASE', '1'), ('WAYLAND_DISPLAY', 'wayland-0'), ('ROS_DISTRO', 'humble'), ('LOGNAME', 'altair'), ('JOURNAL_STREAM', '8:1917'), ('_', '/usr/bin/colcon'), ('ROS_VERSION', '2'), ('XDG_SESSION_CLASS', 'user'), ('USERNAME', 'altair'), ('TERM', 'xterm-256color'), ('GNOME_DESKTOP_SESSION_ID', 'this-is-deprecated'), ('WEZTERM_CONFIG_FILE', '/home/altair/.wezterm.lua'), ('ROS_LOCALHOST_ONLY', '0'), ('WEZTERM_EXECUTABLE_DIR', '/usr/bin'), ('PATH', '/home/altair/.local/bin:/home/altair/spresenseenv/usr/bin:/opt/ros/humble/bin:/home/altair/.local/bin:/home/altair/.local/bin:/home/altair/bin:/usr/local/sbin:/usr/local/bin:/usr/sbin:/usr/bin:/sbin:/bin:/usr/games:/usr/local/games:/snap/bin:/snap/bin:/home/altair/bin:/home/altair/bin'), ('SESSION_MANAGER', 'local/altair-ThinkPad-L380:@/tmp/.ICE-unix/1272,unix/altair-ThinkPad-L380:/tmp/.ICE-unix/1272'), ('INVOCATION_ID', '72e2abd6bbc74719b93804593a356401'), ('PAPERSIZE', 'a4'), ('XDG_MENU_PREFIX', 'gnome-'), ('LC_ADDRESS', 'ja_JP.UTF-8'), ('GNOME_SETUP_DISPLAY', ':1'), ('XDG_RUNTIME_DIR', '/run/user/1000'), ('SSL_CERT_DIR', '/usr/lib/ssl/certs'), ('DISPLAY', ':0'), ('LANG', 'ja_JP.UTF-8'), ('XDG_CURRENT_DESKTOP', 'ubuntu:GNOME'), ('LC_TELEPHONE', 'ja_JP.UTF-8'), ('XMODIFIERS', '@im=ibus'), ('XDG_SESSION_DESKTOP', 'ubuntu'), ('XAUTHORITY', '/run/user/1000/.mutter-Xwaylandauth.YPJIT3'), ('LS_COLORS', 'rs=0:di=01;34:ln=01;36:mh=00:pi=40;33:so=01;35:do=01;35:bd=40;33;01:cd=40;33;01:or=40;31;01:mi=00:su=37;41:sg=30;43:ca=30;41:tw=30;42:ow=34;42:st=37;44:ex=01;32:*.tar=01;31:*.tgz=01;31:*.arc=01;31:*.arj=01;31:*.taz=01;31:*.lha=01;31:*.lz4=01;31:*.lzh=01;31:*.lzma=01;31:*.tlz=01;31:*.txz=01;31:*.tzo=01;31:*.t7z=01;31:*.zip=01;31:*.z=01;31:*.dz=01;31:*.gz=01;31:*.lrz=01;31:*.lz=01;31:*.lzo=01;31:*.xz=01;31:*.zst=01;31:*.tzst=01;31:*.bz2=01;31:*.bz=01;31:*.tbz=01;31:*.tbz2=01;31:*.tz=01;31:*.deb=01;31:*.rpm=01;31:*.jar=01;31:*.war=01;31:*.ear=01;31:*.sar=01;31:*.rar=01;31:*.alz=01;31:*.ace=01;31:*.zoo=01;31:*.cpio=01;31:*.7z=01;31:*.rz=01;31:*.cab=01;31:*.wim=01;31:*.swm=01;31:*.dwm=01;31:*.esd=01;31:*.jpg=01;35:*.jpeg=01;35:*.mjpg=01;35:*.mjpeg=01;35:*.gif=01;35:*.bmp=01;35:*.pbm=01;35:*.pgm=01;35:*.ppm=01;35:*.tga=01;35:*.xbm=01;35:*.xpm=01;35:*.tif=01;35:*.tiff=01;35:*.png=01;35:*.svg=01;35:*.svgz=01;35:*.mng=01;35:*.pcx=01;35:*.mov=01;35:*.mpg=01;35:*.mpeg=01;35:*.m2v=01;35:*.mkv=01;35:*.webm=01;35:*.webp=01;35:*.ogm=01;35:*.mp4=01;35:*.m4v=01;35:*.mp4v=01;35:*.vob=01;35:*.qt=01;35:*.nuv=01;35:*.wmv=01;35:*.asf=01;35:*.rm=01;35:*.rmvb=01;35:*.flc=01;35:*.avi=01;35:*.fli=01;35:*.flv=01;35:*.gl=01;35:*.dl=01;35:*.xcf=01;35:*.xwd=01;35:*.yuv=01;35:*.cgm=01;35:*.emf=01;35:*.ogv=01;35:*.ogx=01;35:*.aac=00;36:*.au=00;36:*.flac=00;36:*.m4a=00;36:*.mid=00;36:*.midi=00;36:*.mka=00;36:*.mp3=00;36:*.mpc=00;36:*.ogg=00;36:*.ra=00;36:*.wav=00;36:*.oga=00;36:*.opus=00;36:*.spx=00;36:*.xspf=00;36:'), ('TERM_PROGRAM', 'WezTerm'), ('SSH_AGENT_LAUNCHER', 'gnome-keyring'), ('SSH_AUTH_SOCK', '/run/user/1000/keyring/ssh'), ('ROS_DOMAIN_ID', '0'), ('AMENT_PREFIX_PATH', '/opt/ros/humble'), ('SHELL', '/bin/bash'), ('LC_NAME', 'ja_JP.UTF-8'), ('QT_ACCESSIBILITY', '1'), ('GDMSESSION', 'ubuntu'), ('LESSCLOSE', '/usr/bin/lesspipe %s %s'), ('LC_MEASUREMENT', 'ja_JP.UTF-8'), ('GJS_DEBUG_OUTPUT', 'stderr'), ('LC_IDENTIFICATION', 'ja_JP.UTF-8'), ('WEZTERM_CONFIG_DIR', '/home/altair'), ('QT_IM_MODULE', 'ibus'), ('PWD', '/home/altair/Person_Tracking_Roboware/build/altair_interfaces'), ('LC_ALL', 'en_US.UTF-8'), ('XDG_CONFIG_DIRS', '/etc/xdg/xdg-ubuntu:/etc/xdg'), ('XDG_DATA_DIRS', '/usr/share/ubuntu:/usr/local/share/:/usr/share/:/var/lib/snapd/desktop'), ('WEZTERM_UNIX_SOCKET', '/run/user/1000/wezterm/gui-sock-2439'), ('PYTHONPATH', '/opt/ros/humble/lib/python3.10/site-packages:/opt/ros/humble/local/lib/python3.10/dist-packages'), ('LC_NUMERIC', 'ja_JP.UTF-8'), ('LC_PAPER', 'ja_JP.UTF-8'), ('WEZTERM_PANE', '2'), ('COLCON', '1'), ('CMAKE_PREFIX_PATH', '/opt/ros/humble')]), 'shell': False}
[0.609244] (can_msgs) StdoutLine: {'line': b'-- Up-to-date: /home/altair/Person_Tracking_Roboware/install/can_msgs/local/lib/python3.10/dist-packages/can_msgs/can_msgs_s__rosidl_typesupport_c.cpython-310-x86_64-linux-gnu.so\n'}
[0.609386] (can_msgs) StdoutLine: {'line': b'-- Up-to-date: /home/altair/Person_Tracking_Roboware/install/can_msgs/local/lib/python3.10/dist-packages/can_msgs/_can_msgs_s.ep.rosidl_typesupport_fastrtps_c.c\n'}
[0.609504] (can_msgs) StdoutLine: {'line': b'-- Up-to-date: /home/altair/Person_Tracking_Roboware/install/can_msgs/local/lib/python3.10/dist-packages/can_msgs/msg\n'}
[0.609617] (can_msgs) StdoutLine: {'line': b'-- Up-to-date: /home/altair/Person_Tracking_Roboware/install/can_msgs/local/lib/python3.10/dist-packages/can_msgs/msg/_frame_s.c\n'}
[0.609747] (can_msgs) StdoutLine: {'line': b'-- Up-to-date: /home/altair/Person_Tracking_Roboware/install/can_msgs/local/lib/python3.10/dist-packages/can_msgs/msg/_frame.py\n'}
[0.609862] (can_msgs) StdoutLine: {'line': b'-- Up-to-date: /home/altair/Person_Tracking_Roboware/install/can_msgs/local/lib/python3.10/dist-packages/can_msgs/msg/__init__.py\n'}
[0.609972] (can_msgs) StdoutLine: {'line': b'-- Up-to-date: /home/altair/Person_Tracking_Roboware/install/can_msgs/local/lib/python3.10/dist-packages/can_msgs/__init__.py\n'}
[0.610082] (can_msgs) StdoutLine: {'line': b'-- Up-to-date: /home/altair/Person_Tracking_Roboware/install/can_msgs/local/lib/python3.10/dist-packages/can_msgs/can_msgs_s__rosidl_typesupport_introspection_c.cpython-310-x86_64-linux-gnu.so\n'}
[0.610192] (can_msgs) StdoutLine: {'line': b'-- Up-to-date: /home/altair/Person_Tracking_Roboware/install/can_msgs/local/lib/python3.10/dist-packages/can_msgs/libcan_msgs__rosidl_generator_py.so\n'}
[0.610300] (can_msgs) StdoutLine: {'line': b'-- Up-to-date: /home/altair/Person_Tracking_Roboware/install/can_msgs/local/lib/python3.10/dist-packages/can_msgs/_can_msgs_s.ep.rosidl_typesupport_introspection_c.c\n'}
[0.610412] (can_msgs) StdoutLine: {'line': b'-- Up-to-date: /home/altair/Person_Tracking_Roboware/install/can_msgs/local/lib/python3.10/dist-packages/can_msgs/_can_msgs_s.ep.rosidl_typesupport_c.c\n'}
[0.610521] (can_msgs) StdoutLine: {'line': b'-- Up-to-date: /home/altair/Person_Tracking_Roboware/install/can_msgs/local/lib/python3.10/dist-packages/can_msgs/can_msgs_s__rosidl_typesupport_fastrtps_c.cpython-310-x86_64-linux-gnu.so\n'}
[0.610733] (altair_interfaces) StdoutLine: {'line': b'-- Install configuration: ""\n'}
[0.610909] (altair_interfaces) StdoutLine: {'line': b'-- Up-to-date: /home/altair/Person_Tracking_Roboware/install/altair_interfaces/share/ament_index/resource_index/rosidl_interfaces/altair_interfaces\n'}
[0.611111] (altair_interfaces) StdoutLine: {'line': b'-- Up-to-date: /home/altair/Person_Tracking_Roboware/install/altair_interfaces/include/altair_interfaces/altair_interfaces\n'}
[0.611321] (altair_interfaces) StdoutLine: {'line': b'-- Up-to-date: /home/altair/Person_Tracking_Roboware/install/altair_interfaces/include/altair_interfaces/altair_interfaces/msg\n'}
[0.611548] (altair_interfaces) StdoutLine: {'line': b'-- Up-to-date: /home/altair/Person_Tracking_Roboware/install/altair_interfaces/include/altair_interfaces/altair_interfaces/msg/mdd_command.h\n'}
[0.611761] (altair_interfaces) StdoutLine: {'line': b'-- Up-to-date: /home/altair/Person_Tracking_Roboware/install/altair_interfaces/include/altair_interfaces/altair_interfaces/msg/rosidl_generator_c__visibility_control.h\n'}
[0.611953] (altair_interfaces) StdoutLine: {'line': b'-- Up-to-date: /home/altair/Person_Tracking_Roboware/install/altair_interfaces/include/altair_interfaces/altair_interfaces/msg/detail\n'}
[0.612150] (altair_interfaces) StdoutLine: {'line': b'-- Up-to-date: /home/altair/Person_Tracking_Roboware/install/altair_interfaces/include/altair_interfaces/altair_interfaces/msg/detail/mdd_feedback__struct.h\n'}
[0.612339] (altair_interfaces) StdoutLine: {'line': b'-- Up-to-date: /home/altair/Person_Tracking_Roboware/install/altair_interfaces/include/altair_interfaces/altair_interfaces/msg/detail/mdd_command__struct.h\n'}
[0.612532] (altair_interfaces) StdoutLine: {'line': b'-- Up-to-date: /home/altair/Person_Tracking_Roboware/install/altair_interfaces/include/altair_interfaces/altair_interfaces/msg/detail/can_status__struct.h\n'}
[0.612737] (altair_interfaces) StdoutLine: {'line': b'-- Up-to-date: /home/altair/Person_Tracking_Roboware/install/altair_interfaces/include/altair_interfaces/altair_interfaces/msg/detail/mdd_feedback__type_support.h\n'}
[0.612962] (altair_interfaces) StdoutLine: {'line': b'-- Up-to-date: /home/altair/Person_Tracking_Roboware/install/altair_interfaces/include/altair_interfaces/altair_interfaces/msg/detail/servo_command__functions.h\n'}
[0.613117] (altair_interfaces) StdoutLine: {'line': b'-- Up-to-date: /home/altair/Person_Tracking_Roboware/install/altair_interfaces/include/altair_interfaces/altair_interfaces/msg/detail/solenoid_command__functions.h\n'}
[0.613279] (altair_interfaces) StdoutLine: {'line': b'-- Up-to-date: /home/altair/Person_Tracking_Roboware/install/altair_interfaces/include/altair_interfaces/altair_interfaces/msg/detail/mdd_command__type_support.h\n'}
[0.613441] (altair_interfaces) StdoutLine: {'line': b'-- Up-to-date: /home/altair/Person_Tracking_Roboware/install/altair_interfaces/include/altair_interfaces/altair_interfaces/msg/detail/servo_command__struct.h\n'}
[0.613594] (altair_interfaces) StdoutLine: {'line': b'-- Up-to-date: /home/altair/Person_Tracking_Roboware/install/altair_interfaces/include/altair_interfaces/altair_interfaces/msg/detail/solenoid_command__type_support.h\n'}
[0.613781] (altair_interfaces) StdoutLine: {'line': b'-- Up-to-date: /home/altair/Person_Tracking_Roboware/install/altair_interfaces/include/altair_interfaces/altair_interfaces/msg/detail/mdd_feedback__functions.c\n'}
[0.613910] (altair_interfaces) StdoutLine: {'line': b'-- Up-to-date: /home/altair/Person_Tracking_Roboware/install/altair_interfaces/include/altair_interfaces/altair_interfaces/msg/detail/solenoid_command__struct.h\n'}
[0.614143] (altair_interfaces) StdoutLine: {'line': b'-- Up-to-date: /home/altair/Person_Tracking_Roboware/install/altair_interfaces/include/altair_interfaces/altair_interfaces/msg/detail/can_status__functions.c\n'}
[0.614344] (altair_interfaces) StdoutLine: {'line': b'-- Up-to-date: /home/altair/Person_Tracking_Roboware/install/altair_interfaces/include/altair_interfaces/altair_interfaces/msg/detail/servo_command__type_support.h\n'}
[0.614557] (altair_interfaces) StdoutLine: {'line': b'-- Up-to-date: /home/altair/Person_Tracking_Roboware/install/altair_interfaces/include/altair_interfaces/altair_interfaces/msg/detail/mdd_command__functions.c\n'}
[0.614731] (altair_interfaces) StdoutLine: {'line': b'-- Up-to-date: /home/altair/Person_Tracking_Roboware/install/altair_interfaces/include/altair_interfaces/altair_interfaces/msg/detail/mdd_command__functions.h\n'}
[0.614891] (altair_interfaces) StdoutLine: {'line': b'-- Up-to-date: /home/altair/Person_Tracking_Roboware/install/altair_interfaces/include/altair_interfaces/altair_interfaces/msg/detail/can_status__functions.h\n'}
[0.615055] (altair_interfaces) StdoutLine: {'line': b'-- Up-to-date: /home/altair/Person_Tracking_Roboware/install/altair_interfaces/include/altair_interfaces/altair_interfaces/msg/detail/servo_command__functions.c\n'}
[0.615221] (altair_interfaces) StdoutLine: {'line': b'-- Up-to-date: /home/altair/Person_Tracking_Roboware/install/altair_interfaces/include/altair_interfaces/altair_interfaces/msg/detail/solenoid_command__functions.c\n'}
[0.615383] (altair_interfaces) StdoutLine: {'line': b'-- Up-to-date: /home/altair/Person_Tracking_Roboware/install/altair_interfaces/include/altair_interfaces/altair_interfaces/msg/detail/can_status__type_support.h\n'}
[0.615608] (altair_interfaces) StdoutLine: {'line': b'-- Up-to-date: /home/altair/Person_Tracking_Roboware/install/altair_interfaces/include/altair_interfaces/altair_interfaces/msg/detail/mdd_feedback__functions.h\n'}
[0.615842] (altair_interfaces) StdoutLine: {'line': b'-- Up-to-date: /home/altair/Person_Tracking_Roboware/install/altair_interfaces/include/altair_interfaces/altair_interfaces/msg/servo_command.h\n'}
[0.616049] (altair_interfaces) StdoutLine: {'line': b'-- Up-to-date: /home/altair/Person_Tracking_Roboware/install/altair_interfaces/include/altair_interfaces/altair_interfaces/msg/solenoid_command.h\n'}
[0.616241] (altair_interfaces) StdoutLine: {'line': b'-- Up-to-date: /home/altair/Person_Tracking_Roboware/install/altair_interfaces/include/altair_interfaces/altair_interfaces/msg/mdd_feedback.h\n'}
[0.616406] (altair_interfaces) StdoutLine: {'line': b'-- Up-to-date: /home/altair/Person_Tracking_Roboware/install/altair_interfaces/include/altair_interfaces/altair_interfaces/msg/can_status.h\n'}
[0.616563] (altair_interfaces) StdoutLine: {'line': b'-- Up-to-date: /home/altair/Person_Tracking_Roboware/install/altair_interfaces/include/altair_interfaces/altair_interfaces/srv\n'}
[0.616745] (altair_interfaces) StdoutLine: {'line': b'-- Up-to-date: /home/altair/Person_Tracking_Roboware/install/altair_interfaces/include/altair_interfaces/altair_interfaces/srv/detail\n'}
[0.616896] (altair_interfaces) StdoutLine: {'line': b'-- Up-to-date: /home/altair/Person_Tracking_Roboware/install/altair_interfaces/include/altair_interfaces/altair_interfaces/srv/detail/start_behavior__functions.h\n'}
[0.617053] (altair_interfaces) StdoutLine: {'line': b'-- Up-to-date: /home/altair/Person_Tracking_Roboware/install/altair_interfaces/include/altair_interfaces/altair_interfaces/srv/detail/get_available_ports__type_support.h\n'}
[0.617200] (altair_interfaces) StdoutLine: {'line': b'-- Up-to-date: /home/altair/Person_Tracking_Roboware/install/altair_interfaces/include/altair_interfaces/altair_interfaces/srv/detail/get_available_ports__functions.c\n'}
[0.617357] (altair_interfaces) StdoutLine: {'line': b'-- Up-to-date: /home/altair/Person_Tracking_Roboware/install/altair_interfaces/include/altair_interfaces/altair_interfaces/srv/detail/trigger_control__functions.c\n'}
[0.617490] (altair_interfaces) StdoutLine: {'line': b'-- Up-to-date: /home/altair/Person_Tracking_Roboware/install/altair_interfaces/include/altair_interfaces/altair_interfaces/srv/detail/trigger_control__struct.h\n'}
[0.617720] (altair_interfaces) StdoutLine: {'line': b'-- Up-to-date: /home/altair/Person_Tracking_Roboware/install/altair_interfaces/include/altair_interfaces/altair_interfaces/srv/detail/get_available_ports__functions.h\n'}
[0.617957] (altair_interfaces) StdoutLine: {'line': b'-- Up-to-date: /home/altair/Person_Tracking_Roboware/install/altair_interfaces/include/altair_interfaces/altair_interfaces/srv/detail/trigger_control__functions.h\n'}
[0.618201] (altair_interfaces) StdoutLine: {'line': b'-- Up-to-date: /home/altair/Person_Tracking_Roboware/install/altair_interfaces/include/altair_interfaces/altair_interfaces/srv/detail/start_behavior__struct.h\n'}
[0.618447] (altair_interfaces) StdoutLine: {'line': b'-- Up-to-date: /home/altair/Person_Tracking_Roboware/install/altair_interfaces/include/altair_interfaces/altair_interfaces/srv/detail/start_behavior__functions.c\n'}
[0.618697] (altair_interfaces) StdoutLine: {'line': b'-- Up-to-date: /home/altair/Person_Tracking_Roboware/install/altair_interfaces/include/altair_interfaces/altair_interfaces/srv/detail/trigger_control__type_support.h\n'}
[0.618926] (altair_interfaces) StdoutLine: {'line': b'-- Up-to-date: /home/altair/Person_Tracking_Roboware/install/altair_interfaces/include/altair_interfaces/altair_interfaces/srv/detail/connect_can__struct.h\n'}
[0.619175] (altair_interfaces) StdoutLine: {'line': b'-- Up-to-date: /home/altair/Person_Tracking_Roboware/install/altair_interfaces/include/altair_interfaces/altair_interfaces/srv/detail/connect_can__functions.h\n'}
[0.619409] (altair_interfaces) StdoutLine: {'line': b'-- Up-to-date: /home/altair/Person_Tracking_Roboware/install/altair_interfaces/include/altair_interfaces/altair_interfaces/srv/detail/start_behavior__type_support.h\n'}
[0.619587] (altair_interfaces) StdoutLine: {'line': b'-- Up-to-date: /home/altair/Person_Tracking_Roboware/install/altair_interfaces/include/altair_interfaces/altair_interfaces/srv/detail/connect_can__type_support.h\n'}
[0.619815] (altair_interfaces) StdoutLine: {'line': b'-- Up-to-date: /home/altair/Person_Tracking_Roboware/install/altair_interfaces/include/altair_interfaces/altair_interfaces/srv/detail/connect_can__functions.c\n'}
[0.620053] (altair_interfaces) StdoutLine: {'line': b'-- Up-to-date: /home/altair/Person_Tracking_Roboware/install/altair_interfaces/include/altair_interfaces/altair_interfaces/srv/detail/get_available_ports__struct.h\n'}
[0.620251] (altair_interfaces) StdoutLine: {'line': b'-- Up-to-date: /home/altair/Person_Tracking_Roboware/install/altair_interfaces/include/altair_interfaces/altair_interfaces/srv/trigger_control.h\n'}
[0.620451] (altair_interfaces) StdoutLine: {'line': b'-- Up-to-date: /home/altair/Person_Tracking_Roboware/install/altair_interfaces/include/altair_interfaces/altair_interfaces/srv/connect_can.h\n'}
[0.620618] (altair_interfaces) StdoutLine: {'line': b'-- Up-to-date: /home/altair/Person_Tracking_Roboware/install/altair_interfaces/include/altair_interfaces/altair_interfaces/srv/start_behavior.h\n'}
[0.620794] (altair_interfaces) StdoutLine: {'line': b'-- Up-to-date: /home/altair/Person_Tracking_Roboware/install/altair_interfaces/include/altair_interfaces/altair_interfaces/srv/get_available_ports.h\n'}
[0.620961] (altair_interfaces) StdoutLine: {'line': b'-- Up-to-date: /home/altair/Person_Tracking_Roboware/install/altair_interfaces/share/altair_interfaces/environment/library_path.sh\n'}
[0.621089] (altair_interfaces) StdoutLine: {'line': b'-- Up-to-date: /home/altair/Person_Tracking_Roboware/install/altair_interfaces/share/altair_interfaces/environment/library_path.dsv\n'}
[0.621316] (altair_interfaces) StdoutLine: {'line': b'-- Up-to-date: /home/altair/Person_Tracking_Roboware/install/altair_interfaces/lib/libaltair_interfaces__rosidl_generator_c.so\n'}
[0.621567] (altair_interfaces) StdoutLine: {'line': b'-- Up-to-date: /home/altair/Person_Tracking_Roboware/install/altair_interfaces/include/altair_interfaces/altair_interfaces\n'}
[0.621814] (altair_interfaces) StdoutLine: {'line': b'-- Up-to-date: /home/altair/Person_Tracking_Roboware/install/altair_interfaces/include/altair_interfaces/altair_interfaces/msg\n'}
[0.621967] (altair_interfaces) StdoutLine: {'line': b'-- Up-to-date: /home/altair/Person_Tracking_Roboware/install/altair_interfaces/include/altair_interfaces/altair_interfaces/msg/rosidl_typesupport_fastrtps_c__visibility_control.h\n'}
[0.622084] (altair_interfaces) StdoutLine: {'line': b'-- Up-to-date: /home/altair/Person_Tracking_Roboware/install/altair_interfaces/include/altair_interfaces/altair_interfaces/msg/detail\n'}
[0.622217] (altair_interfaces) StdoutLine: {'line': b'-- Up-to-date: /home/altair/Person_Tracking_Roboware/install/altair_interfaces/include/altair_interfaces/altair_interfaces/msg/detail/can_status__rosidl_typesupport_fastrtps_c.h\n'}
[0.622328] (altair_interfaces) StdoutLine: {'line': b'-- Up-to-date: /home/altair/Person_Tracking_Roboware/install/altair_interfaces/include/altair_interfaces/altair_interfaces/msg/detail/servo_command__rosidl_typesupport_fastrtps_c.h\n'}
[0.622437] (altair_interfaces) StdoutLine: {'line': b'-- Up-to-date: /home/altair/Person_Tracking_Roboware/install/altair_interfaces/include/altair_interfaces/altair_interfaces/msg/detail/mdd_feedback__rosidl_typesupport_fastrtps_c.h\n'}
[0.622582] (altair_interfaces) StdoutLine: {'line': b'-- Up-to-date: /home/altair/Person_Tracking_Roboware/install/altair_interfaces/include/altair_interfaces/altair_interfaces/msg/detail/solenoid_command__rosidl_typesupport_fastrtps_c.h\n'}
[0.622708] (altair_interfaces) StdoutLine: {'line': b'-- Up-to-date: /home/altair/Person_Tracking_Roboware/install/altair_interfaces/include/altair_interfaces/altair_interfaces/msg/detail/mdd_command__rosidl_typesupport_fastrtps_c.h\n'}
[0.622793] (altair_interfaces) StdoutLine: {'line': b'-- Up-to-date: /home/altair/Person_Tracking_Roboware/install/altair_interfaces/include/altair_interfaces/altair_interfaces/srv\n'}
[0.622900] (altair_interfaces) StdoutLine: {'line': b'-- Up-to-date: /home/altair/Person_Tracking_Roboware/install/altair_interfaces/include/altair_interfaces/altair_interfaces/srv/detail\n'}
[0.623024] (altair_interfaces) StdoutLine: {'line': b'-- Up-to-date: /home/altair/Person_Tracking_Roboware/install/altair_interfaces/include/altair_interfaces/altair_interfaces/srv/detail/trigger_control__rosidl_typesupport_fastrtps_c.h\n'}
[0.623134] (altair_interfaces) StdoutLine: {'line': b'-- Up-to-date: /home/altair/Person_Tracking_Roboware/install/altair_interfaces/include/altair_interfaces/altair_interfaces/srv/detail/connect_can__rosidl_typesupport_fastrtps_c.h\n'}
[0.623272] (altair_interfaces) StdoutLine: {'line': b'-- Up-to-date: /home/altair/Person_Tracking_Roboware/install/altair_interfaces/include/altair_interfaces/altair_interfaces/srv/detail/get_available_ports__rosidl_typesupport_fastrtps_c.h\n'}
[0.623434] (altair_interfaces) StdoutLine: {'line': b'-- Up-to-date: /home/altair/Person_Tracking_Roboware/install/altair_interfaces/include/altair_interfaces/altair_interfaces/srv/detail/start_behavior__rosidl_typesupport_fastrtps_c.h\n'}
[0.623617] (altair_interfaces) StdoutLine: {'line': b'-- Up-to-date: /home/altair/Person_Tracking_Roboware/install/altair_interfaces/lib/libaltair_interfaces__rosidl_typesupport_fastrtps_c.so\n'}
[0.623828] (altair_interfaces) StdoutLine: {'line': b'-- Up-to-date: /home/altair/Person_Tracking_Roboware/install/altair_interfaces/include/altair_interfaces/altair_interfaces\n'}
[0.624022] (altair_interfaces) StdoutLine: {'line': b'-- Up-to-date: /home/altair/Person_Tracking_Roboware/install/altair_interfaces/include/altair_interfaces/altair_interfaces/msg\n'}
[0.624236] (altair_interfaces) StdoutLine: {'line': b'-- Up-to-date: /home/altair/Person_Tracking_Roboware/install/altair_interfaces/include/altair_interfaces/altair_interfaces/msg/detail\n'}
[0.624466] (altair_interfaces) StdoutLine: {'line': b'-- Up-to-date: /home/altair/Person_Tracking_Roboware/install/altair_interfaces/include/altair_interfaces/altair_interfaces/msg/detail/can_status__rosidl_typesupport_introspection_c.h\n'}
[0.624596] (altair_interfaces) StdoutLine: {'line': b'-- Up-to-date: /home/altair/Person_Tracking_Roboware/install/altair_interfaces/include/altair_interfaces/altair_interfaces/msg/detail/solenoid_command__type_support.c\n'}
[0.624738] (altair_interfaces) StdoutLine: {'line': b'-- Up-to-date: /home/altair/Person_Tracking_Roboware/install/altair_interfaces/include/altair_interfaces/altair_interfaces/msg/detail/mdd_feedback__rosidl_typesupport_introspection_c.h\n'}
[0.624870] (altair_interfaces) StdoutLine: {'line': b'-- Up-to-date: /home/altair/Person_Tracking_Roboware/install/altair_interfaces/include/altair_interfaces/altair_interfaces/msg/detail/mdd_command__rosidl_typesupport_introspection_c.h\n'}
[0.625051] (altair_interfaces) StdoutLine: {'line': b'-- Up-to-date: /home/altair/Person_Tracking_Roboware/install/altair_interfaces/include/altair_interfaces/altair_interfaces/msg/detail/servo_command__rosidl_typesupport_introspection_c.h\n'}
[0.625165] (altair_interfaces) StdoutLine: {'line': b'-- Up-to-date: /home/altair/Person_Tracking_Roboware/install/altair_interfaces/include/altair_interfaces/altair_interfaces/msg/detail/mdd_feedback__type_support.c\n'}
[0.625292] (altair_interfaces) StdoutLine: {'line': b'-- Up-to-date: /home/altair/Person_Tracking_Roboware/install/altair_interfaces/include/altair_interfaces/altair_interfaces/msg/detail/solenoid_command__rosidl_typesupport_introspection_c.h\n'}
[0.625395] (altair_interfaces) StdoutLine: {'line': b'-- Up-to-date: /home/altair/Person_Tracking_Roboware/install/altair_interfaces/include/altair_interfaces/altair_interfaces/msg/detail/servo_command__type_support.c\n'}
[0.625516] (altair_interfaces) StdoutLine: {'line': b'-- Up-to-date: /home/altair/Person_Tracking_Roboware/install/altair_interfaces/include/altair_interfaces/altair_interfaces/msg/detail/mdd_command__type_support.c\n'}
[0.625619] (altair_interfaces) StdoutLine: {'line': b'-- Up-to-date: /home/altair/Person_Tracking_Roboware/install/altair_interfaces/include/altair_interfaces/altair_interfaces/msg/detail/can_status__type_support.c\n'}
[0.625774] (altair_interfaces) StdoutLine: {'line': b'-- Up-to-date: /home/altair/Person_Tracking_Roboware/install/altair_interfaces/include/altair_interfaces/altair_interfaces/msg/rosidl_typesupport_introspection_c__visibility_control.h\n'}
[0.625935] (altair_interfaces) StdoutLine: {'line': b'-- Up-to-date: /home/altair/Person_Tracking_Roboware/install/altair_interfaces/include/altair_interfaces/altair_interfaces/srv\n'}
[0.626084] (altair_interfaces) StdoutLine: {'line': b'-- Up-to-date: /home/altair/Person_Tracking_Roboware/install/altair_interfaces/include/altair_interfaces/altair_interfaces/srv/detail\n'}
[0.626204] (altair_interfaces) StdoutLine: {'line': b'-- Up-to-date: /home/altair/Person_Tracking_Roboware/install/altair_interfaces/include/altair_interfaces/altair_interfaces/srv/detail/trigger_control__rosidl_typesupport_introspection_c.h\n'}
[0.626342] (altair_interfaces) StdoutLine: {'line': b'-- Up-to-date: /home/altair/Person_Tracking_Roboware/install/altair_interfaces/include/altair_interfaces/altair_interfaces/srv/detail/trigger_control__type_support.c\n'}
[0.626503] (altair_interfaces) StdoutLine: {'line': b'-- Up-to-date: /home/altair/Person_Tracking_Roboware/install/altair_interfaces/include/altair_interfaces/altair_interfaces/srv/detail/start_behavior__rosidl_typesupport_introspection_c.h\n'}
[0.626622] (altair_interfaces) StdoutLine: {'line': b'-- Up-to-date: /home/altair/Person_Tracking_Roboware/install/altair_interfaces/include/altair_interfaces/altair_interfaces/srv/detail/connect_can__rosidl_typesupport_introspection_c.h\n'}
[0.626749] (altair_interfaces) StdoutLine: {'line': b'-- Up-to-date: /home/altair/Person_Tracking_Roboware/install/altair_interfaces/include/altair_interfaces/altair_interfaces/srv/detail/connect_can__type_support.c\n'}
[0.626863] (altair_interfaces) StdoutLine: {'line': b'-- Up-to-date: /home/altair/Person_Tracking_Roboware/install/altair_interfaces/include/altair_interfaces/altair_interfaces/srv/detail/get_available_ports__rosidl_typesupport_introspection_c.h\n'}
[0.626976] (altair_interfaces) StdoutLine: {'line': b'-- Up-to-date: /home/altair/Person_Tracking_Roboware/install/altair_interfaces/include/altair_interfaces/altair_interfaces/srv/detail/get_available_ports__type_support.c\n'}
[0.627086] (altair_interfaces) StdoutLine: {'line': b'-- Up-to-date: /home/altair/Person_Tracking_Roboware/install/altair_interfaces/include/altair_interfaces/altair_interfaces/srv/detail/start_behavior__type_support.c\n'}
[0.627211] (altair_interfaces) StdoutLine: {'line': b'-- Up-to-date: /home/altair/Person_Tracking_Roboware/install/altair_interfaces/lib/libaltair_interfaces__rosidl_typesupport_introspection_c.so\n'}
[0.627321] (altair_interfaces) StdoutLine: {'line': b'-- Up-to-date: /home/altair/Person_Tracking_Roboware/install/altair_interfaces/lib/libaltair_interfaces__rosidl_typesupport_c.so\n'}
[0.627432] (altair_interfaces) StdoutLine: {'line': b'-- Up-to-date: /home/altair/Person_Tracking_Roboware/install/altair_interfaces/include/altair_interfaces/altair_interfaces\n'}
[0.627541] (altair_interfaces) StdoutLine: {'line': b'-- Up-to-date: /home/altair/Person_Tracking_Roboware/install/altair_interfaces/include/altair_interfaces/altair_interfaces/msg\n'}
[0.627669] (altair_interfaces) StdoutLine: {'line': b'-- Up-to-date: /home/altair/Person_Tracking_Roboware/install/altair_interfaces/include/altair_interfaces/altair_interfaces/msg/servo_command.hpp\n'}
[0.627785] (altair_interfaces) StdoutLine: {'line': b'-- Up-to-date: /home/altair/Person_Tracking_Roboware/install/altair_interfaces/include/altair_interfaces/altair_interfaces/msg/can_status.hpp\n'}
[0.627895] (altair_interfaces) StdoutLine: {'line': b'-- Up-to-date: /home/altair/Person_Tracking_Roboware/install/altair_interfaces/include/altair_interfaces/altair_interfaces/msg/detail\n'}
[0.628004] (altair_interfaces) StdoutLine: {'line': b'-- Up-to-date: /home/altair/Person_Tracking_Roboware/install/altair_interfaces/include/altair_interfaces/altair_interfaces/msg/detail/mdd_command__builder.hpp\n'}
[0.628109] (altair_interfaces) StdoutLine: {'line': b'-- Up-to-date: /home/altair/Person_Tracking_Roboware/install/altair_interfaces/include/altair_interfaces/altair_interfaces/msg/detail/can_status__builder.hpp\n'}
[0.628216] (altair_interfaces) StdoutLine: {'line': b'-- Up-to-date: /home/altair/Person_Tracking_Roboware/install/altair_interfaces/include/altair_interfaces/altair_interfaces/msg/detail/solenoid_command__struct.hpp\n'}
[0.628323] (altair_interfaces) StdoutLine: {'line': b'-- Up-to-date: /home/altair/Person_Tracking_Roboware/install/altair_interfaces/include/altair_interfaces/altair_interfaces/msg/detail/solenoid_command__traits.hpp\n'}
[0.628434] (altair_interfaces) StdoutLine: {'line': b'-- Up-to-date: /home/altair/Person_Tracking_Roboware/install/altair_interfaces/include/altair_interfaces/altair_interfaces/msg/detail/can_status__type_support.hpp\n'}
[0.628545] (altair_interfaces) StdoutLine: {'line': b'-- Up-to-date: /home/altair/Person_Tracking_Roboware/install/altair_interfaces/include/altair_interfaces/altair_interfaces/msg/detail/mdd_command__type_support.hpp\n'}
[0.628656] (altair_interfaces) StdoutLine: {'line': b'-- Up-to-date: /home/altair/Person_Tracking_Roboware/install/altair_interfaces/include/altair_interfaces/altair_interfaces/msg/detail/solenoid_command__type_support.hpp\n'}
[0.628772] (altair_interfaces) StdoutLine: {'line': b'-- Up-to-date: /home/altair/Person_Tracking_Roboware/install/altair_interfaces/include/altair_interfaces/altair_interfaces/msg/detail/servo_command__struct.hpp\n'}
[0.628894] (altair_interfaces) StdoutLine: {'line': b'-- Up-to-date: /home/altair/Person_Tracking_Roboware/install/altair_interfaces/include/altair_interfaces/altair_interfaces/msg/detail/mdd_feedback__struct.hpp\n'}
[0.629003] (altair_interfaces) StdoutLine: {'line': b'-- Up-to-date: /home/altair/Person_Tracking_Roboware/install/altair_interfaces/include/altair_interfaces/altair_interfaces/msg/detail/servo_command__traits.hpp\n'}
[0.629114] (altair_interfaces) StdoutLine: {'line': b'-- Up-to-date: /home/altair/Person_Tracking_Roboware/install/altair_interfaces/include/altair_interfaces/altair_interfaces/msg/detail/solenoid_command__builder.hpp\n'}
[0.629224] (altair_interfaces) StdoutLine: {'line': b'-- Up-to-date: /home/altair/Person_Tracking_Roboware/install/altair_interfaces/include/altair_interfaces/altair_interfaces/msg/detail/mdd_command__traits.hpp\n'}
[0.629334] (altair_interfaces) StdoutLine: {'line': b'-- Up-to-date: /home/altair/Person_Tracking_Roboware/install/altair_interfaces/include/altair_interfaces/altair_interfaces/msg/detail/can_status__traits.hpp\n'}
[0.629443] (altair_interfaces) StdoutLine: {'line': b'-- Up-to-date: /home/altair/Person_Tracking_Roboware/install/altair_interfaces/include/altair_interfaces/altair_interfaces/msg/detail/mdd_feedback__type_support.hpp\n'}
[0.629551] (altair_interfaces) StdoutLine: {'line': b'-- Up-to-date: /home/altair/Person_Tracking_Roboware/install/altair_interfaces/include/altair_interfaces/altair_interfaces/msg/detail/mdd_command__struct.hpp\n'}
[0.629670] (altair_interfaces) StdoutLine: {'line': b'-- Up-to-date: /home/altair/Person_Tracking_Roboware/install/altair_interfaces/include/altair_interfaces/altair_interfaces/msg/detail/servo_command__builder.hpp\n'}
[0.629800] (altair_interfaces) StdoutLine: {'line': b'-- Up-to-date: /home/altair/Person_Tracking_Roboware/install/altair_interfaces/include/altair_interfaces/altair_interfaces/msg/detail/mdd_feedback__builder.hpp\n'}
[0.629911] (altair_interfaces) StdoutLine: {'line': b'-- Up-to-date: /home/altair/Person_Tracking_Roboware/install/altair_interfaces/include/altair_interfaces/altair_interfaces/msg/detail/mdd_feedback__traits.hpp\n'}
[0.630021] (altair_interfaces) StdoutLine: {'line': b'-- Up-to-date: /home/altair/Person_Tracking_Roboware/install/altair_interfaces/include/altair_interfaces/altair_interfaces/msg/detail/can_status__struct.hpp\n'}
[0.630121] (altair_interfaces) StdoutLine: {'line': b'-- Up-to-date: /home/altair/Person_Tracking_Roboware/install/altair_interfaces/include/altair_interfaces/altair_interfaces/msg/detail/servo_command__type_support.hpp\n'}
[0.630239] (altair_interfaces) StdoutLine: {'line': b'-- Up-to-date: /home/altair/Person_Tracking_Roboware/install/altair_interfaces/include/altair_interfaces/altair_interfaces/msg/solenoid_command.hpp\n'}
[0.630341] (altair_interfaces) StdoutLine: {'line': b'-- Up-to-date: /home/altair/Person_Tracking_Roboware/install/altair_interfaces/include/altair_interfaces/altair_interfaces/msg/rosidl_generator_cpp__visibility_control.hpp\n'}
[0.630444] (altair_interfaces) StdoutLine: {'line': b'-- Up-to-date: /home/altair/Person_Tracking_Roboware/install/altair_interfaces/include/altair_interfaces/altair_interfaces/msg/mdd_command.hpp\n'}
[0.630545] (altair_interfaces) StdoutLine: {'line': b'-- Up-to-date: /home/altair/Person_Tracking_Roboware/install/altair_interfaces/include/altair_interfaces/altair_interfaces/msg/mdd_feedback.hpp\n'}
[0.630658] (altair_interfaces) StdoutLine: {'line': b'-- Up-to-date: /home/altair/Person_Tracking_Roboware/install/altair_interfaces/include/altair_interfaces/altair_interfaces/srv\n'}
[0.630764] (altair_interfaces) StdoutLine: {'line': b'-- Up-to-date: /home/altair/Person_Tracking_Roboware/install/altair_interfaces/include/altair_interfaces/altair_interfaces/srv/trigger_control.hpp\n'}
[0.630865] (altair_interfaces) StdoutLine: {'line': b'-- Up-to-date: /home/altair/Person_Tracking_Roboware/install/altair_interfaces/include/altair_interfaces/altair_interfaces/srv/detail\n'}
[0.630966] (altair_interfaces) StdoutLine: {'line': b'-- Up-to-date: /home/altair/Person_Tracking_Roboware/install/altair_interfaces/include/altair_interfaces/altair_interfaces/srv/detail/connect_can__builder.hpp\n'}
[0.631067] (altair_interfaces) StdoutLine: {'line': b'-- Up-to-date: /home/altair/Person_Tracking_Roboware/install/altair_interfaces/include/altair_interfaces/altair_interfaces/srv/detail/start_behavior__builder.hpp\n'}
[0.631168] (altair_interfaces) StdoutLine: {'line': b'-- Up-to-date: /home/altair/Person_Tracking_Roboware/install/altair_interfaces/include/altair_interfaces/altair_interfaces/srv/detail/connect_can__struct.hpp\n'}
[0.631270] (altair_interfaces) StdoutLine: {'line': b'-- Up-to-date: /home/altair/Person_Tracking_Roboware/install/altair_interfaces/include/altair_interfaces/altair_interfaces/srv/detail/get_available_ports__type_support.hpp\n'}
[0.631371] (altair_interfaces) StdoutLine: {'line': b'-- Up-to-date: /home/altair/Person_Tracking_Roboware/install/altair_interfaces/include/altair_interfaces/altair_interfaces/srv/detail/trigger_control__struct.hpp\n'}
[0.631490] (altair_interfaces) StdoutLine: {'line': b'-- Up-to-date: /home/altair/Person_Tracking_Roboware/install/altair_interfaces/include/altair_interfaces/altair_interfaces/srv/detail/trigger_control__type_support.hpp\n'}
[0.631608] (altair_interfaces) StdoutLine: {'line': b'-- Up-to-date: /home/altair/Person_Tracking_Roboware/install/altair_interfaces/include/altair_interfaces/altair_interfaces/srv/detail/connect_can__traits.hpp\n'}
[0.631705] (altair_interfaces) StdoutLine: {'line': b'-- Up-to-date: /home/altair/Person_Tracking_Roboware/install/altair_interfaces/include/altair_interfaces/altair_interfaces/srv/detail/trigger_control__traits.hpp\n'}
[0.631778] (altair_interfaces) StdoutLine: {'line': b'-- Up-to-date: /home/altair/Person_Tracking_Roboware/install/altair_interfaces/include/altair_interfaces/altair_interfaces/srv/detail/get_available_ports__traits.hpp\n'}
[0.631837] (altair_interfaces) StdoutLine: {'line': b'-- Up-to-date: /home/altair/Person_Tracking_Roboware/install/altair_interfaces/include/altair_interfaces/altair_interfaces/srv/detail/get_available_ports__struct.hpp\n'}
[0.631895] (altair_interfaces) StdoutLine: {'line': b'-- Up-to-date: /home/altair/Person_Tracking_Roboware/install/altair_interfaces/include/altair_interfaces/altair_interfaces/srv/detail/trigger_control__builder.hpp\n'}
[0.631952] (altair_interfaces) StdoutLine: {'line': b'-- Up-to-date: /home/altair/Person_Tracking_Roboware/install/altair_interfaces/include/altair_interfaces/altair_interfaces/srv/detail/get_available_ports__builder.hpp\n'}
[0.632010] (altair_interfaces) StdoutLine: {'line': b'-- Up-to-date: /home/altair/Person_Tracking_Roboware/install/altair_interfaces/include/altair_interfaces/altair_interfaces/srv/detail/start_behavior__traits.hpp\n'}
[0.632068] (altair_interfaces) StdoutLine: {'line': b'-- Up-to-date: /home/altair/Person_Tracking_Roboware/install/altair_interfaces/include/altair_interfaces/altair_interfaces/srv/detail/connect_can__type_support.hpp\n'}
[0.632125] (altair_interfaces) StdoutLine: {'line': b'-- Up-to-date: /home/altair/Person_Tracking_Roboware/install/altair_interfaces/include/altair_interfaces/altair_interfaces/srv/detail/start_behavior__struct.hpp\n'}
[0.632182] (altair_interfaces) StdoutLine: {'line': b'-- Up-to-date: /home/altair/Person_Tracking_Roboware/install/altair_interfaces/include/altair_interfaces/altair_interfaces/srv/detail/start_behavior__type_support.hpp\n'}
[0.632239] (altair_interfaces) StdoutLine: {'line': b'-- Up-to-date: /home/altair/Person_Tracking_Roboware/install/altair_interfaces/include/altair_interfaces/altair_interfaces/srv/connect_can.hpp\n'}
[0.632297] (altair_interfaces) StdoutLine: {'line': b'-- Up-to-date: /home/altair/Person_Tracking_Roboware/install/altair_interfaces/include/altair_interfaces/altair_interfaces/srv/get_available_ports.hpp\n'}
[0.632354] (altair_interfaces) StdoutLine: {'line': b'-- Up-to-date: /home/altair/Person_Tracking_Roboware/install/altair_interfaces/include/altair_interfaces/altair_interfaces/srv/start_behavior.hpp\n'}
[0.632423] (altair_interfaces) StdoutLine: {'line': b'-- Up-to-date: /home/altair/Person_Tracking_Roboware/install/altair_interfaces/include/altair_interfaces/altair_interfaces\n'}
[0.632482] (altair_interfaces) StdoutLine: {'line': b'-- Up-to-date: /home/altair/Person_Tracking_Roboware/install/altair_interfaces/include/altair_interfaces/altair_interfaces/msg\n'}
[0.632539] (altair_interfaces) StdoutLine: {'line': b'-- Up-to-date: /home/altair/Person_Tracking_Roboware/install/altair_interfaces/include/altair_interfaces/altair_interfaces/msg/rosidl_typesupport_fastrtps_cpp__visibility_control.h\n'}
[0.632597] (altair_interfaces) StdoutLine: {'line': b'-- Up-to-date: /home/altair/Person_Tracking_Roboware/install/altair_interfaces/include/altair_interfaces/altair_interfaces/msg/detail\n'}
[0.632673] (altair_interfaces) StdoutLine: {'line': b'-- Up-to-date: /home/altair/Person_Tracking_Roboware/install/altair_interfaces/include/altair_interfaces/altair_interfaces/msg/detail/mdd_command__rosidl_typesupport_fastrtps_cpp.hpp\n'}
[0.632737] (altair_interfaces) StdoutLine: {'line': b'-- Up-to-date: /home/altair/Person_Tracking_Roboware/install/altair_interfaces/include/altair_interfaces/altair_interfaces/msg/detail/mdd_feedback__rosidl_typesupport_fastrtps_cpp.hpp\n'}
[0.632795] (altair_interfaces) StdoutLine: {'line': b'-- Up-to-date: /home/altair/Person_Tracking_Roboware/install/altair_interfaces/include/altair_interfaces/altair_interfaces/msg/detail/servo_command__rosidl_typesupport_fastrtps_cpp.hpp\n'}
[0.632854] (altair_interfaces) StdoutLine: {'line': b'-- Up-to-date: /home/altair/Person_Tracking_Roboware/install/altair_interfaces/include/altair_interfaces/altair_interfaces/msg/detail/solenoid_command__rosidl_typesupport_fastrtps_cpp.hpp\n'}
[0.632919] (altair_interfaces) StdoutLine: {'line': b'-- Up-to-date: /home/altair/Person_Tracking_Roboware/install/altair_interfaces/include/altair_interfaces/altair_interfaces/msg/detail/can_status__rosidl_typesupport_fastrtps_cpp.hpp\n'}
[0.632978] (altair_interfaces) StdoutLine: {'line': b'-- Up-to-date: /home/altair/Person_Tracking_Roboware/install/altair_interfaces/include/altair_interfaces/altair_interfaces/msg/detail/dds_fastrtps\n'}
[0.633035] (altair_interfaces) StdoutLine: {'line': b'-- Up-to-date: /home/altair/Person_Tracking_Roboware/install/altair_interfaces/include/altair_interfaces/altair_interfaces/srv\n'}
[0.633097] (altair_interfaces) StdoutLine: {'line': b'-- Up-to-date: /home/altair/Person_Tracking_Roboware/install/altair_interfaces/include/altair_interfaces/altair_interfaces/srv/detail\n'}
[0.633156] (altair_interfaces) StdoutLine: {'line': b'-- Up-to-date: /home/altair/Person_Tracking_Roboware/install/altair_interfaces/include/altair_interfaces/altair_interfaces/srv/detail/connect_can__rosidl_typesupport_fastrtps_cpp.hpp\n'}
[0.633214] (altair_interfaces) StdoutLine: {'line': b'-- Up-to-date: /home/altair/Person_Tracking_Roboware/install/altair_interfaces/include/altair_interfaces/altair_interfaces/srv/detail/start_behavior__rosidl_typesupport_fastrtps_cpp.hpp\n'}
[0.633279] (altair_interfaces) StdoutLine: {'line': b'-- Up-to-date: /home/altair/Person_Tracking_Roboware/install/altair_interfaces/include/altair_interfaces/altair_interfaces/srv/detail/dds_fastrtps\n'}
[0.633337] (altair_interfaces) StdoutLine: {'line': b'-- Up-to-date: /home/altair/Person_Tracking_Roboware/install/altair_interfaces/include/altair_interfaces/altair_interfaces/srv/detail/get_available_ports__rosidl_typesupport_fastrtps_cpp.hpp\n'}
[0.633395] (altair_interfaces) StdoutLine: {'line': b'-- Up-to-date: /home/altair/Person_Tracking_Roboware/install/altair_interfaces/include/altair_interfaces/altair_interfaces/srv/detail/trigger_control__rosidl_typesupport_fastrtps_cpp.hpp\n'}
[0.633453] (altair_interfaces) StdoutLine: {'line': b'-- Up-to-date: /home/altair/Person_Tracking_Roboware/install/altair_interfaces/lib/libaltair_interfaces__rosidl_typesupport_fastrtps_cpp.so\n'}
[0.633510] (altair_interfaces) StdoutLine: {'line': b'-- Up-to-date: /home/altair/Person_Tracking_Roboware/install/altair_interfaces/include/altair_interfaces/altair_interfaces\n'}
[0.633567] (altair_interfaces) StdoutLine: {'line': b'-- Up-to-date: /home/altair/Person_Tracking_Roboware/install/altair_interfaces/include/altair_interfaces/altair_interfaces/msg\n'}
[0.633631] (altair_interfaces) StdoutLine: {'line': b'-- Up-to-date: /home/altair/Person_Tracking_Roboware/install/altair_interfaces/include/altair_interfaces/altair_interfaces/msg/detail\n'}
[0.633702] (altair_interfaces) StdoutLine: {'line': b'-- Up-to-date: /home/altair/Person_Tracking_Roboware/install/altair_interfaces/include/altair_interfaces/altair_interfaces/msg/detail/mdd_feedback__rosidl_typesupport_introspection_cpp.hpp\n'}
[0.633761] (altair_interfaces) StdoutLine: {'line': b'-- Up-to-date: /home/altair/Person_Tracking_Roboware/install/altair_interfaces/include/altair_interfaces/altair_interfaces/msg/detail/can_status__rosidl_typesupport_introspection_cpp.hpp\n'}
[0.633819] (altair_interfaces) StdoutLine: {'line': b'-- Up-to-date: /home/altair/Person_Tracking_Roboware/install/altair_interfaces/include/altair_interfaces/altair_interfaces/msg/detail/mdd_command__rosidl_typesupport_introspection_cpp.hpp\n'}
[0.633876] (altair_interfaces) StdoutLine: {'line': b'-- Up-to-date: /home/altair/Person_Tracking_Roboware/install/altair_interfaces/include/altair_interfaces/altair_interfaces/msg/detail/mdd_feedback__type_support.cpp\n'}
[0.633945] (altair_interfaces) StdoutLine: {'line': b'-- Up-to-date: /home/altair/Person_Tracking_Roboware/install/altair_interfaces/include/altair_interfaces/altair_interfaces/msg/detail/servo_command__type_support.cpp\n'}
[0.634008] (altair_interfaces) StdoutLine: {'line': b'-- Up-to-date: /home/altair/Person_Tracking_Roboware/install/altair_interfaces/include/altair_interfaces/altair_interfaces/msg/detail/solenoid_command__type_support.cpp\n'}
[0.634065] (altair_interfaces) StdoutLine: {'line': b'-- Up-to-date: /home/altair/Person_Tracking_Roboware/install/altair_interfaces/include/altair_interfaces/altair_interfaces/msg/detail/mdd_command__type_support.cpp\n'}
[0.634122] (altair_interfaces) StdoutLine: {'line': b'-- Up-to-date: /home/altair/Person_Tracking_Roboware/install/altair_interfaces/include/altair_interfaces/altair_interfaces/msg/detail/can_status__type_support.cpp\n'}
[0.634178] (altair_interfaces) StdoutLine: {'line': b'-- Up-to-date: /home/altair/Person_Tracking_Roboware/install/altair_interfaces/include/altair_interfaces/altair_interfaces/msg/detail/servo_command__rosidl_typesupport_introspection_cpp.hpp\n'}
[0.634235] (altair_interfaces) StdoutLine: {'line': b'-- Up-to-date: /home/altair/Person_Tracking_Roboware/install/altair_interfaces/include/altair_interfaces/altair_interfaces/msg/detail/solenoid_command__rosidl_typesupport_introspection_cpp.hpp\n'}
[0.634291] (altair_interfaces) StdoutLine: {'line': b'-- Up-to-date: /home/altair/Person_Tracking_Roboware/install/altair_interfaces/include/altair_interfaces/altair_interfaces/srv\n'}
[0.634348] (altair_interfaces) StdoutLine: {'line': b'-- Up-to-date: /home/altair/Person_Tracking_Roboware/install/altair_interfaces/include/altair_interfaces/altair_interfaces/srv/detail\n'}
[0.634403] (altair_interfaces) StdoutLine: {'line': b'-- Up-to-date: /home/altair/Person_Tracking_Roboware/install/altair_interfaces/include/altair_interfaces/altair_interfaces/srv/detail/connect_can__rosidl_typesupport_introspection_cpp.hpp\n'}
[0.634459] (altair_interfaces) StdoutLine: {'line': b'-- Up-to-date: /home/altair/Person_Tracking_Roboware/install/altair_interfaces/include/altair_interfaces/altair_interfaces/srv/detail/get_available_ports__type_support.cpp\n'}
[0.634521] (altair_interfaces) StdoutLine: {'line': b'-- Up-to-date: /home/altair/Person_Tracking_Roboware/install/altair_interfaces/include/altair_interfaces/altair_interfaces/srv/detail/connect_can__type_support.cpp\n'}
[0.634578] (altair_interfaces) StdoutLine: {'line': b'-- Up-to-date: /home/altair/Person_Tracking_Roboware/install/altair_interfaces/include/altair_interfaces/altair_interfaces/srv/detail/start_behavior__type_support.cpp\n'}
[0.634639] (altair_interfaces) StdoutLine: {'line': b'-- Up-to-date: /home/altair/Person_Tracking_Roboware/install/altair_interfaces/include/altair_interfaces/altair_interfaces/srv/detail/trigger_control__type_support.cpp\n'}
[0.634703] (altair_interfaces) StdoutLine: {'line': b'-- Up-to-date: /home/altair/Person_Tracking_Roboware/install/altair_interfaces/include/altair_interfaces/altair_interfaces/srv/detail/trigger_control__rosidl_typesupport_introspection_cpp.hpp\n'}
[0.634760] (altair_interfaces) StdoutLine: {'line': b'-- Up-to-date: /home/altair/Person_Tracking_Roboware/install/altair_interfaces/include/altair_interfaces/altair_interfaces/srv/detail/get_available_ports__rosidl_typesupport_introspection_cpp.hpp\n'}
[0.634817] (altair_interfaces) StdoutLine: {'line': b'-- Up-to-date: /home/altair/Person_Tracking_Roboware/install/altair_interfaces/include/altair_interfaces/altair_interfaces/srv/detail/start_behavior__rosidl_typesupport_introspection_cpp.hpp\n'}
[0.634873] (altair_interfaces) StdoutLine: {'line': b'-- Up-to-date: /home/altair/Person_Tracking_Roboware/install/altair_interfaces/lib/libaltair_interfaces__rosidl_typesupport_introspection_cpp.so\n'}
[0.634929] (altair_interfaces) StdoutLine: {'line': b'-- Up-to-date: /home/altair/Person_Tracking_Roboware/install/altair_interfaces/lib/libaltair_interfaces__rosidl_typesupport_cpp.so\n'}
[0.634985] (altair_interfaces) StdoutLine: {'line': b'-- Up-to-date: /home/altair/Person_Tracking_Roboware/install/altair_interfaces/share/altair_interfaces/environment/pythonpath.sh\n'}
[0.635041] (altair_interfaces) StdoutLine: {'line': b'-- Up-to-date: /home/altair/Person_Tracking_Roboware/install/altair_interfaces/share/altair_interfaces/environment/pythonpath.dsv\n'}
[0.635103] (altair_interfaces) StdoutLine: {'line': b'-- Up-to-date: /home/altair/Person_Tracking_Roboware/install/altair_interfaces/local/lib/python3.10/dist-packages/altair_interfaces-1.0.0-py3.10.egg-info\n'}
[0.635160] (altair_interfaces) StdoutLine: {'line': b'-- Installing: /home/altair/Person_Tracking_Roboware/install/altair_interfaces/local/lib/python3.10/dist-packages/altair_interfaces-1.0.0-py3.10.egg-info/dependency_links.txt\n'}
[0.635216] (altair_interfaces) StdoutLine: {'line': b'-- Installing: /home/altair/Person_Tracking_Roboware/install/altair_interfaces/local/lib/python3.10/dist-packages/altair_interfaces-1.0.0-py3.10.egg-info/PKG-INFO\n'}
[0.635272] (altair_interfaces) StdoutLine: {'line': b'-- Installing: /home/altair/Person_Tracking_Roboware/install/altair_interfaces/local/lib/python3.10/dist-packages/altair_interfaces-1.0.0-py3.10.egg-info/top_level.txt\n'}
[0.635328] (altair_interfaces) StdoutLine: {'line': b'-- Installing: /home/altair/Person_Tracking_Roboware/install/altair_interfaces/local/lib/python3.10/dist-packages/altair_interfaces-1.0.0-py3.10.egg-info/SOURCES.txt\n'}
[0.635394] (altair_interfaces) StdoutLine: {'line': b'-- Up-to-date: /home/altair/Person_Tracking_Roboware/install/altair_interfaces/local/lib/python3.10/dist-packages/altair_interfaces\n'}
[0.635451] (altair_interfaces) StdoutLine: {'line': b'-- Up-to-date: /home/altair/Person_Tracking_Roboware/install/altair_interfaces/local/lib/python3.10/dist-packages/altair_interfaces/libaltair_interfaces__rosidl_generator_py.so\n'}
[0.635507] (altair_interfaces) StdoutLine: {'line': b'-- Up-to-date: /home/altair/Person_Tracking_Roboware/install/altair_interfaces/local/lib/python3.10/dist-packages/altair_interfaces/altair_interfaces_s__rosidl_typesupport_introspection_c.cpython-310-x86_64-linux-gnu.so\n'}
[0.635564] (altair_interfaces) StdoutLine: {'line': b'-- Up-to-date: /home/altair/Person_Tracking_Roboware/install/altair_interfaces/local/lib/python3.10/dist-packages/altair_interfaces/altair_interfaces_s__rosidl_typesupport_c.cpython-310-x86_64-linux-gnu.so\n'}
[0.635621] (altair_interfaces) StdoutLine: {'line': b'-- Up-to-date: /home/altair/Person_Tracking_Roboware/install/altair_interfaces/local/lib/python3.10/dist-packages/altair_interfaces/msg\n'}
[0.635696] (altair_interfaces) StdoutLine: {'line': b'-- Up-to-date: /home/altair/Person_Tracking_Roboware/install/altair_interfaces/local/lib/python3.10/dist-packages/altair_interfaces/msg/_servo_command.py\n'}
[0.635754] (altair_interfaces) StdoutLine: {'line': b'-- Up-to-date: /home/altair/Person_Tracking_Roboware/install/altair_interfaces/local/lib/python3.10/dist-packages/altair_interfaces/msg/__init__.py\n'}
[0.635810] (altair_interfaces) StdoutLine: {'line': b'-- Up-to-date: /home/altair/Person_Tracking_Roboware/install/altair_interfaces/local/lib/python3.10/dist-packages/altair_interfaces/msg/_can_status_s.c\n'}
[0.635872] (altair_interfaces) StdoutLine: {'line': b'-- Up-to-date: /home/altair/Person_Tracking_Roboware/install/altair_interfaces/local/lib/python3.10/dist-packages/altair_interfaces/msg/_can_status.py\n'}
[0.635933] (altair_interfaces) StdoutLine: {'line': b'-- Up-to-date: /home/altair/Person_Tracking_Roboware/install/altair_interfaces/local/lib/python3.10/dist-packages/altair_interfaces/msg/_mdd_feedback.py\n'}
[0.635989] (altair_interfaces) StdoutLine: {'line': b'-- Up-to-date: /home/altair/Person_Tracking_Roboware/install/altair_interfaces/local/lib/python3.10/dist-packages/altair_interfaces/msg/_servo_command_s.c\n'}
[0.636045] (altair_interfaces) StdoutLine: {'line': b'-- Up-to-date: /home/altair/Person_Tracking_Roboware/install/altair_interfaces/local/lib/python3.10/dist-packages/altair_interfaces/msg/_solenoid_command.py\n'}
[0.636102] (altair_interfaces) StdoutLine: {'line': b'-- Up-to-date: /home/altair/Person_Tracking_Roboware/install/altair_interfaces/local/lib/python3.10/dist-packages/altair_interfaces/msg/_mdd_command.py\n'}
[0.636164] (altair_interfaces) StdoutLine: {'line': b'-- Up-to-date: /home/altair/Person_Tracking_Roboware/install/altair_interfaces/local/lib/python3.10/dist-packages/altair_interfaces/msg/_solenoid_command_s.c\n'}
[0.636221] (altair_interfaces) StdoutLine: {'line': b'-- Up-to-date: /home/altair/Person_Tracking_Roboware/install/altair_interfaces/local/lib/python3.10/dist-packages/altair_interfaces/msg/_mdd_feedback_s.c\n'}
[0.636277] (altair_interfaces) StdoutLine: {'line': b'-- Up-to-date: /home/altair/Person_Tracking_Roboware/install/altair_interfaces/local/lib/python3.10/dist-packages/altair_interfaces/msg/_mdd_command_s.c\n'}
[0.636333] (altair_interfaces) StdoutLine: {'line': b'-- Up-to-date: /home/altair/Person_Tracking_Roboware/install/altair_interfaces/local/lib/python3.10/dist-packages/altair_interfaces/_altair_interfaces_s.ep.rosidl_typesupport_c.c\n'}
[0.636389] (altair_interfaces) StdoutLine: {'line': b'-- Up-to-date: /home/altair/Person_Tracking_Roboware/install/altair_interfaces/local/lib/python3.10/dist-packages/altair_interfaces/__init__.py\n'}
[0.636447] (altair_interfaces) StdoutLine: {'line': b'-- Up-to-date: /home/altair/Person_Tracking_Roboware/install/altair_interfaces/local/lib/python3.10/dist-packages/altair_interfaces/srv\n'}
[0.636504] (altair_interfaces) StdoutLine: {'line': b'-- Up-to-date: /home/altair/Person_Tracking_Roboware/install/altair_interfaces/local/lib/python3.10/dist-packages/altair_interfaces/srv/__init__.py\n'}
[0.636561] (altair_interfaces) StdoutLine: {'line': b'-- Up-to-date: /home/altair/Person_Tracking_Roboware/install/altair_interfaces/local/lib/python3.10/dist-packages/altair_interfaces/srv/_start_behavior_s.c\n'}
[0.636617] (altair_interfaces) StdoutLine: {'line': b'-- Up-to-date: /home/altair/Person_Tracking_Roboware/install/altair_interfaces/local/lib/python3.10/dist-packages/altair_interfaces/srv/_trigger_control.py\n'}
[0.636693] (altair_interfaces) StdoutLine: {'line': b'-- Up-to-date: /home/altair/Person_Tracking_Roboware/install/altair_interfaces/local/lib/python3.10/dist-packages/altair_interfaces/srv/_connect_can.py\n'}
[0.636752] (altair_interfaces) StdoutLine: {'line': b'-- Up-to-date: /home/altair/Person_Tracking_Roboware/install/altair_interfaces/local/lib/python3.10/dist-packages/altair_interfaces/srv/_trigger_control_s.c\n'}
[0.636809] (altair_interfaces) StdoutLine: {'line': b'-- Up-to-date: /home/altair/Person_Tracking_Roboware/install/altair_interfaces/local/lib/python3.10/dist-packages/altair_interfaces/srv/_start_behavior.py\n'}
[0.636866] (altair_interfaces) StdoutLine: {'line': b'-- Up-to-date: /home/altair/Person_Tracking_Roboware/install/altair_interfaces/local/lib/python3.10/dist-packages/altair_interfaces/srv/_connect_can_s.c\n'}
[0.636935] (altair_interfaces) StdoutLine: {'line': b'-- Up-to-date: /home/altair/Person_Tracking_Roboware/install/altair_interfaces/local/lib/python3.10/dist-packages/altair_interfaces/srv/_get_available_ports_s.c\n'}
[0.636993] (altair_interfaces) StdoutLine: {'line': b'-- Up-to-date: /home/altair/Person_Tracking_Roboware/install/altair_interfaces/local/lib/python3.10/dist-packages/altair_interfaces/srv/_get_available_ports.py\n'}
[0.637051] (altair_interfaces) StdoutLine: {'line': b'-- Up-to-date: /home/altair/Person_Tracking_Roboware/install/altair_interfaces/local/lib/python3.10/dist-packages/altair_interfaces/_altair_interfaces_s.ep.rosidl_typesupport_introspection_c.c\n'}
[0.637108] (altair_interfaces) StdoutLine: {'line': b'-- Up-to-date: /home/altair/Person_Tracking_Roboware/install/altair_interfaces/local/lib/python3.10/dist-packages/altair_interfaces/altair_interfaces_s__rosidl_typesupport_fastrtps_c.cpython-310-x86_64-linux-gnu.so\n'}
[0.637166] (altair_interfaces) StdoutLine: {'line': b'-- Up-to-date: /home/altair/Person_Tracking_Roboware/install/altair_interfaces/local/lib/python3.10/dist-packages/altair_interfaces/_altair_interfaces_s.ep.rosidl_typesupport_fastrtps_c.c\n'}
[0.649877] (can_msgs) StdoutLine: {'line': b"Listing '/home/altair/Person_Tracking_Roboware/install/can_msgs/local/lib/python3.10/dist-packages/can_msgs'...\n"}
[0.650078] (can_msgs) StdoutLine: {'line': b"Listing '/home/altair/Person_Tracking_Roboware/install/can_msgs/local/lib/python3.10/dist-packages/can_msgs/msg'...\n"}
[0.657934] (can_msgs) StdoutLine: {'line': b'-- Up-to-date: /home/altair/Person_Tracking_Roboware/install/can_msgs/local/lib/python3.10/dist-packages/can_msgs/can_msgs_s__rosidl_typesupport_fastrtps_c.cpython-310-x86_64-linux-gnu.so\n'}
[0.658382] (can_msgs) StdoutLine: {'line': b'-- Up-to-date: /home/altair/Person_Tracking_Roboware/install/can_msgs/local/lib/python3.10/dist-packages/can_msgs/can_msgs_s__rosidl_typesupport_introspection_c.cpython-310-x86_64-linux-gnu.so\n'}
[0.658864] (can_msgs) StdoutLine: {'line': b'-- Up-to-date: /home/altair/Person_Tracking_Roboware/install/can_msgs/local/lib/python3.10/dist-packages/can_msgs/can_msgs_s__rosidl_typesupport_c.cpython-310-x86_64-linux-gnu.so\n'}
[0.659325] (can_msgs) StdoutLine: {'line': b'-- Up-to-date: /home/altair/Person_Tracking_Roboware/install/can_msgs/lib/libcan_msgs__rosidl_generator_py.so\n'}
[0.659632] (can_msgs) StdoutLine: {'line': b'-- Up-to-date: /home/altair/Person_Tracking_Roboware/install/can_msgs/share/ament_index/resource_index/rust_packages/can_msgs\n'}
[0.659813] (can_msgs) StdoutLine: {'line': b'-- Up-to-date: /home/altair/Person_Tracking_Roboware/install/can_msgs/share/can_msgs/rust\n'}
[0.660040] (can_msgs) StdoutLine: {'line': b'-- Up-to-date: /home/altair/Person_Tracking_Roboware/install/can_msgs/share/can_msgs/rust/Cargo.toml\n'}
[0.660214] (can_msgs) StdoutLine: {'line': b'-- Up-to-date: /home/altair/Person_Tracking_Roboware/install/can_msgs/share/can_msgs/rust/src\n'}
[0.660396] (can_msgs) StdoutLine: {'line': b'-- Up-to-date: /home/altair/Person_Tracking_Roboware/install/can_msgs/share/can_msgs/rust/src/msg\n'}
[0.660579] (can_msgs) StdoutLine: {'line': b'-- Up-to-date: /home/altair/Person_Tracking_Roboware/install/can_msgs/share/can_msgs/rust/src/msg/rmw.rs\n'}
[0.660768] (can_msgs) StdoutLine: {'line': b'-- Up-to-date: /home/altair/Person_Tracking_Roboware/install/can_msgs/share/can_msgs/rust/src/msg.rs\n'}
[0.660935] (can_msgs) StdoutLine: {'line': b'-- Up-to-date: /home/altair/Person_Tracking_Roboware/install/can_msgs/share/can_msgs/rust/src/lib.rs\n'}
[0.661095] (can_msgs) StdoutLine: {'line': b'-- Up-to-date: /home/altair/Person_Tracking_Roboware/install/can_msgs/share/can_msgs/rust/build.rs\n'}
[0.661233] (can_msgs) StdoutLine: {'line': b'-- Up-to-date: /home/altair/Person_Tracking_Roboware/install/can_msgs/share/can_msgs/msg/Frame.idl\n'}
[0.661385] (can_msgs) StdoutLine: {'line': b'-- Up-to-date: /home/altair/Person_Tracking_Roboware/install/can_msgs/share/can_msgs/msg/Frame.msg\n'}
[0.661547] (can_msgs) StdoutLine: {'line': b'-- Up-to-date: /home/altair/Person_Tracking_Roboware/install/can_msgs/share/ament_index/resource_index/package_run_dependencies/can_msgs\n'}
[0.661696] (can_msgs) StdoutLine: {'line': b'-- Up-to-date: /home/altair/Person_Tracking_Roboware/install/can_msgs/share/ament_index/resource_index/parent_prefix_path/can_msgs\n'}
[0.661896] (can_msgs) StdoutLine: {'line': b'-- Up-to-date: /home/altair/Person_Tracking_Roboware/install/can_msgs/share/can_msgs/environment/ament_prefix_path.sh\n'}
[0.662050] (can_msgs) StdoutLine: {'line': b'-- Up-to-date: /home/altair/Person_Tracking_Roboware/install/can_msgs/share/can_msgs/environment/ament_prefix_path.dsv\n'}
[0.662236] (can_msgs) StdoutLine: {'line': b'-- Up-to-date: /home/altair/Person_Tracking_Roboware/install/can_msgs/share/can_msgs/environment/path.sh\n'}
[0.662391] (can_msgs) StdoutLine: {'line': b'-- Up-to-date: /home/altair/Person_Tracking_Roboware/install/can_msgs/share/can_msgs/environment/path.dsv\n'}
[0.662542] (can_msgs) StdoutLine: {'line': b'-- Up-to-date: /home/altair/Person_Tracking_Roboware/install/can_msgs/share/can_msgs/local_setup.bash\n'}
[0.662708] (can_msgs) StdoutLine: {'line': b'-- Up-to-date: /home/altair/Person_Tracking_Roboware/install/can_msgs/share/can_msgs/local_setup.sh\n'}
[0.662885] (can_msgs) StdoutLine: {'line': b'-- Up-to-date: /home/altair/Person_Tracking_Roboware/install/can_msgs/share/can_msgs/local_setup.zsh\n'}
[0.663032] (can_msgs) StdoutLine: {'line': b'-- Up-to-date: /home/altair/Person_Tracking_Roboware/install/can_msgs/share/can_msgs/local_setup.dsv\n'}
[0.663199] (can_msgs) StdoutLine: {'line': b'-- Installing: /home/altair/Person_Tracking_Roboware/install/can_msgs/share/can_msgs/package.dsv\n'}
[0.663354] (can_msgs) StdoutLine: {'line': b'-- Up-to-date: /home/altair/Person_Tracking_Roboware/install/can_msgs/share/ament_index/resource_index/packages/can_msgs\n'}
[0.663529] (can_msgs) StdoutLine: {'line': b'-- Up-to-date: /home/altair/Person_Tracking_Roboware/install/can_msgs/share/can_msgs/cmake/export_can_msgs__rosidl_generator_cExport.cmake\n'}
[0.663729] (can_msgs) StdoutLine: {'line': b'-- Up-to-date: /home/altair/Person_Tracking_Roboware/install/can_msgs/share/can_msgs/cmake/export_can_msgs__rosidl_generator_cExport-noconfig.cmake\n'}
[0.663973] (can_msgs) StdoutLine: {'line': b'-- Up-to-date: /home/altair/Person_Tracking_Roboware/install/can_msgs/share/can_msgs/cmake/export_can_msgs__rosidl_typesupport_fastrtps_cExport.cmake\n'}
[0.664163] (can_msgs) StdoutLine: {'line': b'-- Up-to-date: /home/altair/Person_Tracking_Roboware/install/can_msgs/share/can_msgs/cmake/export_can_msgs__rosidl_typesupport_fastrtps_cExport-noconfig.cmake\n'}
[0.664282] (can_msgs) StdoutLine: {'line': b'-- Up-to-date: /home/altair/Person_Tracking_Roboware/install/can_msgs/share/can_msgs/cmake/can_msgs__rosidl_typesupport_introspection_cExport.cmake\n'}
[0.664406] (can_msgs) StdoutLine: {'line': b'-- Up-to-date: /home/altair/Person_Tracking_Roboware/install/can_msgs/share/can_msgs/cmake/can_msgs__rosidl_typesupport_introspection_cExport-noconfig.cmake\n'}
[0.664525] (can_msgs) StdoutLine: {'line': b'-- Up-to-date: /home/altair/Person_Tracking_Roboware/install/can_msgs/share/can_msgs/cmake/can_msgs__rosidl_typesupport_cExport.cmake\n'}
[0.664685] (can_msgs) StdoutLine: {'line': b'-- Up-to-date: /home/altair/Person_Tracking_Roboware/install/can_msgs/share/can_msgs/cmake/can_msgs__rosidl_typesupport_cExport-noconfig.cmake\n'}
[0.664825] (can_msgs) StdoutLine: {'line': b'-- Up-to-date: /home/altair/Person_Tracking_Roboware/install/can_msgs/share/can_msgs/cmake/export_can_msgs__rosidl_generator_cppExport.cmake\n'}
[0.664941] (can_msgs) StdoutLine: {'line': b'-- Up-to-date: /home/altair/Person_Tracking_Roboware/install/can_msgs/share/can_msgs/cmake/export_can_msgs__rosidl_typesupport_fastrtps_cppExport.cmake\n'}
[0.665055] (can_msgs) StdoutLine: {'line': b'-- Up-to-date: /home/altair/Person_Tracking_Roboware/install/can_msgs/share/can_msgs/cmake/export_can_msgs__rosidl_typesupport_fastrtps_cppExport-noconfig.cmake\n'}
[0.665193] (can_msgs) StdoutLine: {'line': b'-- Up-to-date: /home/altair/Person_Tracking_Roboware/install/can_msgs/share/can_msgs/cmake/can_msgs__rosidl_typesupport_introspection_cppExport.cmake\n'}
[0.665327] (can_msgs) StdoutLine: {'line': b'-- Up-to-date: /home/altair/Person_Tracking_Roboware/install/can_msgs/share/can_msgs/cmake/can_msgs__rosidl_typesupport_introspection_cppExport-noconfig.cmake\n'}
[0.665465] (can_msgs) StdoutLine: {'line': b'-- Up-to-date: /home/altair/Person_Tracking_Roboware/install/can_msgs/share/can_msgs/cmake/can_msgs__rosidl_typesupport_cppExport.cmake\n'}
[0.665600] (can_msgs) StdoutLine: {'line': b'-- Up-to-date: /home/altair/Person_Tracking_Roboware/install/can_msgs/share/can_msgs/cmake/can_msgs__rosidl_typesupport_cppExport-noconfig.cmake\n'}
[0.665828] (can_msgs) StdoutLine: {'line': b'-- Up-to-date: /home/altair/Person_Tracking_Roboware/install/can_msgs/share/can_msgs/cmake/export_can_msgs__rosidl_generator_pyExport.cmake\n'}
[0.666000] (can_msgs) StdoutLine: {'line': b'-- Up-to-date: /home/altair/Person_Tracking_Roboware/install/can_msgs/share/can_msgs/cmake/export_can_msgs__rosidl_generator_pyExport-noconfig.cmake\n'}
[0.666149] (can_msgs) StdoutLine: {'line': b'-- Up-to-date: /home/altair/Person_Tracking_Roboware/install/can_msgs/share/can_msgs/cmake/rosidl_cmake-extras.cmake\n'}
[0.666618] (can_msgs) StdoutLine: {'line': b'-- Up-to-date: /home/altair/Person_Tracking_Roboware/install/can_msgs/share/can_msgs/cmake/ament_cmake_export_dependencies-extras.cmake\n'}
[0.667446] (can_msgs) StdoutLine: {'line': b'-- Up-to-date: /home/altair/Person_Tracking_Roboware/install/can_msgs/share/can_msgs/cmake/ament_cmake_export_include_directories-extras.cmake\n'}
[0.667676] (can_msgs) StdoutLine: {'line': b'-- Up-to-date: /home/altair/Person_Tracking_Roboware/install/can_msgs/share/can_msgs/cmake/ament_cmake_export_libraries-extras.cmake\n'}
[0.667898] (can_msgs) StdoutLine: {'line': b'-- Up-to-date: /home/altair/Person_Tracking_Roboware/install/can_msgs/share/can_msgs/cmake/ament_cmake_export_targets-extras.cmake\n'}
[0.668033] (altair_interfaces) StdoutLine: {'line': b"Listing '/home/altair/Person_Tracking_Roboware/install/altair_interfaces/local/lib/python3.10/dist-packages/altair_interfaces'...\n"}
[0.668233] (altair_interfaces) StdoutLine: {'line': b"Listing '/home/altair/Person_Tracking_Roboware/install/altair_interfaces/local/lib/python3.10/dist-packages/altair_interfaces/msg'...\n"}
[0.668490] (altair_interfaces) StdoutLine: {'line': b"Listing '/home/altair/Person_Tracking_Roboware/install/altair_interfaces/local/lib/python3.10/dist-packages/altair_interfaces/srv'...\n"}
[0.668717] (can_msgs) StdoutLine: {'line': b'-- Up-to-date: /home/altair/Person_Tracking_Roboware/install/can_msgs/share/can_msgs/cmake/rosidl_cmake_export_typesupport_targets-extras.cmake\n'}
[0.668923] (can_msgs) StdoutLine: {'line': b'-- Up-to-date: /home/altair/Person_Tracking_Roboware/install/can_msgs/share/can_msgs/cmake/rosidl_cmake_export_typesupport_libraries-extras.cmake\n'}
[0.669100] (can_msgs) StdoutLine: {'line': b'-- Up-to-date: /home/altair/Person_Tracking_Roboware/install/can_msgs/share/can_msgs/cmake/can_msgsConfig.cmake\n'}
[0.669241] (can_msgs) StdoutLine: {'line': b'-- Up-to-date: /home/altair/Person_Tracking_Roboware/install/can_msgs/share/can_msgs/cmake/can_msgsConfig-version.cmake\n'}
[0.669467] (can_msgs) StdoutLine: {'line': b'-- Up-to-date: /home/altair/Person_Tracking_Roboware/install/can_msgs/share/can_msgs/package.xml\n'}
[0.669661] (can_msgs) CommandEnded: {'returncode': 0}
[0.671383] (altair_interfaces) StdoutLine: {'line': b'-- Up-to-date: /home/altair/Person_Tracking_Roboware/install/altair_interfaces/local/lib/python3.10/dist-packages/altair_interfaces/altair_interfaces_s__rosidl_typesupport_fastrtps_c.cpython-310-x86_64-linux-gnu.so\n'}
[0.671848] (altair_interfaces) StdoutLine: {'line': b'-- Up-to-date: /home/altair/Person_Tracking_Roboware/install/altair_interfaces/local/lib/python3.10/dist-packages/altair_interfaces/altair_interfaces_s__rosidl_typesupport_introspection_c.cpython-310-x86_64-linux-gnu.so\n'}
[0.672100] (altair_interfaces) StdoutLine: {'line': b'-- Up-to-date: /home/altair/Person_Tracking_Roboware/install/altair_interfaces/local/lib/python3.10/dist-packages/altair_interfaces/altair_interfaces_s__rosidl_typesupport_c.cpython-310-x86_64-linux-gnu.so\n'}
[0.672565] (altair_interfaces) StdoutLine: {'line': b'-- Up-to-date: /home/altair/Person_Tracking_Roboware/install/altair_interfaces/lib/libaltair_interfaces__rosidl_generator_py.so\n'}
[0.672910] (altair_interfaces) StdoutLine: {'line': b'-- Up-to-date: /home/altair/Person_Tracking_Roboware/install/altair_interfaces/share/ament_index/resource_index/rust_packages/altair_interfaces\n'}
[0.673072] (altair_interfaces) StdoutLine: {'line': b'-- Up-to-date: /home/altair/Person_Tracking_Roboware/install/altair_interfaces/share/altair_interfaces/rust\n'}
[0.673268] (altair_interfaces) StdoutLine: {'line': b'-- Up-to-date: /home/altair/Person_Tracking_Roboware/install/altair_interfaces/share/altair_interfaces/rust/Cargo.toml\n'}
[0.673467] (altair_interfaces) StdoutLine: {'line': b'-- Up-to-date: /home/altair/Person_Tracking_Roboware/install/altair_interfaces/share/altair_interfaces/rust/src\n'}
[0.673708] (altair_interfaces) StdoutLine: {'line': b'-- Up-to-date: /home/altair/Person_Tracking_Roboware/install/altair_interfaces/share/altair_interfaces/rust/src/msg\n'}
[0.673829] (altair_interfaces) StdoutLine: {'line': b'-- Up-to-date: /home/altair/Person_Tracking_Roboware/install/altair_interfaces/share/altair_interfaces/rust/src/msg/rmw.rs\n'}
[0.673991] (altair_interfaces) StdoutLine: {'line': b'-- Up-to-date: /home/altair/Person_Tracking_Roboware/install/altair_interfaces/share/altair_interfaces/rust/src/srv\n'}
[0.674244] (altair_interfaces) StdoutLine: {'line': b'-- Up-to-date: /home/altair/Person_Tracking_Roboware/install/altair_interfaces/share/altair_interfaces/rust/src/srv/rmw.rs\n'}
[0.674405] (altair_interfaces) StdoutLine: {'line': b'-- Up-to-date: /home/altair/Person_Tracking_Roboware/install/altair_interfaces/share/altair_interfaces/rust/src/msg.rs\n'}
[0.674566] (altair_interfaces) StdoutLine: {'line': b'-- Up-to-date: /home/altair/Person_Tracking_Roboware/install/altair_interfaces/share/altair_interfaces/rust/src/lib.rs\n'}
[0.674808] (altair_interfaces) StdoutLine: {'line': b'-- Up-to-date: /home/altair/Person_Tracking_Roboware/install/altair_interfaces/share/altair_interfaces/rust/src/srv.rs\n'}
[0.675009] (altair_interfaces) StdoutLine: {'line': b'-- Up-to-date: /home/altair/Person_Tracking_Roboware/install/altair_interfaces/share/altair_interfaces/rust/build.rs\n'}
[0.675230] (altair_interfaces) StdoutLine: {'line': b'-- Up-to-date: /home/altair/Person_Tracking_Roboware/install/altair_interfaces/share/altair_interfaces/msg/CanStatus.idl\n'}
[0.675414] (altair_interfaces) StdoutLine: {'line': b'-- Up-to-date: /home/altair/Person_Tracking_Roboware/install/altair_interfaces/share/altair_interfaces/msg/MddFeedback.idl\n'}
[0.675653] (altair_interfaces) StdoutLine: {'line': b'-- Up-to-date: /home/altair/Person_Tracking_Roboware/install/altair_interfaces/share/altair_interfaces/msg/MddCommand.idl\n'}
[0.675800] (altair_interfaces) StdoutLine: {'line': b'-- Up-to-date: /home/altair/Person_Tracking_Roboware/install/altair_interfaces/share/altair_interfaces/msg/ServoCommand.idl\n'}
[0.675976] (altair_interfaces) StdoutLine: {'line': b'-- Up-to-date: /home/altair/Person_Tracking_Roboware/install/altair_interfaces/share/altair_interfaces/msg/SolenoidCommand.idl\n'}
[0.676231] (altair_interfaces) StdoutLine: {'line': b'-- Up-to-date: /home/altair/Person_Tracking_Roboware/install/altair_interfaces/share/altair_interfaces/srv/TriggerControl.idl\n'}
[0.676416] (altair_interfaces) StdoutLine: {'line': b'-- Up-to-date: /home/altair/Person_Tracking_Roboware/install/altair_interfaces/share/altair_interfaces/srv/GetAvailablePorts.idl\n'}
[0.678149] (altair_interfaces) StdoutLine: {'line': b'-- Up-to-date: /home/altair/Person_Tracking_Roboware/install/altair_interfaces/share/altair_interfaces/srv/ConnectCan.idl\n'}
[0.678972] (altair_interfaces) StdoutLine: {'line': b'-- Up-to-date: /home/altair/Person_Tracking_Roboware/install/altair_interfaces/share/altair_interfaces/srv/StartBehavior.idl\n'}
[0.679136] (altair_interfaces) StdoutLine: {'line': b'-- Up-to-date: /home/altair/Person_Tracking_Roboware/install/altair_interfaces/share/altair_interfaces/msg/CanStatus.msg\n'}
[0.680655] (altair_interfaces) StdoutLine: {'line': b'-- Up-to-date: /home/altair/Person_Tracking_Roboware/install/altair_interfaces/share/altair_interfaces/msg/MddFeedback.msg\n'}
[0.681016] (altair_interfaces) StdoutLine: {'line': b'-- Up-to-date: /home/altair/Person_Tracking_Roboware/install/altair_interfaces/share/altair_interfaces/msg/MddCommand.msg\n'}
[0.681221] (altair_interfaces) StdoutLine: {'line': b'-- Up-to-date: /home/altair/Person_Tracking_Roboware/install/altair_interfaces/share/altair_interfaces/msg/ServoCommand.msg\n'}
[0.681888] (altair_interfaces) StdoutLine: {'line': b'-- Up-to-date: /home/altair/Person_Tracking_Roboware/install/altair_interfaces/share/altair_interfaces/msg/SolenoidCommand.msg\n'}
[0.682214] (altair_interfaces) StdoutLine: {'line': b'-- Up-to-date: /home/altair/Person_Tracking_Roboware/install/altair_interfaces/share/altair_interfaces/srv/TriggerControl.srv\n'}
[0.682386] (altair_interfaces) StdoutLine: {'line': b'-- Up-to-date: /home/altair/Person_Tracking_Roboware/install/altair_interfaces/share/altair_interfaces/srv/TriggerControl_Request.msg\n'}
[0.682717] (altair_interfaces) StdoutLine: {'line': b'-- Up-to-date: /home/altair/Person_Tracking_Roboware/install/altair_interfaces/share/altair_interfaces/srv/TriggerControl_Response.msg\n'}
[0.682968] (altair_interfaces) StdoutLine: {'line': b'-- Up-to-date: /home/altair/Person_Tracking_Roboware/install/altair_interfaces/share/altair_interfaces/srv/GetAvailablePorts.srv\n'}
[0.683094] (altair_interfaces) StdoutLine: {'line': b'-- Up-to-date: /home/altair/Person_Tracking_Roboware/install/altair_interfaces/share/altair_interfaces/srv/GetAvailablePorts_Request.msg\n'}
[0.683359] (altair_interfaces) StdoutLine: {'line': b'-- Up-to-date: /home/altair/Person_Tracking_Roboware/install/altair_interfaces/share/altair_interfaces/srv/GetAvailablePorts_Response.msg\n'}
[0.683677] (altair_interfaces) StdoutLine: {'line': b'-- Up-to-date: /home/altair/Person_Tracking_Roboware/install/altair_interfaces/share/altair_interfaces/srv/ConnectCan.srv\n'}
[0.683850] (altair_interfaces) StdoutLine: {'line': b'-- Up-to-date: /home/altair/Person_Tracking_Roboware/install/altair_interfaces/share/altair_interfaces/srv/ConnectCan_Request.msg\n'}
[0.684083] (altair_interfaces) StdoutLine: {'line': b'-- Up-to-date: /home/altair/Person_Tracking_Roboware/install/altair_interfaces/share/altair_interfaces/srv/ConnectCan_Response.msg\n'}
[0.686300] (altair_interfaces) StdoutLine: {'line': b'-- Up-to-date: /home/altair/Person_Tracking_Roboware/install/altair_interfaces/share/altair_interfaces/srv/StartBehavior.srv\n'}
[0.686446] (altair_interfaces) StdoutLine: {'line': b'-- Up-to-date: /home/altair/Person_Tracking_Roboware/install/altair_interfaces/share/altair_interfaces/srv/StartBehavior_Request.msg\n'}
[0.687127] (altair_interfaces) StdoutLine: {'line': b'-- Up-to-date: /home/altair/Person_Tracking_Roboware/install/altair_interfaces/share/altair_interfaces/srv/StartBehavior_Response.msg\n'}
[0.687360] (altair_interfaces) StdoutLine: {'line': b'-- Up-to-date: /home/altair/Person_Tracking_Roboware/install/altair_interfaces/share/ament_index/resource_index/package_run_dependencies/altair_interfaces\n'}
[0.687594] (altair_interfaces) StdoutLine: {'line': b'-- Up-to-date: /home/altair/Person_Tracking_Roboware/install/altair_interfaces/share/ament_index/resource_index/parent_prefix_path/altair_interfaces\n'}
[0.688335] (altair_interfaces) StdoutLine: {'line': b'-- Up-to-date: /home/altair/Person_Tracking_Roboware/install/altair_interfaces/share/altair_interfaces/environment/ament_prefix_path.sh\n'}
[0.688597] (altair_interfaces) StdoutLine: {'line': b'-- Up-to-date: /home/altair/Person_Tracking_Roboware/install/altair_interfaces/share/altair_interfaces/environment/ament_prefix_path.dsv\n'}
[0.688747] (altair_interfaces) StdoutLine: {'line': b'-- Up-to-date: /home/altair/Person_Tracking_Roboware/install/altair_interfaces/share/altair_interfaces/environment/path.sh\n'}
[0.689370] (altair_interfaces) StdoutLine: {'line': b'-- Up-to-date: /home/altair/Person_Tracking_Roboware/install/altair_interfaces/share/altair_interfaces/environment/path.dsv\n'}
[0.689574] (altair_interfaces) StdoutLine: {'line': b'-- Up-to-date: /home/altair/Person_Tracking_Roboware/install/altair_interfaces/share/altair_interfaces/local_setup.bash\n'}
[0.689865] (altair_interfaces) StdoutLine: {'line': b'-- Up-to-date: /home/altair/Person_Tracking_Roboware/install/altair_interfaces/share/altair_interfaces/local_setup.sh\n'}
[0.690418] (altair_interfaces) StdoutLine: {'line': b'-- Up-to-date: /home/altair/Person_Tracking_Roboware/install/altair_interfaces/share/altair_interfaces/local_setup.zsh\n'}
[0.690555] (altair_interfaces) StdoutLine: {'line': b'-- Up-to-date: /home/altair/Person_Tracking_Roboware/install/altair_interfaces/share/altair_interfaces/local_setup.dsv\n'}
[0.690740] (altair_interfaces) StdoutLine: {'line': b'-- Installing: /home/altair/Person_Tracking_Roboware/install/altair_interfaces/share/altair_interfaces/package.dsv\n'}
[0.691058] (altair_interfaces) StdoutLine: {'line': b'-- Up-to-date: /home/altair/Person_Tracking_Roboware/install/altair_interfaces/share/ament_index/resource_index/packages/altair_interfaces\n'}
[0.691223] (altair_interfaces) StdoutLine: {'line': b'-- Up-to-date: /home/altair/Person_Tracking_Roboware/install/altair_interfaces/share/altair_interfaces/cmake/export_altair_interfaces__rosidl_generator_cExport.cmake\n'}
[0.691425] (altair_interfaces) StdoutLine: {'line': b'-- Up-to-date: /home/altair/Person_Tracking_Roboware/install/altair_interfaces/share/altair_interfaces/cmake/export_altair_interfaces__rosidl_generator_cExport-noconfig.cmake\n'}
[0.691575] (altair_interfaces) StdoutLine: {'line': b'-- Up-to-date: /home/altair/Person_Tracking_Roboware/install/altair_interfaces/share/altair_interfaces/cmake/export_altair_interfaces__rosidl_typesupport_fastrtps_cExport.cmake\n'}
[0.691770] (altair_interfaces) StdoutLine: {'line': b'-- Up-to-date: /home/altair/Person_Tracking_Roboware/install/altair_interfaces/share/altair_interfaces/cmake/export_altair_interfaces__rosidl_typesupport_fastrtps_cExport-noconfig.cmake\n'}
[0.691974] (altair_interfaces) StdoutLine: {'line': b'-- Up-to-date: /home/altair/Person_Tracking_Roboware/install/altair_interfaces/share/altair_interfaces/cmake/altair_interfaces__rosidl_typesupport_introspection_cExport.cmake\n'}
[0.692655] (altair_interfaces) StdoutLine: {'line': b'-- Up-to-date: /home/altair/Person_Tracking_Roboware/install/altair_interfaces/share/altair_interfaces/cmake/altair_interfaces__rosidl_typesupport_introspection_cExport-noconfig.cmake\n'}
[0.692977] (altair_interfaces) StdoutLine: {'line': b'-- Up-to-date: /home/altair/Person_Tracking_Roboware/install/altair_interfaces/share/altair_interfaces/cmake/altair_interfaces__rosidl_typesupport_cExport.cmake\n'}
[0.693174] (altair_interfaces) StdoutLine: {'line': b'-- Up-to-date: /home/altair/Person_Tracking_Roboware/install/altair_interfaces/share/altair_interfaces/cmake/altair_interfaces__rosidl_typesupport_cExport-noconfig.cmake\n'}
[0.693424] (altair_interfaces) StdoutLine: {'line': b'-- Up-to-date: /home/altair/Person_Tracking_Roboware/install/altair_interfaces/share/altair_interfaces/cmake/export_altair_interfaces__rosidl_generator_cppExport.cmake\n'}
[0.693562] (altair_interfaces) StdoutLine: {'line': b'-- Up-to-date: /home/altair/Person_Tracking_Roboware/install/altair_interfaces/share/altair_interfaces/cmake/export_altair_interfaces__rosidl_typesupport_fastrtps_cppExport.cmake\n'}
[0.693755] (altair_interfaces) StdoutLine: {'line': b'-- Up-to-date: /home/altair/Person_Tracking_Roboware/install/altair_interfaces/share/altair_interfaces/cmake/export_altair_interfaces__rosidl_typesupport_fastrtps_cppExport-noconfig.cmake\n'}
[0.693959] (altair_interfaces) StdoutLine: {'line': b'-- Up-to-date: /home/altair/Person_Tracking_Roboware/install/altair_interfaces/share/altair_interfaces/cmake/altair_interfaces__rosidl_typesupport_introspection_cppExport.cmake\n'}
[0.694154] (altair_interfaces) StdoutLine: {'line': b'-- Up-to-date: /home/altair/Person_Tracking_Roboware/install/altair_interfaces/share/altair_interfaces/cmake/altair_interfaces__rosidl_typesupport_introspection_cppExport-noconfig.cmake\n'}
[0.694381] (altair_interfaces) StdoutLine: {'line': b'-- Up-to-date: /home/altair/Person_Tracking_Roboware/install/altair_interfaces/share/altair_interfaces/cmake/altair_interfaces__rosidl_typesupport_cppExport.cmake\n'}
[0.694545] (altair_interfaces) StdoutLine: {'line': b'-- Up-to-date: /home/altair/Person_Tracking_Roboware/install/altair_interfaces/share/altair_interfaces/cmake/altair_interfaces__rosidl_typesupport_cppExport-noconfig.cmake\n'}
[0.694705] (altair_interfaces) StdoutLine: {'line': b'-- Up-to-date: /home/altair/Person_Tracking_Roboware/install/altair_interfaces/share/altair_interfaces/cmake/export_altair_interfaces__rosidl_generator_pyExport.cmake\n'}
[0.694852] (altair_interfaces) StdoutLine: {'line': b'-- Up-to-date: /home/altair/Person_Tracking_Roboware/install/altair_interfaces/share/altair_interfaces/cmake/export_altair_interfaces__rosidl_generator_pyExport-noconfig.cmake\n'}
[0.695002] (altair_interfaces) StdoutLine: {'line': b'-- Up-to-date: /home/altair/Person_Tracking_Roboware/install/altair_interfaces/share/altair_interfaces/cmake/rosidl_cmake-extras.cmake\n'}
[0.695154] (altair_interfaces) StdoutLine: {'line': b'-- Up-to-date: /home/altair/Person_Tracking_Roboware/install/altair_interfaces/share/altair_interfaces/cmake/ament_cmake_export_include_directories-extras.cmake\n'}
[0.695299] (altair_interfaces) StdoutLine: {'line': b'-- Up-to-date: /home/altair/Person_Tracking_Roboware/install/altair_interfaces/share/altair_interfaces/cmake/ament_cmake_export_libraries-extras.cmake\n'}
[0.695443] (altair_interfaces) StdoutLine: {'line': b'-- Up-to-date: /home/altair/Person_Tracking_Roboware/install/altair_interfaces/share/altair_interfaces/cmake/ament_cmake_export_targets-extras.cmake\n'}
[0.695598] (altair_interfaces) StdoutLine: {'line': b'-- Up-to-date: /home/altair/Person_Tracking_Roboware/install/altair_interfaces/share/altair_interfaces/cmake/rosidl_cmake_export_typesupport_targets-extras.cmake\n'}
[0.695761] (altair_interfaces) StdoutLine: {'line': b'-- Up-to-date: /home/altair/Person_Tracking_Roboware/install/altair_interfaces/share/altair_interfaces/cmake/ament_cmake_export_dependencies-extras.cmake\n'}
[0.695918] (altair_interfaces) StdoutLine: {'line': b'-- Up-to-date: /home/altair/Person_Tracking_Roboware/install/altair_interfaces/share/altair_interfaces/cmake/rosidl_cmake_export_typesupport_libraries-extras.cmake\n'}
[0.696061] (altair_interfaces) StdoutLine: {'line': b'-- Up-to-date: /home/altair/Person_Tracking_Roboware/install/altair_interfaces/share/altair_interfaces/cmake/altair_interfacesConfig.cmake\n'}
[0.696218] (altair_interfaces) StdoutLine: {'line': b'-- Up-to-date: /home/altair/Person_Tracking_Roboware/install/altair_interfaces/share/altair_interfaces/cmake/altair_interfacesConfig-version.cmake\n'}
[0.696383] (altair_interfaces) StdoutLine: {'line': b'-- Up-to-date: /home/altair/Person_Tracking_Roboware/install/altair_interfaces/share/altair_interfaces/package.xml\n'}
[0.700638] (-) TimerEvent: {}
[0.703324] (can_msgs) JobEnded: {'identifier': 'can_msgs', 'rc': 0}
[0.705129] (altair_interfaces) CommandEnded: {'returncode': 0}
[0.722630] (altair_interfaces) JobEnded: {'identifier': 'altair_interfaces', 'rc': 0}
[0.723788] (Robowarepkg) JobStarted: {'identifier': 'Robowarepkg'}
[0.727992] (altair_can_bridge) JobStarted: {'identifier': 'altair_can_bridge'}
[0.800769] (-) TimerEvent: {}
[0.901032] (-) TimerEvent: {}
[1.001304] (-) TimerEvent: {}
[1.031231] (altair_can_bridge) JobProgress: {'identifier': 'altair_can_bridge', 'progress': 'cmake'}
[1.032685] (altair_can_bridge) JobProgress: {'identifier': 'altair_can_bridge', 'progress': 'build'}
[1.032765] (altair_can_bridge) Command: {'cmd': ['/usr/bin/cmake', '--build', '/home/altair/Person_Tracking_Roboware/build/altair_can_bridge', '--', '-j8', '-l8'], 'cwd': '/home/altair/Person_Tracking_Roboware/build/altair_can_bridge', 'env': OrderedDict([('GJS_DEBUG_TOPICS', 'JS ERROR;JS LOG'), ('LESSOPEN', '| /usr/bin/lesspipe %s'), ('LANGUAGE', 'ja:en'), ('USER', 'altair'), ('LC_TIME', 'ja_JP.UTF-8'), ('XDG_SESSION_TYPE', 'wayland'), ('STM32CubeMX_PATH', '/home/altair/STM32CubeMX'), ('SHLVL', '2'), ('LD_LIBRARY_PATH', '/home/altair/Person_Tracking_Roboware/install/can_msgs/lib:/home/altair/Person_Tracking_Roboware/install/altair_interfaces/lib:/usr/local/lib:/usr/lib/x86_64-linux-gnu/gazebo-11/plugins:/opt/ros/humble/opt/rviz_ogre_vendor/lib:/opt/ros/humble/lib/x86_64-linux-gnu:/opt/ros/humble/lib'), ('HOME', '/home/altair'), ('TERM_PROGRAM_VERSION', '20240203-110809-5046fc22'), ('DESKTOP_SESSION', 'ubuntu'), ('GIO_LAUNCHED_DESKTOP_FILE', '/usr/share/applications/org.wezfurlong.wezterm.desktop'), ('ROS_PYTHON_VERSION', '3'), ('GNOME_SHELL_SESSION_MODE', 'ubuntu'), ('GTK_MODULES', 'gail:atk-bridge'), ('LC_MONETARY', 'ja_JP.UTF-8'), ('MANAGERPID', '1085'), ('SSL_CERT_FILE', '/usr/lib/ssl/certs/ca-certificates.crt'), ('SYSTEMD_EXEC_PID', '1322'), ('DBUS_SESSION_BUS_ADDRESS', 'unix:path=/run/user/1000/bus'), ('COLORTERM', 'truecolor'), ('GIO_LAUNCHED_DESKTOP_FILE_PID', '2439'), ('WEZTERM_EXECUTABLE', '/usr/bin/wezterm-gui'), ('IM_CONFIG_PHASE', '1'), ('WAYLAND_DISPLAY', 'wayland-0'), ('ROS_DISTRO', 'humble'), ('LOGNAME', 'altair'), ('JOURNAL_STREAM', '8:1917'), ('_', '/usr/bin/colcon'), ('ROS_VERSION', '2'), ('XDG_SESSION_CLASS', 'user'), ('USERNAME', 'altair'), ('TERM', 'xterm-256color'), ('GNOME_DESKTOP_SESSION_ID', 'this-is-deprecated'), ('WEZTERM_CONFIG_FILE', '/home/altair/.wezterm.lua'), ('ROS_LOCALHOST_ONLY', '0'), ('WEZTERM_EXECUTABLE_DIR', '/usr/bin'), ('PATH', '/home/altair/.local/bin:/home/altair/spresenseenv/usr/bin:/opt/ros/humble/bin:/home/altair/.local/bin:/home/altair/.local/bin:/home/altair/bin:/usr/local/sbin:/usr/local/bin:/usr/sbin:/usr/bin:/sbin:/bin:/usr/games:/usr/local/games:/snap/bin:/snap/bin:/home/altair/bin:/home/altair/bin'), ('SESSION_MANAGER', 'local/altair-ThinkPad-L380:@/tmp/.ICE-unix/1272,unix/altair-ThinkPad-L380:/tmp/.ICE-unix/1272'), ('INVOCATION_ID', '72e2abd6bbc74719b93804593a356401'), ('PAPERSIZE', 'a4'), ('XDG_MENU_PREFIX', 'gnome-'), ('LC_ADDRESS', 'ja_JP.UTF-8'), ('GNOME_SETUP_DISPLAY', ':1'), ('XDG_RUNTIME_DIR', '/run/user/1000'), ('SSL_CERT_DIR', '/usr/lib/ssl/certs'), ('DISPLAY', ':0'), ('LANG', 'ja_JP.UTF-8'), ('XDG_CURRENT_DESKTOP', 'ubuntu:GNOME'), ('LC_TELEPHONE', 'ja_JP.UTF-8'), ('XMODIFIERS', '@im=ibus'), ('XDG_SESSION_DESKTOP', 'ubuntu'), ('XAUTHORITY', '/run/user/1000/.mutter-Xwaylandauth.YPJIT3'), ('LS_COLORS', 'rs=0:di=01;34:ln=01;36:mh=00:pi=40;33:so=01;35:do=01;35:bd=40;33;01:cd=40;33;01:or=40;31;01:mi=00:su=37;41:sg=30;43:ca=30;41:tw=30;42:ow=34;42:st=37;44:ex=01;32:*.tar=01;31:*.tgz=01;31:*.arc=01;31:*.arj=01;31:*.taz=01;31:*.lha=01;31:*.lz4=01;31:*.lzh=01;31:*.lzma=01;31:*.tlz=01;31:*.txz=01;31:*.tzo=01;31:*.t7z=01;31:*.zip=01;31:*.z=01;31:*.dz=01;31:*.gz=01;31:*.lrz=01;31:*.lz=01;31:*.lzo=01;31:*.xz=01;31:*.zst=01;31:*.tzst=01;31:*.bz2=01;31:*.bz=01;31:*.tbz=01;31:*.tbz2=01;31:*.tz=01;31:*.deb=01;31:*.rpm=01;31:*.jar=01;31:*.war=01;31:*.ear=01;31:*.sar=01;31:*.rar=01;31:*.alz=01;31:*.ace=01;31:*.zoo=01;31:*.cpio=01;31:*.7z=01;31:*.rz=01;31:*.cab=01;31:*.wim=01;31:*.swm=01;31:*.dwm=01;31:*.esd=01;31:*.jpg=01;35:*.jpeg=01;35:*.mjpg=01;35:*.mjpeg=01;35:*.gif=01;35:*.bmp=01;35:*.pbm=01;35:*.pgm=01;35:*.ppm=01;35:*.tga=01;35:*.xbm=01;35:*.xpm=01;35:*.tif=01;35:*.tiff=01;35:*.png=01;35:*.svg=01;35:*.svgz=01;35:*.mng=01;35:*.pcx=01;35:*.mov=01;35:*.mpg=01;35:*.mpeg=01;35:*.m2v=01;35:*.mkv=01;35:*.webm=01;35:*.webp=01;35:*.ogm=01;35:*.mp4=01;35:*.m4v=01;35:*.mp4v=01;35:*.vob=01;35:*.qt=01;35:*.nuv=01;35:*.wmv=01;35:*.asf=01;35:*.rm=01;35:*.rmvb=01;35:*.flc=01;35:*.avi=01;35:*.fli=01;35:*.flv=01;35:*.gl=01;35:*.dl=01;35:*.xcf=01;35:*.xwd=01;35:*.yuv=01;35:*.cgm=01;35:*.emf=01;35:*.ogv=01;35:*.ogx=01;35:*.aac=00;36:*.au=00;36:*.flac=00;36:*.m4a=00;36:*.mid=00;36:*.midi=00;36:*.mka=00;36:*.mp3=00;36:*.mpc=00;36:*.ogg=00;36:*.ra=00;36:*.wav=00;36:*.oga=00;36:*.opus=00;36:*.spx=00;36:*.xspf=00;36:'), ('TERM_PROGRAM', 'WezTerm'), ('SSH_AGENT_LAUNCHER', 'gnome-keyring'), ('SSH_AUTH_SOCK', '/run/user/1000/keyring/ssh'), ('ROS_DOMAIN_ID', '0'), ('AMENT_PREFIX_PATH', '/home/altair/Person_Tracking_Roboware/install/can_msgs:/home/altair/Person_Tracking_Roboware/install/altair_interfaces:/opt/ros/humble'), ('SHELL', '/bin/bash'), ('LC_NAME', 'ja_JP.UTF-8'), ('QT_ACCESSIBILITY', '1'), ('GDMSESSION', 'ubuntu'), ('LESSCLOSE', '/usr/bin/lesspipe %s %s'), ('LC_MEASUREMENT', 'ja_JP.UTF-8'), ('GJS_DEBUG_OUTPUT', 'stderr'), ('LC_IDENTIFICATION', 'ja_JP.UTF-8'), ('WEZTERM_CONFIG_DIR', '/home/altair'), ('QT_IM_MODULE', 'ibus'), ('PWD', '/home/altair/Person_Tracking_Roboware/build/altair_can_bridge'), ('LC_ALL', 'en_US.UTF-8'), ('XDG_CONFIG_DIRS', '/etc/xdg/xdg-ubuntu:/etc/xdg'), ('XDG_DATA_DIRS', '/usr/share/ubuntu:/usr/local/share/:/usr/share/:/var/lib/snapd/desktop'), ('WEZTERM_UNIX_SOCKET', '/run/user/1000/wezterm/gui-sock-2439'), ('PYTHONPATH', '/home/altair/Person_Tracking_Roboware/install/can_msgs/local/lib/python3.10/dist-packages:/home/altair/Person_Tracking_Roboware/install/altair_interfaces/local/lib/python3.10/dist-packages:/opt/ros/humble/lib/python3.10/site-packages:/opt/ros/humble/local/lib/python3.10/dist-packages'), ('LC_NUMERIC', 'ja_JP.UTF-8'), ('LC_PAPER', 'ja_JP.UTF-8'), ('WEZTERM_PANE', '2'), ('COLCON', '1'), ('CMAKE_PREFIX_PATH', '/home/altair/Person_Tracking_Roboware/install/can_msgs:/home/altair/Person_Tracking_Roboware/install/altair_interfaces:/opt/ros/humble')]), 'shell': False}
[1.071857] (altair_can_bridge) StdoutLine: {'line': b'[100%] Built target can_bridge_node\n'}
[1.077519] (altair_can_bridge) CommandEnded: {'returncode': 0}
[1.078179] (altair_can_bridge) JobProgress: {'identifier': 'altair_can_bridge', 'progress': 'install'}
[1.078563] (altair_can_bridge) Command: {'cmd': ['/usr/bin/cmake', '--install', '/home/altair/Person_Tracking_Roboware/build/altair_can_bridge'], 'cwd': '/home/altair/Person_Tracking_Roboware/build/altair_can_bridge', 'env': OrderedDict([('GJS_DEBUG_TOPICS', 'JS ERROR;JS LOG'), ('LESSOPEN', '| /usr/bin/lesspipe %s'), ('LANGUAGE', 'ja:en'), ('USER', 'altair'), ('LC_TIME', 'ja_JP.UTF-8'), ('XDG_SESSION_TYPE', 'wayland'), ('STM32CubeMX_PATH', '/home/altair/STM32CubeMX'), ('SHLVL', '2'), ('LD_LIBRARY_PATH', '/home/altair/Person_Tracking_Roboware/install/can_msgs/lib:/home/altair/Person_Tracking_Roboware/install/altair_interfaces/lib:/usr/local/lib:/usr/lib/x86_64-linux-gnu/gazebo-11/plugins:/opt/ros/humble/opt/rviz_ogre_vendor/lib:/opt/ros/humble/lib/x86_64-linux-gnu:/opt/ros/humble/lib'), ('HOME', '/home/altair'), ('TERM_PROGRAM_VERSION', '20240203-110809-5046fc22'), ('DESKTOP_SESSION', 'ubuntu'), ('GIO_LAUNCHED_DESKTOP_FILE', '/usr/share/applications/org.wezfurlong.wezterm.desktop'), ('ROS_PYTHON_VERSION', '3'), ('GNOME_SHELL_SESSION_MODE', 'ubuntu'), ('GTK_MODULES', 'gail:atk-bridge'), ('LC_MONETARY', 'ja_JP.UTF-8'), ('MANAGERPID', '1085'), ('SSL_CERT_FILE', '/usr/lib/ssl/certs/ca-certificates.crt'), ('SYSTEMD_EXEC_PID', '1322'), ('DBUS_SESSION_BUS_ADDRESS', 'unix:path=/run/user/1000/bus'), ('COLORTERM', 'truecolor'), ('GIO_LAUNCHED_DESKTOP_FILE_PID', '2439'), ('WEZTERM_EXECUTABLE', '/usr/bin/wezterm-gui'), ('IM_CONFIG_PHASE', '1'), ('WAYLAND_DISPLAY', 'wayland-0'), ('ROS_DISTRO', 'humble'), ('LOGNAME', 'altair'), ('JOURNAL_STREAM', '8:1917'), ('_', '/usr/bin/colcon'), ('ROS_VERSION', '2'), ('XDG_SESSION_CLASS', 'user'), ('USERNAME', 'altair'), ('TERM', 'xterm-256color'), ('GNOME_DESKTOP_SESSION_ID', 'this-is-deprecated'), ('WEZTERM_CONFIG_FILE', '/home/altair/.wezterm.lua'), ('ROS_LOCALHOST_ONLY', '0'), ('WEZTERM_EXECUTABLE_DIR', '/usr/bin'), ('PATH', '/home/altair/.local/bin:/home/altair/spresenseenv/usr/bin:/opt/ros/humble/bin:/home/altair/.local/bin:/home/altair/.local/bin:/home/altair/bin:/usr/local/sbin:/usr/local/bin:/usr/sbin:/usr/bin:/sbin:/bin:/usr/games:/usr/local/games:/snap/bin:/snap/bin:/home/altair/bin:/home/altair/bin'), ('SESSION_MANAGER', 'local/altair-ThinkPad-L380:@/tmp/.ICE-unix/1272,unix/altair-ThinkPad-L380:/tmp/.ICE-unix/1272'), ('INVOCATION_ID', '72e2abd6bbc74719b93804593a356401'), ('PAPERSIZE', 'a4'), ('XDG_MENU_PREFIX', 'gnome-'), ('LC_ADDRESS', 'ja_JP.UTF-8'), ('GNOME_SETUP_DISPLAY', ':1'), ('XDG_RUNTIME_DIR', '/run/user/1000'), ('SSL_CERT_DIR', '/usr/lib/ssl/certs'), ('DISPLAY', ':0'), ('LANG', 'ja_JP.UTF-8'), ('XDG_CURRENT_DESKTOP', 'ubuntu:GNOME'), ('LC_TELEPHONE', 'ja_JP.UTF-8'), ('XMODIFIERS', '@im=ibus'), ('XDG_SESSION_DESKTOP', 'ubuntu'), ('XAUTHORITY', '/run/user/1000/.mutter-Xwaylandauth.YPJIT3'), ('LS_COLORS', 'rs=0:di=01;34:ln=01;36:mh=00:pi=40;33:so=01;35:do=01;35:bd=40;33;01:cd=40;33;01:or=40;31;01:mi=00:su=37;41:sg=30;43:ca=30;41:tw=30;42:ow=34;42:st=37;44:ex=01;32:*.tar=01;31:*.tgz=01;31:*.arc=01;31:*.arj=01;31:*.taz=01;31:*.lha=01;31:*.lz4=01;31:*.lzh=01;31:*.lzma=01;31:*.tlz=01;31:*.txz=01;31:*.tzo=01;31:*.t7z=01;31:*.zip=01;31:*.z=01;31:*.dz=01;31:*.gz=01;31:*.lrz=01;31:*.lz=01;31:*.lzo=01;31:*.xz=01;31:*.zst=01;31:*.tzst=01;31:*.bz2=01;31:*.bz=01;31:*.tbz=01;31:*.tbz2=01;31:*.tz=01;31:*.deb=01;31:*.rpm=01;31:*.jar=01;31:*.war=01;31:*.ear=01;31:*.sar=01;31:*.rar=01;31:*.alz=01;31:*.ace=01;31:*.zoo=01;31:*.cpio=01;31:*.7z=01;31:*.rz=01;31:*.cab=01;31:*.wim=01;31:*.swm=01;31:*.dwm=01;31:*.esd=01;31:*.jpg=01;35:*.jpeg=01;35:*.mjpg=01;35:*.mjpeg=01;35:*.gif=01;35:*.bmp=01;35:*.pbm=01;35:*.pgm=01;35:*.ppm=01;35:*.tga=01;35:*.xbm=01;35:*.xpm=01;35:*.tif=01;35:*.tiff=01;35:*.png=01;35:*.svg=01;35:*.svgz=01;35:*.mng=01;35:*.pcx=01;35:*.mov=01;35:*.mpg=01;35:*.mpeg=01;35:*.m2v=01;35:*.mkv=01;35:*.webm=01;35:*.webp=01;35:*.ogm=01;35:*.mp4=01;35:*.m4v=01;35:*.mp4v=01;35:*.vob=01;35:*.qt=01;35:*.nuv=01;35:*.wmv=01;35:*.asf=01;35:*.rm=01;35:*.rmvb=01;35:*.flc=01;35:*.avi=01;35:*.fli=01;35:*.flv=01;35:*.gl=01;35:*.dl=01;35:*.xcf=01;35:*.xwd=01;35:*.yuv=01;35:*.cgm=01;35:*.emf=01;35:*.ogv=01;35:*.ogx=01;35:*.aac=00;36:*.au=00;36:*.flac=00;36:*.m4a=00;36:*.mid=00;36:*.midi=00;36:*.mka=00;36:*.mp3=00;36:*.mpc=00;36:*.ogg=00;36:*.ra=00;36:*.wav=00;36:*.oga=00;36:*.opus=00;36:*.spx=00;36:*.xspf=00;36:'), ('TERM_PROGRAM', 'WezTerm'), ('SSH_AGENT_LAUNCHER', 'gnome-keyring'), ('SSH_AUTH_SOCK', '/run/user/1000/keyring/ssh'), ('ROS_DOMAIN_ID', '0'), ('AMENT_PREFIX_PATH', '/home/altair/Person_Tracking_Roboware/install/can_msgs:/home/altair/Person_Tracking_Roboware/install/altair_interfaces:/opt/ros/humble'), ('SHELL', '/bin/bash'), ('LC_NAME', 'ja_JP.UTF-8'), ('QT_ACCESSIBILITY', '1'), ('GDMSESSION', 'ubuntu'), ('LESSCLOSE', '/usr/bin/lesspipe %s %s'), ('LC_MEASUREMENT', 'ja_JP.UTF-8'), ('GJS_DEBUG_OUTPUT', 'stderr'), ('LC_IDENTIFICATION', 'ja_JP.UTF-8'), ('WEZTERM_CONFIG_DIR', '/home/altair'), ('QT_IM_MODULE', 'ibus'), ('PWD', '/home/altair/Person_Tracking_Roboware/build/altair_can_bridge'), ('LC_ALL', 'en_US.UTF-8'), ('XDG_CONFIG_DIRS', '/etc/xdg/xdg-ubuntu:/etc/xdg'), ('XDG_DATA_DIRS', '/usr/share/ubuntu:/usr/local/share/:/usr/share/:/var/lib/snapd/desktop'), ('WEZTERM_UNIX_SOCKET', '/run/user/1000/wezterm/gui-sock-2439'), ('PYTHONPATH', '/home/altair/Person_Tracking_Roboware/install/can_msgs/local/lib/python3.10/dist-packages:/home/altair/Person_Tracking_Roboware/install/altair_interfaces/local/lib/python3.10/dist-packages:/opt/ros/humble/lib/python3.10/site-packages:/opt/ros/humble/local/lib/python3.10/dist-packages'), ('LC_NUMERIC', 'ja_JP.UTF-8'), ('LC_PAPER', 'ja_JP.UTF-8'), ('WEZTERM_PANE', '2'), ('COLCON', '1'), ('CMAKE_PREFIX_PATH', '/home/altair/Person_Tracking_Roboware/install/can_msgs:/home/altair/Person_Tracking_Roboware/install/altair_interfaces:/opt/ros/humble')]), 'shell': False}
[1.082705] (altair_can_bridge) StdoutLine: {'line': b'-- Install configuration: ""\n'}
[1.083038] (altair_can_bridge) StdoutLine: {'line': b'-- Up-to-date: /home/altair/Person_Tracking_Roboware/install/altair_can_bridge/lib/altair_can_bridge/can_bridge_node\n'}
[1.083213] (altair_can_bridge) StdoutLine: {'line': b'-- Up-to-date: /home/altair/Person_Tracking_Roboware/install/altair_can_bridge/share/altair_can_bridge/scripts\n'}
[1.083388] (altair_can_bridge) StdoutLine: {'line': b'-- Up-to-date: /home/altair/Person_Tracking_Roboware/install/altair_can_bridge/share/altair_can_bridge/scripts/ethernet_can_bridge.py\n'}
[1.083576] (altair_can_bridge) StdoutLine: {'line': b'-- Up-to-date: /home/altair/Person_Tracking_Roboware/install/altair_can_bridge/share/altair_can_bridge/scripts/setup_slcan.sh\n'}
[1.083724] (altair_can_bridge) StdoutLine: {'line': b'-- Up-to-date: /home/altair/Person_Tracking_Roboware/install/altair_can_bridge/share/ament_index/resource_index/package_run_dependencies/altair_can_bridge\n'}
[1.083938] (altair_can_bridge) StdoutLine: {'line': b'-- Up-to-date: /home/altair/Person_Tracking_Roboware/install/altair_can_bridge/share/ament_index/resource_index/parent_prefix_path/altair_can_bridge\n'}
[1.084131] (altair_can_bridge) StdoutLine: {'line': b'-- Up-to-date: /home/altair/Person_Tracking_Roboware/install/altair_can_bridge/share/altair_can_bridge/environment/ament_prefix_path.sh\n'}
[1.084257] (altair_can_bridge) StdoutLine: {'line': b'-- Up-to-date: /home/altair/Person_Tracking_Roboware/install/altair_can_bridge/share/altair_can_bridge/environment/ament_prefix_path.dsv\n'}
[1.084410] (altair_can_bridge) StdoutLine: {'line': b'-- Up-to-date: /home/altair/Person_Tracking_Roboware/install/altair_can_bridge/share/altair_can_bridge/environment/path.sh\n'}
[1.084598] (altair_can_bridge) StdoutLine: {'line': b'-- Up-to-date: /home/altair/Person_Tracking_Roboware/install/altair_can_bridge/share/altair_can_bridge/environment/path.dsv\n'}
[1.084761] (altair_can_bridge) StdoutLine: {'line': b'-- Up-to-date: /home/altair/Person_Tracking_Roboware/install/altair_can_bridge/share/altair_can_bridge/local_setup.bash\n'}
[1.084884] (altair_can_bridge) StdoutLine: {'line': b'-- Up-to-date: /home/altair/Person_Tracking_Roboware/install/altair_can_bridge/share/altair_can_bridge/local_setup.sh\n'}
[1.085005] (altair_can_bridge) StdoutLine: {'line': b'-- Up-to-date: /home/altair/Person_Tracking_Roboware/install/altair_can_bridge/share/altair_can_bridge/local_setup.zsh\n'}
[1.085118] (altair_can_bridge) StdoutLine: {'line': b'-- Up-to-date: /home/altair/Person_Tracking_Roboware/install/altair_can_bridge/share/altair_can_bridge/local_setup.dsv\n'}
[1.085231] (altair_can_bridge) StdoutLine: {'line': b'-- Installing: /home/altair/Person_Tracking_Roboware/install/altair_can_bridge/share/altair_can_bridge/package.dsv\n'}
[1.085579] (altair_can_bridge) StdoutLine: {'line': b'-- Up-to-date: /home/altair/Person_Tracking_Roboware/install/altair_can_bridge/share/ament_index/resource_index/packages/altair_can_bridge\n'}
[1.085980] (altair_can_bridge) StdoutLine: {'line': b'-- Up-to-date: /home/altair/Person_Tracking_Roboware/install/altair_can_bridge/share/altair_can_bridge/cmake/altair_can_bridgeConfig.cmake\n'}
[1.086864] (altair_can_bridge) StdoutLine: {'line': b'-- Up-to-date: /home/altair/Person_Tracking_Roboware/install/altair_can_bridge/share/altair_can_bridge/cmake/altair_can_bridgeConfig-version.cmake\n'}
[1.087049] (altair_can_bridge) StdoutLine: {'line': b'-- Up-to-date: /home/altair/Person_Tracking_Roboware/install/altair_can_bridge/share/altair_can_bridge/package.xml\n'}
[1.087391] (altair_can_bridge) CommandEnded: {'returncode': 0}
[1.100415] (altair_can_bridge) JobEnded: {'identifier': 'altair_can_bridge', 'rc': 0}
[1.101379] (-) TimerEvent: {}
[1.201586] (-) TimerEvent: {}
[1.301861] (-) TimerEvent: {}
[1.402149] (-) TimerEvent: {}
[1.502434] (-) TimerEvent: {}
[1.602673] (-) TimerEvent: {}
[1.702959] (-) TimerEvent: {}
[1.803229] (-) TimerEvent: {}
[1.903513] (-) TimerEvent: {}
[2.001546] (Robowarepkg) Command: {'cmd': ['/usr/bin/python3', '-W', 'ignore:setup.py install is deprecated', '-W', 'ignore:easy_install command is deprecated', 'setup.py', 'egg_info', '--egg-base', '../../build/Robowarepkg', 'build', '--build-base', '/home/altair/Person_Tracking_Roboware/build/Robowarepkg/build', 'install', '--record', '/home/altair/Person_Tracking_Roboware/build/Robowarepkg/install.log', '--install-scripts', '$base/lib/Robowarepkg', '--single-version-externally-managed', 'install_data'], 'cwd': '/home/altair/Person_Tracking_Roboware/src/Robowarepkg', 'env': {'GJS_DEBUG_TOPICS': 'JS ERROR;JS LOG', 'LESSOPEN': '| /usr/bin/lesspipe %s', 'LANGUAGE': 'ja:en', 'USER': 'altair', 'LC_TIME': 'ja_JP.UTF-8', 'XDG_SESSION_TYPE': 'wayland', 'STM32CubeMX_PATH': '/home/altair/STM32CubeMX', 'SHLVL': '2', 'LD_LIBRARY_PATH': '/home/altair/Person_Tracking_Roboware/install/can_msgs/lib:/home/altair/Person_Tracking_Roboware/install/altair_interfaces/lib:/usr/local/lib:/usr/lib/x86_64-linux-gnu/gazebo-11/plugins:/opt/ros/humble/opt/rviz_ogre_vendor/lib:/opt/ros/humble/lib/x86_64-linux-gnu:/opt/ros/humble/lib', 'HOME': '/home/altair', 'TERM_PROGRAM_VERSION': '20240203-110809-5046fc22', 'DESKTOP_SESSION': 'ubuntu', 'GIO_LAUNCHED_DESKTOP_FILE': '/usr/share/applications/org.wezfurlong.wezterm.desktop', 'ROS_PYTHON_VERSION': '3', 'GNOME_SHELL_SESSION_MODE': 'ubuntu', 'GTK_MODULES': 'gail:atk-bridge', 'LC_MONETARY': 'ja_JP.UTF-8', 'MANAGERPID': '1085', 'SSL_CERT_FILE': '/usr/lib/ssl/certs/ca-certificates.crt', 'SYSTEMD_EXEC_PID': '1322', 'DBUS_SESSION_BUS_ADDRESS': 'unix:path=/run/user/1000/bus', 'COLORTERM': 'truecolor', 'GIO_LAUNCHED_DESKTOP_FILE_PID': '2439', 'WEZTERM_EXECUTABLE': '/usr/bin/wezterm-gui', 'IM_CONFIG_PHASE': '1', 'WAYLAND_DISPLAY': 'wayland-0', 'ROS_DISTRO': 'humble', 'LOGNAME': 'altair', 'JOURNAL_STREAM': '8:1917', '_': '/usr/bin/colcon', 'ROS_VERSION': '2', 'XDG_SESSION_CLASS': 'user', 'USERNAME': 'altair', 'TERM': 'xterm-256color', 'GNOME_DESKTOP_SESSION_ID': 'this-is-deprecated', 'WEZTERM_CONFIG_FILE': '/home/altair/.wezterm.lua', 'ROS_LOCALHOST_ONLY': '0', 'WEZTERM_EXECUTABLE_DIR': '/usr/bin', 'PATH': '/home/altair/.local/bin:/home/altair/spresenseenv/usr/bin:/opt/ros/humble/bin:/home/altair/.local/bin:/home/altair/.local/bin:/home/altair/bin:/usr/local/sbin:/usr/local/bin:/usr/sbin:/usr/bin:/sbin:/bin:/usr/games:/usr/local/games:/snap/bin:/snap/bin:/home/altair/bin:/home/altair/bin', 'SESSION_MANAGER': 'local/altair-ThinkPad-L380:@/tmp/.ICE-unix/1272,unix/altair-ThinkPad-L380:/tmp/.ICE-unix/1272', 'INVOCATION_ID': '72e2abd6bbc74719b93804593a356401', 'PAPERSIZE': 'a4', 'XDG_MENU_PREFIX': 'gnome-', 'LC_ADDRESS': 'ja_JP.UTF-8', 'GNOME_SETUP_DISPLAY': ':1', 'XDG_RUNTIME_DIR': '/run/user/1000', 'SSL_CERT_DIR': '/usr/lib/ssl/certs', 'DISPLAY': ':0', 'LANG': 'ja_JP.UTF-8', 'XDG_CURRENT_DESKTOP': 'ubuntu:GNOME', 'LC_TELEPHONE': 'ja_JP.UTF-8', 'XMODIFIERS': '@im=ibus', 'XDG_SESSION_DESKTOP': 'ubuntu', 'XAUTHORITY': '/run/user/1000/.mutter-Xwaylandauth.YPJIT3', 'LS_COLORS': 'rs=0:di=01;34:ln=01;36:mh=00:pi=40;33:so=01;35:do=01;35:bd=40;33;01:cd=40;33;01:or=40;31;01:mi=00:su=37;41:sg=30;43:ca=30;41:tw=30;42:ow=34;42:st=37;44:ex=01;32:*.tar=01;31:*.tgz=01;31:*.arc=01;31:*.arj=01;31:*.taz=01;31:*.lha=01;31:*.lz4=01;31:*.lzh=01;31:*.lzma=01;31:*.tlz=01;31:*.txz=01;31:*.tzo=01;31:*.t7z=01;31:*.zip=01;31:*.z=01;31:*.dz=01;31:*.gz=01;31:*.lrz=01;31:*.lz=01;31:*.lzo=01;31:*.xz=01;31:*.zst=01;31:*.tzst=01;31:*.bz2=01;31:*.bz=01;31:*.tbz=01;31:*.tbz2=01;31:*.tz=01;31:*.deb=01;31:*.rpm=01;31:*.jar=01;31:*.war=01;31:*.ear=01;31:*.sar=01;31:*.rar=01;31:*.alz=01;31:*.ace=01;31:*.zoo=01;31:*.cpio=01;31:*.7z=01;31:*.rz=01;31:*.cab=01;31:*.wim=01;31:*.swm=01;31:*.dwm=01;31:*.esd=01;31:*.jpg=01;35:*.jpeg=01;35:*.mjpg=01;35:*.mjpeg=01;35:*.gif=01;35:*.bmp=01;35:*.pbm=01;35:*.pgm=01;35:*.ppm=01;35:*.tga=01;35:*.xbm=01;35:*.xpm=01;35:*.tif=01;35:*.tiff=01;35:*.png=01;35:*.svg=01;35:*.svgz=01;35:*.mng=01;35:*.pcx=01;35:*.mov=01;35:*.mpg=01;35:*.mpeg=01;35:*.m2v=01;35:*.mkv=01;35:*.webm=01;35:*.webp=01;35:*.ogm=01;35:*.mp4=01;35:*.m4v=01;35:*.mp4v=01;35:*.vob=01;35:*.qt=01;35:*.nuv=01;35:*.wmv=01;35:*.asf=01;35:*.rm=01;35:*.rmvb=01;35:*.flc=01;35:*.avi=01;35:*.fli=01;35:*.flv=01;35:*.gl=01;35:*.dl=01;35:*.xcf=01;35:*.xwd=01;35:*.yuv=01;35:*.cgm=01;35:*.emf=01;35:*.ogv=01;35:*.ogx=01;35:*.aac=00;36:*.au=00;36:*.flac=00;36:*.m4a=00;36:*.mid=00;36:*.midi=00;36:*.mka=00;36:*.mp3=00;36:*.mpc=00;36:*.ogg=00;36:*.ra=00;36:*.wav=00;36:*.oga=00;36:*.opus=00;36:*.spx=00;36:*.xspf=00;36:', 'TERM_PROGRAM': 'WezTerm', 'SSH_AGENT_LAUNCHER': 'gnome-keyring', 'SSH_AUTH_SOCK': '/run/user/1000/keyring/ssh', 'ROS_DOMAIN_ID': '0', 'AMENT_PREFIX_PATH': '/home/altair/Person_Tracking_Roboware/install/can_msgs:/home/altair/Person_Tracking_Roboware/install/altair_interfaces:/opt/ros/humble', 'SHELL': '/bin/bash', 'LC_NAME': 'ja_JP.UTF-8', 'QT_ACCESSIBILITY': '1', 'GDMSESSION': 'ubuntu', 'LESSCLOSE': '/usr/bin/lesspipe %s %s', 'LC_MEASUREMENT': 'ja_JP.UTF-8', 'GJS_DEBUG_OUTPUT': 'stderr', 'LC_IDENTIFICATION': 'ja_JP.UTF-8', 'WEZTERM_CONFIG_DIR': '/home/altair', 'QT_IM_MODULE': 'ibus', 'PWD': '/home/altair/Person_Tracking_Roboware/build/Robowarepkg', 'LC_ALL': 'en_US.UTF-8', 'XDG_CONFIG_DIRS': '/etc/xdg/xdg-ubuntu:/etc/xdg', 'XDG_DATA_DIRS': '/usr/share/ubuntu:/usr/local/share/:/usr/share/:/var/lib/snapd/desktop', 'WEZTERM_UNIX_SOCKET': '/run/user/1000/wezterm/gui-sock-2439', 'PYTHONPATH': '/home/altair/Person_Tracking_Roboware/build/Robowarepkg/prefix_override:/usr/lib/python3/dist-packages/colcon_core/task/python/colcon_distutils_commands:/home/altair/Person_Tracking_Roboware/install/Robowarepkg/lib/python3.10/site-packages:/home/altair/Person_Tracking_Roboware/install/can_msgs/local/lib/python3.10/dist-packages:/home/altair/Person_Tracking_Roboware/install/altair_interfaces/local/lib/python3.10/dist-packages:/opt/ros/humble/lib/python3.10/site-packages:/opt/ros/humble/local/lib/python3.10/dist-packages', 'LC_NUMERIC': 'ja_JP.UTF-8', 'LC_PAPER': 'ja_JP.UTF-8', 'WEZTERM_PANE': '2', 'COLCON': '1', 'CMAKE_PREFIX_PATH': '/home/altair/Person_Tracking_Roboware/install/can_msgs:/home/altair/Person_Tracking_Roboware/install/altair_interfaces'}, 'shell': False}
[2.003622] (-) TimerEvent: {}
[2.103825] (-) TimerEvent: {}
[2.204114] (-) TimerEvent: {}
[2.304398] (-) TimerEvent: {}
[2.374018] (Robowarepkg) StdoutLine: {'line': b'running egg_info\n'}
[2.404240] (Robowarepkg) StdoutLine: {'line': b'writing ../../build/Robowarepkg/Robowarepkg.egg-info/PKG-INFO\n'}
[2.404395] (-) TimerEvent: {}
[2.404870] (Robowarepkg) StdoutLine: {'line': b'writing dependency_links to ../../build/Robowarepkg/Robowarepkg.egg-info/dependency_links.txt\n'}
[2.405105] (Robowarepkg) StdoutLine: {'line': b'writing entry points to ../../build/Robowarepkg/Robowarepkg.egg-info/entry_points.txt\n'}
[2.405385] (Robowarepkg) StdoutLine: {'line': b'writing requirements to ../../build/Robowarepkg/Robowarepkg.egg-info/requires.txt\n'}
[2.405524] (Robowarepkg) StdoutLine: {'line': b'writing top-level names to ../../build/Robowarepkg/Robowarepkg.egg-info/top_level.txt\n'}
[2.465475] (Robowarepkg) StdoutLine: {'line': b"reading manifest file '../../build/Robowarepkg/Robowarepkg.egg-info/SOURCES.txt'\n"}
[2.467085] (Robowarepkg) StdoutLine: {'line': b"writing manifest file '../../build/Robowarepkg/Robowarepkg.egg-info/SOURCES.txt'\n"}
[2.467327] (Robowarepkg) StdoutLine: {'line': b'running build\n'}
[2.467422] (Robowarepkg) StdoutLine: {'line': b'running build_py\n'}
[2.467594] (Robowarepkg) StdoutLine: {'line': b'copying Robowarepkg/serial_read_node.py -> /home/altair/Person_Tracking_Roboware/build/Robowarepkg/build/lib/Robowarepkg\n'}
[2.467875] (Robowarepkg) StdoutLine: {'line': b'copying Robowarepkg/FaceAnimation_node.py -> /home/altair/Person_Tracking_Roboware/build/Robowarepkg/build/lib/Robowarepkg\n'}
[2.468104] (Robowarepkg) StdoutLine: {'line': b'copying Robowarepkg/web_socket_node.py -> /home/altair/Person_Tracking_Roboware/build/Robowarepkg/build/lib/Robowarepkg\n'}
[2.468256] (Robowarepkg) StdoutLine: {'line': b'copying Robowarepkg/__init__.py -> /home/altair/Person_Tracking_Roboware/build/Robowarepkg/build/lib/Robowarepkg\n'}
[2.468398] (Robowarepkg) StdoutLine: {'line': b'copying Robowarepkg/Roboware_node_mpn.py -> /home/altair/Person_Tracking_Roboware/build/Robowarepkg/build/lib/Robowarepkg\n'}
[2.468596] (Robowarepkg) StdoutLine: {'line': b'copying Robowarepkg/RealSense_node.py -> /home/altair/Person_Tracking_Roboware/build/Robowarepkg/build/lib/Robowarepkg\n'}
[2.468805] (Robowarepkg) StdoutLine: {'line': b'copying Robowarepkg/Roboware_node_newmpn.py -> /home/altair/Person_Tracking_Roboware/build/Robowarepkg/build/lib/Robowarepkg\n'}
[2.468993] (Robowarepkg) StdoutLine: {'line': b'copying Robowarepkg/Roboware_node.py -> /home/altair/Person_Tracking_Roboware/build/Robowarepkg/build/lib/Robowarepkg\n'}
[2.469156] (Robowarepkg) StdoutLine: {'line': b'copying Robowarepkg/PID_node.py -> /home/altair/Person_Tracking_Roboware/build/Robowarepkg/build/lib/Robowarepkg\n'}
[2.469341] (Robowarepkg) StdoutLine: {'line': b'copying Robowarepkg/Roboware_node_np.py -> /home/altair/Person_Tracking_Roboware/build/Robowarepkg/build/lib/Robowarepkg\n'}
[2.469494] (Robowarepkg) StdoutLine: {'line': b'copying Robowarepkg/serial_send_node.py -> /home/altair/Person_Tracking_Roboware/build/Robowarepkg/build/lib/Robowarepkg\n'}
[2.469690] (Robowarepkg) StdoutLine: {'line': b'copying Robowarepkg/can_node.py -> /home/altair/Person_Tracking_Roboware/build/Robowarepkg/build/lib/Robowarepkg\n'}
[2.470189] (Robowarepkg) StdoutLine: {'line': b'running install\n'}
[2.475426] (Robowarepkg) StdoutLine: {'line': b'running install_lib\n'}
[2.504528] (-) TimerEvent: {}
[2.505986] (Robowarepkg) StdoutLine: {'line': b'running install_data\n'}
[2.506338] (Robowarepkg) StdoutLine: {'line': b'copying resource/Robowarepkg -> /home/altair/Person_Tracking_Roboware/install/Robowarepkg/share/ament_index/resource_index/packages\n'}
[2.506597] (Robowarepkg) StdoutLine: {'line': b'copying package.xml -> /home/altair/Person_Tracking_Roboware/install/Robowarepkg/share/Robowarepkg\n'}
[2.506930] (Robowarepkg) StdoutLine: {'line': b'copying launch/roboware.launch.py -> /home/altair/Person_Tracking_Roboware/install/Robowarepkg/share/Robowarepkg/launch\n'}
[2.507113] (Robowarepkg) StdoutLine: {'line': b'running install_egg_info\n'}
[2.538391] (Robowarepkg) StdoutLine: {'line': b"removing '/home/altair/Person_Tracking_Roboware/install/Robowarepkg/lib/python3.10/site-packages/Robowarepkg-0.0.0-py3.10.egg-info' (and everything under it)\n"}
[2.538617] (Robowarepkg) StdoutLine: {'line': b'Copying ../../build/Robowarepkg/Robowarepkg.egg-info to /home/altair/Person_Tracking_Roboware/install/Robowarepkg/lib/python3.10/site-packages/Robowarepkg-0.0.0-py3.10.egg-info\n'}
[2.539607] (Robowarepkg) StdoutLine: {'line': b'running install_scripts\n'}
[2.604664] (-) TimerEvent: {}
[2.704927] (-) TimerEvent: {}
[2.763882] (Robowarepkg) StdoutLine: {'line': b'Installing FaceAnimation_node script to /home/altair/Person_Tracking_Roboware/install/Robowarepkg/lib/Robowarepkg\n'}
[2.764146] (Robowarepkg) StdoutLine: {'line': b'Installing PID_node script to /home/altair/Person_Tracking_Roboware/install/Robowarepkg/lib/Robowarepkg\n'}
[2.764312] (Robowarepkg) StdoutLine: {'line': b'Installing RealSense_node script to /home/altair/Person_Tracking_Roboware/install/Robowarepkg/lib/Robowarepkg\n'}
[2.764472] (Robowarepkg) StdoutLine: {'line': b'Installing Roboware_node script to /home/altair/Person_Tracking_Roboware/install/Robowarepkg/lib/Robowarepkg\n'}
[2.764621] (Robowarepkg) StdoutLine: {'line': b'Installing can_node script to /home/altair/Person_Tracking_Roboware/install/Robowarepkg/lib/Robowarepkg\n'}
[2.764744] (Robowarepkg) StdoutLine: {'line': b'Installing serial_read_node script to /home/altair/Person_Tracking_Roboware/install/Robowarepkg/lib/Robowarepkg\n'}
[2.764867] (Robowarepkg) StdoutLine: {'line': b'Installing serial_send_node script to /home/altair/Person_Tracking_Roboware/install/Robowarepkg/lib/Robowarepkg\n'}
[2.765051] (Robowarepkg) StdoutLine: {'line': b'Installing web_socket_node script to /home/altair/Person_Tracking_Roboware/install/Robowarepkg/lib/Robowarepkg\n'}
[2.765871] (Robowarepkg) StdoutLine: {'line': b"writing list of installed files to '/home/altair/Person_Tracking_Roboware/build/Robowarepkg/install.log'\n"}
[2.794944] (Robowarepkg) CommandEnded: {'returncode': 0}
[2.801238] (Robowarepkg) JobEnded: {'identifier': 'Robowarepkg', 'rc': 0}
[2.801872] (-) EventReactorShutdown: {}
