[0.000000] (-) TimerEvent: {}
[0.000568] (altair_interfaces) JobQueued: {'identifier': 'altair_interfaces', 'dependencies': OrderedDict()}
[0.000634] (can_msgs) JobQueued: {'identifier': 'can_msgs', 'dependencies': OrderedDict()}
[0.000658] (Robowarepkg) JobQueued: {'identifier': 'Robowarepkg', 'dependencies': OrderedDict([('altair_interfaces', '/home/altair/Person_Tracking_Roboware/install/altair_interfaces'), ('can_msgs', '/home/altair/Person_Tracking_Roboware/install/can_msgs')])}
[0.000682] (altair_can_bridge) JobQueued: {'identifier': 'altair_can_bridge', 'dependencies': OrderedDict([('altair_interfaces', '/home/altair/Person_Tracking_Roboware/install/altair_interfaces'), ('can_msgs', '/home/altair/Person_Tracking_Roboware/install/can_msgs')])}
[0.000703] (altair_interfaces) JobStarted: {'identifier': 'altair_interfaces'}
[0.006985] (can_msgs) JobStarted: {'identifier': 'can_msgs'}
[0.011098] (altair_interfaces) JobProgress: {'identifier': 'altair_interfaces', 'progress': 'cmake'}
[0.011752] (altair_interfaces) JobProgress: {'identifier': 'altair_interfaces', 'progress': 'build'}
[0.012451] (altair_interfaces) Command: {'cmd': ['/usr/bin/cmake', '--build', '/home/altair/Person_Tracking_Roboware/build/altair_interfaces', '--', '-j8', '-l8'], 'cwd': '/home/altair/Person_Tracking_Roboware/build/altair_interfaces', 'env': OrderedDict([('GJS_DEBUG_TOPICS', 'JS ERROR;JS LOG'), ('LESSOPEN', '| /usr/bin/lesspipe %s'), ('LANGUAGE', 'ja:en'), ('USER', 'altair'), ('LC_TIME', 'ja_JP.UTF-8'), ('XDG_SESSION_TYPE', 'wayland'), ('STM32CubeMX_PATH', '/home/altair/STM32CubeMX'), ('SHLVL', '2'), ('LD_LIBRARY_PATH', '/usr/local/lib:/usr/lib/x86_64-linux-gnu/gazebo-11/plugins:/opt/ros/humble/opt/rviz_ogre_vendor/lib:/opt/ros/humble/lib/x86_64-linux-gnu:/opt/ros/humble/lib'), ('HOME', '/home/altair'), ('TERM_PROGRAM_VERSION', '20240203-110809-5046fc22'), ('DESKTOP_SESSION', 'ubuntu'), ('GIO_LAUNCHED_DESKTOP_FILE', '/usr/share/applications/org.wezfurlong.wezterm.desktop'), ('ROS_PYTHON_VERSION', '3'), ('GNOME_SHELL_SESSION_MODE', 'ubuntu'), ('GTK_MODULES', 'gail:atk-bridge'), ('LC_MONETARY', 'ja_JP.UTF-8'), ('MANAGERPID', '1085'), ('SSL_CERT_FILE', '/usr/lib/ssl/certs/ca-certificates.crt'), ('SYSTEMD_EXEC_PID', '1322'), ('DBUS_SESSION_BUS_ADDRESS', 'unix:path=/run/user/1000/bus'), ('COLORTERM', 'truecolor'), ('GIO_LAUNCHED_DESKTOP_FILE_PID', '2439'), ('WEZTERM_EXECUTABLE', '/usr/bin/wezterm-gui'), ('IM_CONFIG_PHASE', '1'), ('WAYLAND_DISPLAY', 'wayland-0'), ('ROS_DISTRO', 'humble'), ('LOGNAME', 'altair'), ('JOURNAL_STREAM', '8:1917'), ('_', '/usr/bin/colcon'), ('ROS_VERSION', '2'), ('XDG_SESSION_CLASS', 'user'), ('USERNAME', 'altair'), ('TERM', 'xterm-256color'), ('GNOME_DESKTOP_SESSION_ID', 'this-is-deprecated'), ('WEZTERM_CONFIG_FILE', '/home/altair/.wezterm.lua'), ('ROS_LOCALHOST_ONLY', '0'), ('WEZTERM_EXECUTABLE_DIR', '/usr/bin'), ('PATH', '/home/altair/.local/bin:/home/altair/spresenseenv/usr/bin:/opt/ros/humble/bin:/home/altair/.local/bin:/home/altair/.local/bin:/home/altair/bin:/usr/local/sbin:/usr/local/bin:/usr/sbin:/usr/bin:/sbin:/bin:/usr/games:/usr/local/games:/snap/bin:/snap/bin:/home/altair/bin:/home/altair/bin'), ('SESSION_MANAGER', 'local/altair-ThinkPad-L380:@/tmp/.ICE-unix/1272,unix/altair-ThinkPad-L380:/tmp/.ICE-unix/1272'), ('INVOCATION_ID', '72e2abd6bbc74719b93804593a356401'), ('PAPERSIZE', 'a4'), ('XDG_MENU_PREFIX', 'gnome-'), ('LC_ADDRESS', 'ja_JP.UTF-8'), ('GNOME_SETUP_DISPLAY', ':1'), ('XDG_RUNTIME_DIR', '/run/user/1000'), ('SSL_CERT_DIR', '/usr/lib/ssl/certs'), ('DISPLAY', ':0'), ('LANG', 'ja_JP.UTF-8'), ('XDG_CURRENT_DESKTOP', 'ubuntu:GNOME'), ('LC_TELEPHONE', 'ja_JP.UTF-8'), ('XMODIFIERS', '@im=ibus'), ('XDG_SESSION_DESKTOP', 'ubuntu'), ('XAUTHORITY', '/run/user/1000/.mutter-Xwaylandauth.YPJIT3'), ('LS_COLORS', 'rs=0:di=01;34:ln=01;36:mh=00:pi=40;33:so=01;35:do=01;35:bd=40;33;01:cd=40;33;01:or=40;31;01:mi=00:su=37;41:sg=30;43:ca=30;41:tw=30;42:ow=34;42:st=37;44:ex=01;32:*.tar=01;31:*.tgz=01;31:*.arc=01;31:*.arj=01;31:*.taz=01;31:*.lha=01;31:*.lz4=01;31:*.lzh=01;31:*.lzma=01;31:*.tlz=01;31:*.txz=01;31:*.tzo=01;31:*.t7z=01;31:*.zip=01;31:*.z=01;31:*.dz=01;31:*.gz=01;31:*.lrz=01;31:*.lz=01;31:*.lzo=01;31:*.xz=01;31:*.zst=01;31:*.tzst=01;31:*.bz2=01;31:*.bz=01;31:*.tbz=01;31:*.tbz2=01;31:*.tz=01;31:*.deb=01;31:*.rpm=01;31:*.jar=01;31:*.war=01;31:*.ear=01;31:*.sar=01;31:*.rar=01;31:*.alz=01;31:*.ace=01;31:*.zoo=01;31:*.cpio=01;31:*.7z=01;31:*.rz=01;31:*.cab=01;31:*.wim=01;31:*.swm=01;31:*.dwm=01;31:*.esd=01;31:*.jpg=01;35:*.jpeg=01;35:*.mjpg=01;35:*.mjpeg=01;35:*.gif=01;35:*.bmp=01;35:*.pbm=01;35:*.pgm=01;35:*.ppm=01;35:*.tga=01;35:*.xbm=01;35:*.xpm=01;35:*.tif=01;35:*.tiff=01;35:*.png=01;35:*.svg=01;35:*.svgz=01;35:*.mng=01;35:*.pcx=01;35:*.mov=01;35:*.mpg=01;35:*.mpeg=01;35:*.m2v=01;35:*.mkv=01;35:*.webm=01;35:*.webp=01;35:*.ogm=01;35:*.mp4=01;35:*.m4v=01;35:*.mp4v=01;35:*.vob=01;35:*.qt=01;35:*.nuv=01;35:*.wmv=01;35:*.asf=01;35:*.rm=01;35:*.rmvb=01;35:*.flc=01;35:*.avi=01;35:*.fli=01;35:*.flv=01;35:*.gl=01;35:*.dl=01;35:*.xcf=01;35:*.xwd=01;35:*.yuv=01;35:*.cgm=01;35:*.emf=01;35:*.ogv=01;35:*.ogx=01;35:*.aac=00;36:*.au=00;36:*.flac=00;36:*.m4a=00;36:*.mid=00;36:*.midi=00;36:*.mka=00;36:*.mp3=00;36:*.mpc=00;36:*.ogg=00;36:*.ra=00;36:*.wav=00;36:*.oga=00;36:*.opus=00;36:*.spx=00;36:*.xspf=00;36:'), ('TERM_PROGRAM', 'WezTerm'), ('SSH_AGENT_LAUNCHER', 'gnome-keyring'), ('SSH_AUTH_SOCK', '/run/user/1000/keyring/ssh'), ('ROS_DOMAIN_ID', '0'), ('AMENT_PREFIX_PATH', '/opt/ros/humble'), ('SHELL', '/bin/bash'), ('LC_NAME', 'ja_JP.UTF-8'), ('QT_ACCESSIBILITY', '1'), ('GDMSESSION', 'ubuntu'), ('LESSCLOSE', '/usr/bin/lesspipe %s %s'), ('LC_MEASUREMENT', 'ja_JP.UTF-8'), ('GJS_DEBUG_OUTPUT', 'stderr'), ('LC_IDENTIFICATION', 'ja_JP.UTF-8'), ('WEZTERM_CONFIG_DIR', '/home/altair'), ('QT_IM_MODULE', 'ibus'), ('PWD', '/home/altair/Person_Tracking_Roboware/build/altair_interfaces'), ('LC_ALL', 'en_US.UTF-8'), ('XDG_CONFIG_DIRS', '/etc/xdg/xdg-ubuntu:/etc/xdg'), ('XDG_DATA_DIRS', '/usr/share/ubuntu:/usr/local/share/:/usr/share/:/var/lib/snapd/desktop'), ('WEZTERM_UNIX_SOCKET', '/run/user/1000/wezterm/gui-sock-2439'), ('PYTHONPATH', '/opt/ros/humble/lib/python3.10/site-packages:/opt/ros/humble/local/lib/python3.10/dist-packages'), ('LC_NUMERIC', 'ja_JP.UTF-8'), ('LC_PAPER', 'ja_JP.UTF-8'), ('WEZTERM_PANE', '2'), ('COLCON', '1'), ('CMAKE_PREFIX_PATH', '/opt/ros/humble')]), 'shell': False}
[0.017024] (can_msgs) JobProgress: {'identifier': 'can_msgs', 'progress': 'cmake'}
[0.017572] (can_msgs) JobProgress: {'identifier': 'can_msgs', 'progress': 'build'}
[0.018125] (can_msgs) Command: {'cmd': ['/usr/bin/cmake', '--build', '/home/altair/Person_Tracking_Roboware/build/can_msgs', '--', '-j8', '-l8'], 'cwd': '/home/altair/Person_Tracking_Roboware/build/can_msgs', 'env': OrderedDict([('GJS_DEBUG_TOPICS', 'JS ERROR;JS LOG'), ('LESSOPEN', '| /usr/bin/lesspipe %s'), ('LANGUAGE', 'ja:en'), ('USER', 'altair'), ('LC_TIME', 'ja_JP.UTF-8'), ('XDG_SESSION_TYPE', 'wayland'), ('STM32CubeMX_PATH', '/home/altair/STM32CubeMX'), ('SHLVL', '2'), ('LD_LIBRARY_PATH', '/usr/local/lib:/usr/lib/x86_64-linux-gnu/gazebo-11/plugins:/opt/ros/humble/opt/rviz_ogre_vendor/lib:/opt/ros/humble/lib/x86_64-linux-gnu:/opt/ros/humble/lib'), ('HOME', '/home/altair'), ('TERM_PROGRAM_VERSION', '20240203-110809-5046fc22'), ('DESKTOP_SESSION', 'ubuntu'), ('GIO_LAUNCHED_DESKTOP_FILE', '/usr/share/applications/org.wezfurlong.wezterm.desktop'), ('ROS_PYTHON_VERSION', '3'), ('GNOME_SHELL_SESSION_MODE', 'ubuntu'), ('GTK_MODULES', 'gail:atk-bridge'), ('LC_MONETARY', 'ja_JP.UTF-8'), ('MANAGERPID', '1085'), ('SSL_CERT_FILE', '/usr/lib/ssl/certs/ca-certificates.crt'), ('SYSTEMD_EXEC_PID', '1322'), ('DBUS_SESSION_BUS_ADDRESS', 'unix:path=/run/user/1000/bus'), ('COLORTERM', 'truecolor'), ('GIO_LAUNCHED_DESKTOP_FILE_PID', '2439'), ('WEZTERM_EXECUTABLE', '/usr/bin/wezterm-gui'), ('IM_CONFIG_PHASE', '1'), ('WAYLAND_DISPLAY', 'wayland-0'), ('ROS_DISTRO', 'humble'), ('LOGNAME', 'altair'), ('JOURNAL_STREAM', '8:1917'), ('_', '/usr/bin/colcon'), ('ROS_VERSION', '2'), ('XDG_SESSION_CLASS', 'user'), ('USERNAME', 'altair'), ('TERM', 'xterm-256color'), ('GNOME_DESKTOP_SESSION_ID', 'this-is-deprecated'), ('WEZTERM_CONFIG_FILE', '/home/altair/.wezterm.lua'), ('ROS_LOCALHOST_ONLY', '0'), ('WEZTERM_EXECUTABLE_DIR', '/usr/bin'), ('PATH', '/home/altair/.local/bin:/home/altair/spresenseenv/usr/bin:/opt/ros/humble/bin:/home/altair/.local/bin:/home/altair/.local/bin:/home/altair/bin:/usr/local/sbin:/usr/local/bin:/usr/sbin:/usr/bin:/sbin:/bin:/usr/games:/usr/local/games:/snap/bin:/snap/bin:/home/altair/bin:/home/altair/bin'), ('SESSION_MANAGER', 'local/altair-ThinkPad-L380:@/tmp/.ICE-unix/1272,unix/altair-ThinkPad-L380:/tmp/.ICE-unix/1272'), ('INVOCATION_ID', '72e2abd6bbc74719b93804593a356401'), ('PAPERSIZE', 'a4'), ('XDG_MENU_PREFIX', 'gnome-'), ('LC_ADDRESS', 'ja_JP.UTF-8'), ('GNOME_SETUP_DISPLAY', ':1'), ('XDG_RUNTIME_DIR', '/run/user/1000'), ('SSL_CERT_DIR', '/usr/lib/ssl/certs'), ('DISPLAY', ':0'), ('LANG', 'ja_JP.UTF-8'), ('XDG_CURRENT_DESKTOP', 'ubuntu:GNOME'), ('LC_TELEPHONE', 'ja_JP.UTF-8'), ('XMODIFIERS', '@im=ibus'), ('XDG_SESSION_DESKTOP', 'ubuntu'), ('XAUTHORITY', '/run/user/1000/.mutter-Xwaylandauth.YPJIT3'), ('LS_COLORS', 'rs=0:di=01;34:ln=01;36:mh=00:pi=40;33:so=01;35:do=01;35:bd=40;33;01:cd=40;33;01:or=40;31;01:mi=00:su=37;41:sg=30;43:ca=30;41:tw=30;42:ow=34;42:st=37;44:ex=01;32:*.tar=01;31:*.tgz=01;31:*.arc=01;31:*.arj=01;31:*.taz=01;31:*.lha=01;31:*.lz4=01;31:*.lzh=01;31:*.lzma=01;31:*.tlz=01;31:*.txz=01;31:*.tzo=01;31:*.t7z=01;31:*.zip=01;31:*.z=01;31:*.dz=01;31:*.gz=01;31:*.lrz=01;31:*.lz=01;31:*.lzo=01;31:*.xz=01;31:*.zst=01;31:*.tzst=01;31:*.bz2=01;31:*.bz=01;31:*.tbz=01;31:*.tbz2=01;31:*.tz=01;31:*.deb=01;31:*.rpm=01;31:*.jar=01;31:*.war=01;31:*.ear=01;31:*.sar=01;31:*.rar=01;31:*.alz=01;31:*.ace=01;31:*.zoo=01;31:*.cpio=01;31:*.7z=01;31:*.rz=01;31:*.cab=01;31:*.wim=01;31:*.swm=01;31:*.dwm=01;31:*.esd=01;31:*.jpg=01;35:*.jpeg=01;35:*.mjpg=01;35:*.mjpeg=01;35:*.gif=01;35:*.bmp=01;35:*.pbm=01;35:*.pgm=01;35:*.ppm=01;35:*.tga=01;35:*.xbm=01;35:*.xpm=01;35:*.tif=01;35:*.tiff=01;35:*.png=01;35:*.svg=01;35:*.svgz=01;35:*.mng=01;35:*.pcx=01;35:*.mov=01;35:*.mpg=01;35:*.mpeg=01;35:*.m2v=01;35:*.mkv=01;35:*.webm=01;35:*.webp=01;35:*.ogm=01;35:*.mp4=01;35:*.m4v=01;35:*.mp4v=01;35:*.vob=01;35:*.qt=01;35:*.nuv=01;35:*.wmv=01;35:*.asf=01;35:*.rm=01;35:*.rmvb=01;35:*.flc=01;35:*.avi=01;35:*.fli=01;35:*.flv=01;35:*.gl=01;35:*.dl=01;35:*.xcf=01;35:*.xwd=01;35:*.yuv=01;35:*.cgm=01;35:*.emf=01;35:*.ogv=01;35:*.ogx=01;35:*.aac=00;36:*.au=00;36:*.flac=00;36:*.m4a=00;36:*.mid=00;36:*.midi=00;36:*.mka=00;36:*.mp3=00;36:*.mpc=00;36:*.ogg=00;36:*.ra=00;36:*.wav=00;36:*.oga=00;36:*.opus=00;36:*.spx=00;36:*.xspf=00;36:'), ('TERM_PROGRAM', 'WezTerm'), ('SSH_AGENT_LAUNCHER', 'gnome-keyring'), ('SSH_AUTH_SOCK', '/run/user/1000/keyring/ssh'), ('ROS_DOMAIN_ID', '0'), ('AMENT_PREFIX_PATH', '/opt/ros/humble'), ('SHELL', '/bin/bash'), ('LC_NAME', 'ja_JP.UTF-8'), ('QT_ACCESSIBILITY', '1'), ('GDMSESSION', 'ubuntu'), ('LESSCLOSE', '/usr/bin/lesspipe %s %s'), ('LC_MEASUREMENT', 'ja_JP.UTF-8'), ('GJS_DEBUG_OUTPUT', 'stderr'), ('LC_IDENTIFICATION', 'ja_JP.UTF-8'), ('WEZTERM_CONFIG_DIR', '/home/altair'), ('QT_IM_MODULE', 'ibus'), ('PWD', '/home/altair/Person_Tracking_Roboware/build/can_msgs'), ('LC_ALL', 'en_US.UTF-8'), ('XDG_CONFIG_DIRS', '/etc/xdg/xdg-ubuntu:/etc/xdg'), ('XDG_DATA_DIRS', '/usr/share/ubuntu:/usr/local/share/:/usr/share/:/var/lib/snapd/desktop'), ('WEZTERM_UNIX_SOCKET', '/run/user/1000/wezterm/gui-sock-2439'), ('PYTHONPATH', '/opt/ros/humble/lib/python3.10/site-packages:/opt/ros/humble/local/lib/python3.10/dist-packages'), ('LC_NUMERIC', 'ja_JP.UTF-8'), ('LC_PAPER', 'ja_JP.UTF-8'), ('WEZTERM_PANE', '2'), ('COLCON', '1'), ('CMAKE_PREFIX_PATH', '/opt/ros/humble')]), 'shell': False}
[0.054911] (altair_interfaces) StdoutLine: {'line': b'[  1%] Built target altair_interfaces__rs\n'}
[0.058264] (can_msgs) StdoutLine: {'line': b'[  3%] Built target can_msgs__cpp\n'}
[0.058604] (can_msgs) StdoutLine: {'line': b'[  6%] Built target can_msgs__rs\n'}
[0.058882] (can_msgs) StdoutLine: {'line': b'[ 15%] Built target can_msgs__rosidl_generator_c\n'}
[0.059133] (altair_interfaces) StdoutLine: {'line': b'[  2%] Built target altair_interfaces__cpp\n'}
[0.064565] (can_msgs) StdoutLine: {'line': b'[ 15%] Built target ament_cmake_python_copy_can_msgs\n'}
[0.066293] (altair_interfaces) StdoutLine: {'line': b'[ 13%] Built target altair_interfaces__rosidl_generator_c\n'}
[0.072244] (altair_interfaces) StdoutLine: {'line': b'[ 13%] Built target ament_cmake_python_copy_altair_interfaces\n'}
[0.087571] (can_msgs) StdoutLine: {'line': b'[ 25%] Built target can_msgs__rosidl_typesupport_introspection_cpp\n'}
[0.092258] (can_msgs) StdoutLine: {'line': b'[ 34%] Built target can_msgs__rosidl_typesupport_cpp\n'}
[0.093134] (altair_interfaces) StdoutLine: {'line': b'[ 25%] Built target altair_interfaces__rosidl_typesupport_introspection_cpp\n'}
[0.095267] (can_msgs) StdoutLine: {'line': b'[ 43%] Built target can_msgs__rosidl_typesupport_fastrtps_cpp\n'}
[0.096200] (can_msgs) StdoutLine: {'line': b'[ 53%] Built target can_msgs__rosidl_typesupport_c\n'}
[0.098112] (can_msgs) StdoutLine: {'line': b'[ 68%] Built target can_msgs__rosidl_typesupport_introspection_c\n'}
[0.098410] (can_msgs) StdoutLine: {'line': b'[ 71%] Built target can_msgs__rosidl_typesupport_fastrtps_c\n'}
[0.099658] (-) TimerEvent: {}
[0.102606] (altair_interfaces) StdoutLine: {'line': b'[ 36%] Built target altair_interfaces__rosidl_typesupport_cpp\n'}
[0.106230] (altair_interfaces) StdoutLine: {'line': b'[ 47%] Built target altair_interfaces__rosidl_typesupport_fastrtps_cpp\n'}
[0.106412] (altair_interfaces) StdoutLine: {'line': b'[ 66%] Built target altair_interfaces__rosidl_typesupport_introspection_c\n'}
[0.106486] (altair_interfaces) StdoutLine: {'line': b'[ 70%] Built target altair_interfaces__rosidl_typesupport_c\n'}
[0.107779] (altair_interfaces) StdoutLine: {'line': b'[ 82%] Built target altair_interfaces__rosidl_typesupport_fastrtps_c\n'}
[0.117109] (can_msgs) StdoutLine: {'line': b'[ 71%] Built target can_msgs\n'}
[0.120219] (altair_interfaces) StdoutLine: {'line': b'[ 82%] Built target altair_interfaces\n'}
[0.131972] (can_msgs) StdoutLine: {'line': b'[ 75%] Built target can_msgs__py\n'}
[0.134485] (altair_interfaces) StdoutLine: {'line': b'[ 83%] Built target altair_interfaces__py\n'}
[0.150242] (can_msgs) StdoutLine: {'line': b'[ 81%] Built target can_msgs__rosidl_generator_py\n'}
[0.156418] (altair_interfaces) StdoutLine: {'line': b'[ 93%] Built target altair_interfaces__rosidl_generator_py\n'}
[0.172291] (can_msgs) StdoutLine: {'line': b'[ 87%] Built target can_msgs__rosidl_typesupport_introspection_c__pyext\n'}
[0.173818] (can_msgs) StdoutLine: {'line': b'[ 93%] Built target can_msgs__rosidl_typesupport_c__pyext\n'}
[0.175050] (can_msgs) StdoutLine: {'line': b'[100%] Built target can_msgs__rosidl_typesupport_fastrtps_c__pyext\n'}
[0.175329] (altair_interfaces) StdoutLine: {'line': b'[ 95%] Built target altair_interfaces__rosidl_typesupport_fastrtps_c__pyext\n'}
[0.177975] (altair_interfaces) StdoutLine: {'line': b'[ 97%] Built target altair_interfaces__rosidl_typesupport_introspection_c__pyext\n'}
[0.178267] (altair_interfaces) StdoutLine: {'line': b'[100%] Built target altair_interfaces__rosidl_typesupport_c__pyext\n'}
[0.199791] (-) TimerEvent: {}
[0.300096] (-) TimerEvent: {}
[0.400350] (-) TimerEvent: {}
[0.422903] (can_msgs) StdoutLine: {'line': b'running egg_info\n'}
[0.427927] (altair_interfaces) StdoutLine: {'line': b'running egg_info\n'}
[0.454692] (can_msgs) StdoutLine: {'line': b'writing can_msgs.egg-info/PKG-INFO\n'}
[0.455484] (can_msgs) StdoutLine: {'line': b'writing dependency_links to can_msgs.egg-info/dependency_links.txt\n'}
[0.455966] (can_msgs) StdoutLine: {'line': b'writing top-level names to can_msgs.egg-info/top_level.txt\n'}
[0.458713] (altair_interfaces) StdoutLine: {'line': b'writing altair_interfaces.egg-info/PKG-INFO\n'}
[0.459110] (altair_interfaces) StdoutLine: {'line': b'writing dependency_links to altair_interfaces.egg-info/dependency_links.txt\n'}
[0.459460] (altair_interfaces) StdoutLine: {'line': b'writing top-level names to altair_interfaces.egg-info/top_level.txt\n'}
[0.500473] (-) TimerEvent: {}
[0.543560] (can_msgs) StdoutLine: {'line': b"reading manifest file 'can_msgs.egg-info/SOURCES.txt'\n"}
[0.544642] (can_msgs) StdoutLine: {'line': b"writing manifest file 'can_msgs.egg-info/SOURCES.txt'\n"}
[0.548793] (altair_interfaces) StdoutLine: {'line': b"reading manifest file 'altair_interfaces.egg-info/SOURCES.txt'\n"}
[0.550224] (altair_interfaces) StdoutLine: {'line': b"writing manifest file 'altair_interfaces.egg-info/SOURCES.txt'\n"}
[0.581500] (can_msgs) StdoutLine: {'line': b'[100%] Built target ament_cmake_python_build_can_msgs_egg\n'}
[0.585964] (altair_interfaces) StdoutLine: {'line': b'[100%] Built target ament_cmake_python_build_altair_interfaces_egg\n'}
[0.587842] (can_msgs) CommandEnded: {'returncode': 0}
[0.588835] (can_msgs) JobProgress: {'identifier': 'can_msgs', 'progress': 'install'}
[0.593960] (can_msgs) Command: {'cmd': ['/usr/bin/cmake', '--install', '/home/altair/Person_Tracking_Roboware/build/can_msgs'], 'cwd': '/home/altair/Person_Tracking_Roboware/build/can_msgs', 'env': OrderedDict([('GJS_DEBUG_TOPICS', 'JS ERROR;JS LOG'), ('LESSOPEN', '| /usr/bin/lesspipe %s'), ('LANGUAGE', 'ja:en'), ('USER', 'altair'), ('LC_TIME', 'ja_JP.UTF-8'), ('XDG_SESSION_TYPE', 'wayland'), ('STM32CubeMX_PATH', '/home/altair/STM32CubeMX'), ('SHLVL', '2'), ('LD_LIBRARY_PATH', '/usr/local/lib:/usr/lib/x86_64-linux-gnu/gazebo-11/plugins:/opt/ros/humble/opt/rviz_ogre_vendor/lib:/opt/ros/humble/lib/x86_64-linux-gnu:/opt/ros/humble/lib'), ('HOME', '/home/altair'), ('TERM_PROGRAM_VERSION', '20240203-110809-5046fc22'), ('DESKTOP_SESSION', 'ubuntu'), ('GIO_LAUNCHED_DESKTOP_FILE', '/usr/share/applications/org.wezfurlong.wezterm.desktop'), ('ROS_PYTHON_VERSION', '3'), ('GNOME_SHELL_SESSION_MODE', 'ubuntu'), ('GTK_MODULES', 'gail:atk-bridge'), ('LC_MONETARY', 'ja_JP.UTF-8'), ('MANAGERPID', '1085'), ('SSL_CERT_FILE', '/usr/lib/ssl/certs/ca-certificates.crt'), ('SYSTEMD_EXEC_PID', '1322'), ('DBUS_SESSION_BUS_ADDRESS', 'unix:path=/run/user/1000/bus'), ('COLORTERM', 'truecolor'), ('GIO_LAUNCHED_DESKTOP_FILE_PID', '2439'), ('WEZTERM_EXECUTABLE', '/usr/bin/wezterm-gui'), ('IM_CONFIG_PHASE', '1'), ('WAYLAND_DISPLAY', 'wayland-0'), ('ROS_DISTRO', 'humble'), ('LOGNAME', 'altair'), ('JOURNAL_STREAM', '8:1917'), ('_', '/usr/bin/colcon'), ('ROS_VERSION', '2'), ('XDG_SESSION_CLASS', 'user'), ('USERNAME', 'altair'), ('TERM', 'xterm-256color'), ('GNOME_DESKTOP_SESSION_ID', 'this-is-deprecated'), ('WEZTERM_CONFIG_FILE', '/home/altair/.wezterm.lua'), ('ROS_LOCALHOST_ONLY', '0'), ('WEZTERM_EXECUTABLE_DIR', '/usr/bin'), ('PATH', '/home/altair/.local/bin:/home/altair/spresenseenv/usr/bin:/opt/ros/humble/bin:/home/altair/.local/bin:/home/altair/.local/bin:/home/altair/bin:/usr/local/sbin:/usr/local/bin:/usr/sbin:/usr/bin:/sbin:/bin:/usr/games:/usr/local/games:/snap/bin:/snap/bin:/home/altair/bin:/home/altair/bin'), ('SESSION_MANAGER', 'local/altair-ThinkPad-L380:@/tmp/.ICE-unix/1272,unix/altair-ThinkPad-L380:/tmp/.ICE-unix/1272'), ('INVOCATION_ID', '72e2abd6bbc74719b93804593a356401'), ('PAPERSIZE', 'a4'), ('XDG_MENU_PREFIX', 'gnome-'), ('LC_ADDRESS', 'ja_JP.UTF-8'), ('GNOME_SETUP_DISPLAY', ':1'), ('XDG_RUNTIME_DIR', '/run/user/1000'), ('SSL_CERT_DIR', '/usr/lib/ssl/certs'), ('DISPLAY', ':0'), ('LANG', 'ja_JP.UTF-8'), ('XDG_CURRENT_DESKTOP', 'ubuntu:GNOME'), ('LC_TELEPHONE', 'ja_JP.UTF-8'), ('XMODIFIERS', '@im=ibus'), ('XDG_SESSION_DESKTOP', 'ubuntu'), ('XAUTHORITY', '/run/user/1000/.mutter-Xwaylandauth.YPJIT3'), ('LS_COLORS', 'rs=0:di=01;34:ln=01;36:mh=00:pi=40;33:so=01;35:do=01;35:bd=40;33;01:cd=40;33;01:or=40;31;01:mi=00:su=37;41:sg=30;43:ca=30;41:tw=30;42:ow=34;42:st=37;44:ex=01;32:*.tar=01;31:*.tgz=01;31:*.arc=01;31:*.arj=01;31:*.taz=01;31:*.lha=01;31:*.lz4=01;31:*.lzh=01;31:*.lzma=01;31:*.tlz=01;31:*.txz=01;31:*.tzo=01;31:*.t7z=01;31:*.zip=01;31:*.z=01;31:*.dz=01;31:*.gz=01;31:*.lrz=01;31:*.lz=01;31:*.lzo=01;31:*.xz=01;31:*.zst=01;31:*.tzst=01;31:*.bz2=01;31:*.bz=01;31:*.tbz=01;31:*.tbz2=01;31:*.tz=01;31:*.deb=01;31:*.rpm=01;31:*.jar=01;31:*.war=01;31:*.ear=01;31:*.sar=01;31:*.rar=01;31:*.alz=01;31:*.ace=01;31:*.zoo=01;31:*.cpio=01;31:*.7z=01;31:*.rz=01;31:*.cab=01;31:*.wim=01;31:*.swm=01;31:*.dwm=01;31:*.esd=01;31:*.jpg=01;35:*.jpeg=01;35:*.mjpg=01;35:*.mjpeg=01;35:*.gif=01;35:*.bmp=01;35:*.pbm=01;35:*.pgm=01;35:*.ppm=01;35:*.tga=01;35:*.xbm=01;35:*.xpm=01;35:*.tif=01;35:*.tiff=01;35:*.png=01;35:*.svg=01;35:*.svgz=01;35:*.mng=01;35:*.pcx=01;35:*.mov=01;35:*.mpg=01;35:*.mpeg=01;35:*.m2v=01;35:*.mkv=01;35:*.webm=01;35:*.webp=01;35:*.ogm=01;35:*.mp4=01;35:*.m4v=01;35:*.mp4v=01;35:*.vob=01;35:*.qt=01;35:*.nuv=01;35:*.wmv=01;35:*.asf=01;35:*.rm=01;35:*.rmvb=01;35:*.flc=01;35:*.avi=01;35:*.fli=01;35:*.flv=01;35:*.gl=01;35:*.dl=01;35:*.xcf=01;35:*.xwd=01;35:*.yuv=01;35:*.cgm=01;35:*.emf=01;35:*.ogv=01;35:*.ogx=01;35:*.aac=00;36:*.au=00;36:*.flac=00;36:*.m4a=00;36:*.mid=00;36:*.midi=00;36:*.mka=00;36:*.mp3=00;36:*.mpc=00;36:*.ogg=00;36:*.ra=00;36:*.wav=00;36:*.oga=00;36:*.opus=00;36:*.spx=00;36:*.xspf=00;36:'), ('TERM_PROGRAM', 'WezTerm'), ('SSH_AGENT_LAUNCHER', 'gnome-keyring'), ('SSH_AUTH_SOCK', '/run/user/1000/keyring/ssh'), ('ROS_DOMAIN_ID', '0'), ('AMENT_PREFIX_PATH', '/opt/ros/humble'), ('SHELL', '/bin/bash'), ('LC_NAME', 'ja_JP.UTF-8'), ('QT_ACCESSIBILITY', '1'), ('GDMSESSION', 'ubuntu'), ('LESSCLOSE', '/usr/bin/lesspipe %s %s'), ('LC_MEASUREMENT', 'ja_JP.UTF-8'), ('GJS_DEBUG_OUTPUT', 'stderr'), ('LC_IDENTIFICATION', 'ja_JP.UTF-8'), ('WEZTERM_CONFIG_DIR', '/home/altair'), ('QT_IM_MODULE', 'ibus'), ('PWD', '/home/altair/Person_Tracking_Roboware/build/can_msgs'), ('LC_ALL', 'en_US.UTF-8'), ('XDG_CONFIG_DIRS', '/etc/xdg/xdg-ubuntu:/etc/xdg'), ('XDG_DATA_DIRS', '/usr/share/ubuntu:/usr/local/share/:/usr/share/:/var/lib/snapd/desktop'), ('WEZTERM_UNIX_SOCKET', '/run/user/1000/wezterm/gui-sock-2439'), ('PYTHONPATH', '/opt/ros/humble/lib/python3.10/site-packages:/opt/ros/humble/local/lib/python3.10/dist-packages'), ('LC_NUMERIC', 'ja_JP.UTF-8'), ('LC_PAPER', 'ja_JP.UTF-8'), ('WEZTERM_PANE', '2'), ('COLCON', '1'), ('CMAKE_PREFIX_PATH', '/opt/ros/humble')]), 'shell': False}
[0.595022] (altair_interfaces) CommandEnded: {'returncode': 0}
[0.595791] (altair_interfaces) JobProgress: {'identifier': 'altair_interfaces', 'progress': 'install'}
[0.596025] (altair_interfaces) Command: {'cmd': ['/usr/bin/cmake', '--install', '/home/altair/Person_Tracking_Roboware/build/altair_interfaces'], 'cwd': '/home/altair/Person_Tracking_Roboware/build/altair_interfaces', 'env': OrderedDict([('GJS_DEBUG_TOPICS', 'JS ERROR;JS LOG'), ('LESSOPEN', '| /usr/bin/lesspipe %s'), ('LANGUAGE', 'ja:en'), ('USER', 'altair'), ('LC_TIME', 'ja_JP.UTF-8'), ('XDG_SESSION_TYPE', 'wayland'), ('STM32CubeMX_PATH', '/home/altair/STM32CubeMX'), ('SHLVL', '2'), ('LD_LIBRARY_PATH', '/usr/local/lib:/usr/lib/x86_64-linux-gnu/gazebo-11/plugins:/opt/ros/humble/opt/rviz_ogre_vendor/lib:/opt/ros/humble/lib/x86_64-linux-gnu:/opt/ros/humble/lib'), ('HOME', '/home/altair'), ('TERM_PROGRAM_VERSION', '20240203-110809-5046fc22'), ('DESKTOP_SESSION', 'ubuntu'), ('GIO_LAUNCHED_DESKTOP_FILE', '/usr/share/applications/org.wezfurlong.wezterm.desktop'), ('ROS_PYTHON_VERSION', '3'), ('GNOME_SHELL_SESSION_MODE', 'ubuntu'), ('GTK_MODULES', 'gail:atk-bridge'), ('LC_MONETARY', 'ja_JP.UTF-8'), ('MANAGERPID', '1085'), ('SSL_CERT_FILE', '/usr/lib/ssl/certs/ca-certificates.crt'), ('SYSTEMD_EXEC_PID', '1322'), ('DBUS_SESSION_BUS_ADDRESS', 'unix:path=/run/user/1000/bus'), ('COLORTERM', 'truecolor'), ('GIO_LAUNCHED_DESKTOP_FILE_PID', '2439'), ('WEZTERM_EXECUTABLE', '/usr/bin/wezterm-gui'), ('IM_CONFIG_PHASE', '1'), ('WAYLAND_DISPLAY', 'wayland-0'), ('ROS_DISTRO', 'humble'), ('LOGNAME', 'altair'), ('JOURNAL_STREAM', '8:1917'), ('_', '/usr/bin/colcon'), ('ROS_VERSION', '2'), ('XDG_SESSION_CLASS', 'user'), ('USERNAME', 'altair'), ('TERM', 'xterm-256color'), ('GNOME_DESKTOP_SESSION_ID', 'this-is-deprecated'), ('WEZTERM_CONFIG_FILE', '/home/altair/.wezterm.lua'), ('ROS_LOCALHOST_ONLY', '0'), ('WEZTERM_EXECUTABLE_DIR', '/usr/bin'), ('PATH', '/home/altair/.local/bin:/home/altair/spresenseenv/usr/bin:/opt/ros/humble/bin:/home/altair/.local/bin:/home/altair/.local/bin:/home/altair/bin:/usr/local/sbin:/usr/local/bin:/usr/sbin:/usr/bin:/sbin:/bin:/usr/games:/usr/local/games:/snap/bin:/snap/bin:/home/altair/bin:/home/altair/bin'), ('SESSION_MANAGER', 'local/altair-ThinkPad-L380:@/tmp/.ICE-unix/1272,unix/altair-ThinkPad-L380:/tmp/.ICE-unix/1272'), ('INVOCATION_ID', '72e2abd6bbc74719b93804593a356401'), ('PAPERSIZE', 'a4'), ('XDG_MENU_PREFIX', 'gnome-'), ('LC_ADDRESS', 'ja_JP.UTF-8'), ('GNOME_SETUP_DISPLAY', ':1'), ('XDG_RUNTIME_DIR', '/run/user/1000'), ('SSL_CERT_DIR', '/usr/lib/ssl/certs'), ('DISPLAY', ':0'), ('LANG', 'ja_JP.UTF-8'), ('XDG_CURRENT_DESKTOP', 'ubuntu:GNOME'), ('LC_TELEPHONE', 'ja_JP.UTF-8'), ('XMODIFIERS', '@im=ibus'), ('XDG_SESSION_DESKTOP', 'ubuntu'), ('XAUTHORITY', '/run/user/1000/.mutter-Xwaylandauth.YPJIT3'), ('LS_COLORS', 'rs=0:di=01;34:ln=01;36:mh=00:pi=40;33:so=01;35:do=01;35:bd=40;33;01:cd=40;33;01:or=40;31;01:mi=00:su=37;41:sg=30;43:ca=30;41:tw=30;42:ow=34;42:st=37;44:ex=01;32:*.tar=01;31:*.tgz=01;31:*.arc=01;31:*.arj=01;31:*.taz=01;31:*.lha=01;31:*.lz4=01;31:*.lzh=01;31:*.lzma=01;31:*.tlz=01;31:*.txz=01;31:*.tzo=01;31:*.t7z=01;31:*.zip=01;31:*.z=01;31:*.dz=01;31:*.gz=01;31:*.lrz=01;31:*.lz=01;31:*.lzo=01;31:*.xz=01;31:*.zst=01;31:*.tzst=01;31:*.bz2=01;31:*.bz=01;31:*.tbz=01;31:*.tbz2=01;31:*.tz=01;31:*.deb=01;31:*.rpm=01;31:*.jar=01;31:*.war=01;31:*.ear=01;31:*.sar=01;31:*.rar=01;31:*.alz=01;31:*.ace=01;31:*.zoo=01;31:*.cpio=01;31:*.7z=01;31:*.rz=01;31:*.cab=01;31:*.wim=01;31:*.swm=01;31:*.dwm=01;31:*.esd=01;31:*.jpg=01;35:*.jpeg=01;35:*.mjpg=01;35:*.mjpeg=01;35:*.gif=01;35:*.bmp=01;35:*.pbm=01;35:*.pgm=01;35:*.ppm=01;35:*.tga=01;35:*.xbm=01;35:*.xpm=01;35:*.tif=01;35:*.tiff=01;35:*.png=01;35:*.svg=01;35:*.svgz=01;35:*.mng=01;35:*.pcx=01;35:*.mov=01;35:*.mpg=01;35:*.mpeg=01;35:*.m2v=01;35:*.mkv=01;35:*.webm=01;35:*.webp=01;35:*.ogm=01;35:*.mp4=01;35:*.m4v=01;35:*.mp4v=01;35:*.vob=01;35:*.qt=01;35:*.nuv=01;35:*.wmv=01;35:*.asf=01;35:*.rm=01;35:*.rmvb=01;35:*.flc=01;35:*.avi=01;35:*.fli=01;35:*.flv=01;35:*.gl=01;35:*.dl=01;35:*.xcf=01;35:*.xwd=01;35:*.yuv=01;35:*.cgm=01;35:*.emf=01;35:*.ogv=01;35:*.ogx=01;35:*.aac=00;36:*.au=00;36:*.flac=00;36:*.m4a=00;36:*.mid=00;36:*.midi=00;36:*.mka=00;36:*.mp3=00;36:*.mpc=00;36:*.ogg=00;36:*.ra=00;36:*.wav=00;36:*.oga=00;36:*.opus=00;36:*.spx=00;36:*.xspf=00;36:'), ('TERM_PROGRAM', 'WezTerm'), ('SSH_AGENT_LAUNCHER', 'gnome-keyring'), ('SSH_AUTH_SOCK', '/run/user/1000/keyring/ssh'), ('ROS_DOMAIN_ID', '0'), ('AMENT_PREFIX_PATH', '/opt/ros/humble'), ('SHELL', '/bin/bash'), ('LC_NAME', 'ja_JP.UTF-8'), ('QT_ACCESSIBILITY', '1'), ('GDMSESSION', 'ubuntu'), ('LESSCLOSE', '/usr/bin/lesspipe %s %s'), ('LC_MEASUREMENT', 'ja_JP.UTF-8'), ('GJS_DEBUG_OUTPUT', 'stderr'), ('LC_IDENTIFICATION', 'ja_JP.UTF-8'), ('WEZTERM_CONFIG_DIR', '/home/altair'), ('QT_IM_MODULE', 'ibus'), ('PWD', '/home/altair/Person_Tracking_Roboware/build/altair_interfaces'), ('LC_ALL', 'en_US.UTF-8'), ('XDG_CONFIG_DIRS', '/etc/xdg/xdg-ubuntu:/etc/xdg'), ('XDG_DATA_DIRS', '/usr/share/ubuntu:/usr/local/share/:/usr/share/:/var/lib/snapd/desktop'), ('WEZTERM_UNIX_SOCKET', '/run/user/1000/wezterm/gui-sock-2439'), ('PYTHONPATH', '/opt/ros/humble/lib/python3.10/site-packages:/opt/ros/humble/local/lib/python3.10/dist-packages'), ('LC_NUMERIC', 'ja_JP.UTF-8'), ('LC_PAPER', 'ja_JP.UTF-8'), ('WEZTERM_PANE', '2'), ('COLCON', '1'), ('CMAKE_PREFIX_PATH', '/opt/ros/humble')]), 'shell': False}
[0.597373] (can_msgs) StdoutLine: {'line': b'-- Install configuration: ""\n'}
[0.597805] (can_msgs) StdoutLine: {'line': b'-- Up-to-date: /home/altair/Person_Tracking_Roboware/install/can_msgs/share/ament_index/resource_index/rosidl_interfaces/can_msgs\n'}
[0.597920] (can_msgs) StdoutLine: {'line': b'-- Up-to-date: /home/altair/Person_Tracking_Roboware/install/can_msgs/include/can_msgs/can_msgs\n'}
[0.598031] (can_msgs) StdoutLine: {'line': b'-- Up-to-date: /home/altair/Person_Tracking_Roboware/install/can_msgs/include/can_msgs/can_msgs/msg\n'}
[0.598139] (can_msgs) StdoutLine: {'line': b'-- Up-to-date: /home/altair/Person_Tracking_Roboware/install/can_msgs/include/can_msgs/can_msgs/msg/frame.h\n'}
[0.598285] (can_msgs) StdoutLine: {'line': b'-- Up-to-date: /home/altair/Person_Tracking_Roboware/install/can_msgs/include/can_msgs/can_msgs/msg/rosidl_generator_c__visibility_control.h\n'}
[0.598483] (can_msgs) StdoutLine: {'line': b'-- Up-to-date: /home/altair/Person_Tracking_Roboware/install/can_msgs/include/can_msgs/can_msgs/msg/detail\n'}
[0.598593] (can_msgs) StdoutLine: {'line': b'-- Up-to-date: /home/altair/Person_Tracking_Roboware/install/can_msgs/include/can_msgs/can_msgs/msg/detail/frame__functions.h\n'}
[0.598699] (can_msgs) StdoutLine: {'line': b'-- Up-to-date: /home/altair/Person_Tracking_Roboware/install/can_msgs/include/can_msgs/can_msgs/msg/detail/frame__struct.h\n'}
[0.598809] (can_msgs) StdoutLine: {'line': b'-- Up-to-date: /home/altair/Person_Tracking_Roboware/install/can_msgs/include/can_msgs/can_msgs/msg/detail/frame__functions.c\n'}
[0.598917] (can_msgs) StdoutLine: {'line': b'-- Up-to-date: /home/altair/Person_Tracking_Roboware/install/can_msgs/include/can_msgs/can_msgs/msg/detail/frame__type_support.h\n'}
[0.599022] (can_msgs) StdoutLine: {'line': b'-- Up-to-date: /home/altair/Person_Tracking_Roboware/install/can_msgs/share/can_msgs/environment/library_path.sh\n'}
[0.599136] (can_msgs) StdoutLine: {'line': b'-- Up-to-date: /home/altair/Person_Tracking_Roboware/install/can_msgs/share/can_msgs/environment/library_path.dsv\n'}
[0.599383] (can_msgs) StdoutLine: {'line': b'-- Up-to-date: /home/altair/Person_Tracking_Roboware/install/can_msgs/lib/libcan_msgs__rosidl_generator_c.so\n'}
[0.599490] (can_msgs) StdoutLine: {'line': b'-- Up-to-date: /home/altair/Person_Tracking_Roboware/install/can_msgs/include/can_msgs/can_msgs\n'}
[0.599595] (can_msgs) StdoutLine: {'line': b'-- Up-to-date: /home/altair/Person_Tracking_Roboware/install/can_msgs/include/can_msgs/can_msgs/msg\n'}
[0.599701] (can_msgs) StdoutLine: {'line': b'-- Up-to-date: /home/altair/Person_Tracking_Roboware/install/can_msgs/include/can_msgs/can_msgs/msg/rosidl_typesupport_fastrtps_c__visibility_control.h\n'}
[0.599806] (can_msgs) StdoutLine: {'line': b'-- Up-to-date: /home/altair/Person_Tracking_Roboware/install/can_msgs/include/can_msgs/can_msgs/msg/detail\n'}
[0.599935] (can_msgs) StdoutLine: {'line': b'-- Up-to-date: /home/altair/Person_Tracking_Roboware/install/can_msgs/include/can_msgs/can_msgs/msg/detail/frame__rosidl_typesupport_fastrtps_c.h\n'}
[0.600043] (can_msgs) StdoutLine: {'line': b'-- Up-to-date: /home/altair/Person_Tracking_Roboware/install/can_msgs/lib/libcan_msgs__rosidl_typesupport_fastrtps_c.so\n'}
[0.600149] (can_msgs) StdoutLine: {'line': b'-- Up-to-date: /home/altair/Person_Tracking_Roboware/install/can_msgs/include/can_msgs/can_msgs\n'}
[0.600291] (can_msgs) StdoutLine: {'line': b'-- Up-to-date: /home/altair/Person_Tracking_Roboware/install/can_msgs/include/can_msgs/can_msgs/msg\n'}
[0.600398] (can_msgs) StdoutLine: {'line': b'-- Up-to-date: /home/altair/Person_Tracking_Roboware/install/can_msgs/include/can_msgs/can_msgs/msg/detail\n'}
[0.600499] (-) TimerEvent: {}
[0.600640] (can_msgs) StdoutLine: {'line': b'-- Up-to-date: /home/altair/Person_Tracking_Roboware/install/can_msgs/include/can_msgs/can_msgs/msg/detail/frame__rosidl_typesupport_introspection_c.h\n'}
[0.600858] (can_msgs) StdoutLine: {'line': b'-- Up-to-date: /home/altair/Person_Tracking_Roboware/install/can_msgs/include/can_msgs/can_msgs/msg/detail/frame__type_support.c\n'}
[0.600966] (can_msgs) StdoutLine: {'line': b'-- Up-to-date: /home/altair/Person_Tracking_Roboware/install/can_msgs/include/can_msgs/can_msgs/msg/rosidl_typesupport_introspection_c__visibility_control.h\n'}
[0.601101] (can_msgs) StdoutLine: {'line': b'-- Up-to-date: /home/altair/Person_Tracking_Roboware/install/can_msgs/lib/libcan_msgs__rosidl_typesupport_introspection_c.so\n'}
[0.601226] (can_msgs) StdoutLine: {'line': b'-- Up-to-date: /home/altair/Person_Tracking_Roboware/install/can_msgs/lib/libcan_msgs__rosidl_typesupport_c.so\n'}
[0.601293] (can_msgs) StdoutLine: {'line': b'-- Up-to-date: /home/altair/Person_Tracking_Roboware/install/can_msgs/include/can_msgs/can_msgs\n'}
[0.601353] (can_msgs) StdoutLine: {'line': b'-- Up-to-date: /home/altair/Person_Tracking_Roboware/install/can_msgs/include/can_msgs/can_msgs/msg\n'}
[0.601411] (can_msgs) StdoutLine: {'line': b'-- Up-to-date: /home/altair/Person_Tracking_Roboware/install/can_msgs/include/can_msgs/can_msgs/msg/detail\n'}
[0.601502] (can_msgs) StdoutLine: {'line': b'-- Up-to-date: /home/altair/Person_Tracking_Roboware/install/can_msgs/include/can_msgs/can_msgs/msg/detail/frame__type_support.hpp\n'}
[0.601567] (can_msgs) StdoutLine: {'line': b'-- Up-to-date: /home/altair/Person_Tracking_Roboware/install/can_msgs/include/can_msgs/can_msgs/msg/detail/frame__traits.hpp\n'}
[0.601630] (can_msgs) StdoutLine: {'line': b'-- Up-to-date: /home/altair/Person_Tracking_Roboware/install/can_msgs/include/can_msgs/can_msgs/msg/detail/frame__builder.hpp\n'}
[0.601695] (can_msgs) StdoutLine: {'line': b'-- Up-to-date: /home/altair/Person_Tracking_Roboware/install/can_msgs/include/can_msgs/can_msgs/msg/detail/frame__struct.hpp\n'}
[0.601758] (can_msgs) StdoutLine: {'line': b'-- Up-to-date: /home/altair/Person_Tracking_Roboware/install/can_msgs/include/can_msgs/can_msgs/msg/rosidl_generator_cpp__visibility_control.hpp\n'}
[0.601821] (can_msgs) StdoutLine: {'line': b'-- Up-to-date: /home/altair/Person_Tracking_Roboware/install/can_msgs/include/can_msgs/can_msgs/msg/frame.hpp\n'}
[0.601899] (can_msgs) StdoutLine: {'line': b'-- Up-to-date: /home/altair/Person_Tracking_Roboware/install/can_msgs/include/can_msgs/can_msgs\n'}
[0.602020] (can_msgs) StdoutLine: {'line': b'-- Up-to-date: /home/altair/Person_Tracking_Roboware/install/can_msgs/include/can_msgs/can_msgs/msg\n'}
[0.602135] (can_msgs) StdoutLine: {'line': b'-- Up-to-date: /home/altair/Person_Tracking_Roboware/install/can_msgs/include/can_msgs/can_msgs/msg/rosidl_typesupport_fastrtps_cpp__visibility_control.h\n'}
[0.602446] (can_msgs) StdoutLine: {'line': b'-- Up-to-date: /home/altair/Person_Tracking_Roboware/install/can_msgs/include/can_msgs/can_msgs/msg/detail\n'}
[0.602642] (can_msgs) StdoutLine: {'line': b'-- Up-to-date: /home/altair/Person_Tracking_Roboware/install/can_msgs/include/can_msgs/can_msgs/msg/detail/frame__rosidl_typesupport_fastrtps_cpp.hpp\n'}
[0.602762] (can_msgs) StdoutLine: {'line': b'-- Up-to-date: /home/altair/Person_Tracking_Roboware/install/can_msgs/include/can_msgs/can_msgs/msg/detail/dds_fastrtps\n'}
[0.602873] (can_msgs) StdoutLine: {'line': b'-- Up-to-date: /home/altair/Person_Tracking_Roboware/install/can_msgs/lib/libcan_msgs__rosidl_typesupport_fastrtps_cpp.so\n'}
[0.603186] (can_msgs) StdoutLine: {'line': b'-- Up-to-date: /home/altair/Person_Tracking_Roboware/install/can_msgs/include/can_msgs/can_msgs\n'}
[0.603471] (can_msgs) StdoutLine: {'line': b'-- Up-to-date: /home/altair/Person_Tracking_Roboware/install/can_msgs/include/can_msgs/can_msgs/msg\n'}
[0.603751] (can_msgs) StdoutLine: {'line': b'-- Up-to-date: /home/altair/Person_Tracking_Roboware/install/can_msgs/include/can_msgs/can_msgs/msg/detail\n'}
[0.603878] (can_msgs) StdoutLine: {'line': b'-- Up-to-date: /home/altair/Person_Tracking_Roboware/install/can_msgs/include/can_msgs/can_msgs/msg/detail/frame__rosidl_typesupport_introspection_cpp.hpp\n'}
[0.604002] (can_msgs) StdoutLine: {'line': b'-- Up-to-date: /home/altair/Person_Tracking_Roboware/install/can_msgs/include/can_msgs/can_msgs/msg/detail/frame__type_support.cpp\n'}
[0.604249] (can_msgs) StdoutLine: {'line': b'-- Up-to-date: /home/altair/Person_Tracking_Roboware/install/can_msgs/lib/libcan_msgs__rosidl_typesupport_introspection_cpp.so\n'}
[0.604433] (altair_interfaces) StdoutLine: {'line': b'-- Install configuration: ""\n'}
[0.604563] (altair_interfaces) StdoutLine: {'line': b'-- Up-to-date: /home/altair/Person_Tracking_Roboware/install/altair_interfaces/share/ament_index/resource_index/rosidl_interfaces/altair_interfaces\n'}
[0.604774] (altair_interfaces) StdoutLine: {'line': b'-- Up-to-date: /home/altair/Person_Tracking_Roboware/install/altair_interfaces/include/altair_interfaces/altair_interfaces\n'}
[0.605080] (altair_interfaces) StdoutLine: {'line': b'-- Up-to-date: /home/altair/Person_Tracking_Roboware/install/altair_interfaces/include/altair_interfaces/altair_interfaces/msg\n'}
[0.605321] (altair_interfaces) StdoutLine: {'line': b'-- Up-to-date: /home/altair/Person_Tracking_Roboware/install/altair_interfaces/include/altair_interfaces/altair_interfaces/msg/mdd_command.h\n'}
[0.605469] (altair_interfaces) StdoutLine: {'line': b'-- Up-to-date: /home/altair/Person_Tracking_Roboware/install/altair_interfaces/include/altair_interfaces/altair_interfaces/msg/rosidl_generator_c__visibility_control.h\n'}
[0.605584] (altair_interfaces) StdoutLine: {'line': b'-- Up-to-date: /home/altair/Person_Tracking_Roboware/install/altair_interfaces/include/altair_interfaces/altair_interfaces/msg/detail\n'}
[0.605733] (altair_interfaces) StdoutLine: {'line': b'-- Up-to-date: /home/altair/Person_Tracking_Roboware/install/altair_interfaces/include/altair_interfaces/altair_interfaces/msg/detail/mdd_feedback__struct.h\n'}
[0.605854] (altair_interfaces) StdoutLine: {'line': b'-- Up-to-date: /home/altair/Person_Tracking_Roboware/install/altair_interfaces/include/altair_interfaces/altair_interfaces/msg/detail/mdd_command__struct.h\n'}
[0.605957] (altair_interfaces) StdoutLine: {'line': b'-- Up-to-date: /home/altair/Person_Tracking_Roboware/install/altair_interfaces/include/altair_interfaces/altair_interfaces/msg/detail/can_status__struct.h\n'}
[0.606065] (altair_interfaces) StdoutLine: {'line': b'-- Up-to-date: /home/altair/Person_Tracking_Roboware/install/altair_interfaces/include/altair_interfaces/altair_interfaces/msg/detail/mdd_feedback__type_support.h\n'}
[0.606213] (altair_interfaces) StdoutLine: {'line': b'-- Up-to-date: /home/altair/Person_Tracking_Roboware/install/altair_interfaces/include/altair_interfaces/altair_interfaces/msg/detail/servo_command__functions.h\n'}
[0.606433] (altair_interfaces) StdoutLine: {'line': b'-- Up-to-date: /home/altair/Person_Tracking_Roboware/install/altair_interfaces/include/altair_interfaces/altair_interfaces/msg/detail/solenoid_command__functions.h\n'}
[0.606611] (altair_interfaces) StdoutLine: {'line': b'-- Up-to-date: /home/altair/Person_Tracking_Roboware/install/altair_interfaces/include/altair_interfaces/altair_interfaces/msg/detail/mdd_command__type_support.h\n'}
[0.606721] (altair_interfaces) StdoutLine: {'line': b'-- Up-to-date: /home/altair/Person_Tracking_Roboware/install/altair_interfaces/include/altair_interfaces/altair_interfaces/msg/detail/servo_command__struct.h\n'}
[0.606827] (can_msgs) StdoutLine: {'line': b'-- Up-to-date: /home/altair/Person_Tracking_Roboware/install/can_msgs/lib/libcan_msgs__rosidl_typesupport_cpp.so\n'}
[0.607008] (altair_interfaces) StdoutLine: {'line': b'-- Up-to-date: /home/altair/Person_Tracking_Roboware/install/altair_interfaces/include/altair_interfaces/altair_interfaces/msg/detail/solenoid_command__type_support.h\n'}
[0.607119] (altair_interfaces) StdoutLine: {'line': b'-- Up-to-date: /home/altair/Person_Tracking_Roboware/install/altair_interfaces/include/altair_interfaces/altair_interfaces/msg/detail/mdd_feedback__functions.c\n'}
[0.607241] (altair_interfaces) StdoutLine: {'line': b'-- Up-to-date: /home/altair/Person_Tracking_Roboware/install/altair_interfaces/include/altair_interfaces/altair_interfaces/msg/detail/solenoid_command__struct.h\n'}
[0.607305] (altair_interfaces) StdoutLine: {'line': b'-- Up-to-date: /home/altair/Person_Tracking_Roboware/install/altair_interfaces/include/altair_interfaces/altair_interfaces/msg/detail/can_status__functions.c\n'}
[0.607376] (altair_interfaces) StdoutLine: {'line': b'-- Up-to-date: /home/altair/Person_Tracking_Roboware/install/altair_interfaces/include/altair_interfaces/altair_interfaces/msg/detail/servo_command__type_support.h\n'}
[0.607434] (altair_interfaces) StdoutLine: {'line': b'-- Up-to-date: /home/altair/Person_Tracking_Roboware/install/altair_interfaces/include/altair_interfaces/altair_interfaces/msg/detail/mdd_command__functions.c\n'}
[0.607491] (can_msgs) StdoutLine: {'line': b'-- Up-to-date: /home/altair/Person_Tracking_Roboware/install/can_msgs/share/can_msgs/environment/pythonpath.sh\n'}
[0.607555] (can_msgs) StdoutLine: {'line': b'-- Up-to-date: /home/altair/Person_Tracking_Roboware/install/can_msgs/share/can_msgs/environment/pythonpath.dsv\n'}
[0.607650] (can_msgs) StdoutLine: {'line': b'-- Up-to-date: /home/altair/Person_Tracking_Roboware/install/can_msgs/local/lib/python3.10/dist-packages/can_msgs-2.0.0-py3.10.egg-info\n'}
[0.607708] (can_msgs) StdoutLine: {'line': b'-- Installing: /home/altair/Person_Tracking_Roboware/install/can_msgs/local/lib/python3.10/dist-packages/can_msgs-2.0.0-py3.10.egg-info/dependency_links.txt\n'}
[0.607765] (altair_interfaces) StdoutLine: {'line': b'-- Up-to-date: /home/altair/Person_Tracking_Roboware/install/altair_interfaces/include/altair_interfaces/altair_interfaces/msg/detail/mdd_command__functions.h\n'}
[0.607828] (altair_interfaces) StdoutLine: {'line': b'-- Up-to-date: /home/altair/Person_Tracking_Roboware/install/altair_interfaces/include/altair_interfaces/altair_interfaces/msg/detail/can_status__functions.h\n'}
[0.607890] (altair_interfaces) StdoutLine: {'line': b'-- Up-to-date: /home/altair/Person_Tracking_Roboware/install/altair_interfaces/include/altair_interfaces/altair_interfaces/msg/detail/servo_command__functions.c\n'}
[0.607952] (altair_interfaces) StdoutLine: {'line': b'-- Up-to-date: /home/altair/Person_Tracking_Roboware/install/altair_interfaces/include/altair_interfaces/altair_interfaces/msg/detail/solenoid_command__functions.c\n'}
[0.608014] (altair_interfaces) StdoutLine: {'line': b'-- Up-to-date: /home/altair/Person_Tracking_Roboware/install/altair_interfaces/include/altair_interfaces/altair_interfaces/msg/detail/can_status__type_support.h\n'}
[0.608075] (altair_interfaces) StdoutLine: {'line': b'-- Up-to-date: /home/altair/Person_Tracking_Roboware/install/altair_interfaces/include/altair_interfaces/altair_interfaces/msg/detail/mdd_feedback__functions.h\n'}
[0.608141] (altair_interfaces) StdoutLine: {'line': b'-- Up-to-date: /home/altair/Person_Tracking_Roboware/install/altair_interfaces/include/altair_interfaces/altair_interfaces/msg/servo_command.h\n'}
[0.608252] (altair_interfaces) StdoutLine: {'line': b'-- Up-to-date: /home/altair/Person_Tracking_Roboware/install/altair_interfaces/include/altair_interfaces/altair_interfaces/msg/solenoid_command.h\n'}
[0.608318] (altair_interfaces) StdoutLine: {'line': b'-- Up-to-date: /home/altair/Person_Tracking_Roboware/install/altair_interfaces/include/altair_interfaces/altair_interfaces/msg/mdd_feedback.h\n'}
[0.608379] (altair_interfaces) StdoutLine: {'line': b'-- Up-to-date: /home/altair/Person_Tracking_Roboware/install/altair_interfaces/include/altair_interfaces/altair_interfaces/msg/can_status.h\n'}
[0.608441] (altair_interfaces) StdoutLine: {'line': b'-- Up-to-date: /home/altair/Person_Tracking_Roboware/install/altair_interfaces/include/altair_interfaces/altair_interfaces/srv\n'}
[0.608503] (altair_interfaces) StdoutLine: {'line': b'-- Up-to-date: /home/altair/Person_Tracking_Roboware/install/altair_interfaces/include/altair_interfaces/altair_interfaces/srv/detail\n'}
[0.608565] (can_msgs) StdoutLine: {'line': b'-- Installing: /home/altair/Person_Tracking_Roboware/install/can_msgs/local/lib/python3.10/dist-packages/can_msgs-2.0.0-py3.10.egg-info/PKG-INFO\n'}
[0.608710] (altair_interfaces) StdoutLine: {'line': b'-- Up-to-date: /home/altair/Person_Tracking_Roboware/install/altair_interfaces/include/altair_interfaces/altair_interfaces/srv/detail/start_behavior__functions.h\n'}
[0.608774] (altair_interfaces) StdoutLine: {'line': b'-- Up-to-date: /home/altair/Person_Tracking_Roboware/install/altair_interfaces/include/altair_interfaces/altair_interfaces/srv/detail/get_available_ports__type_support.h\n'}
[0.608836] (altair_interfaces) StdoutLine: {'line': b'-- Up-to-date: /home/altair/Person_Tracking_Roboware/install/altair_interfaces/include/altair_interfaces/altair_interfaces/srv/detail/get_available_ports__functions.c\n'}
[0.608898] (altair_interfaces) StdoutLine: {'line': b'-- Up-to-date: /home/altair/Person_Tracking_Roboware/install/altair_interfaces/include/altair_interfaces/altair_interfaces/srv/detail/trigger_control__functions.c\n'}
[0.608959] (altair_interfaces) StdoutLine: {'line': b'-- Up-to-date: /home/altair/Person_Tracking_Roboware/install/altair_interfaces/include/altair_interfaces/altair_interfaces/srv/detail/trigger_control__struct.h\n'}
[0.609208] (altair_interfaces) StdoutLine: {'line': b'-- Up-to-date: /home/altair/Person_Tracking_Roboware/install/altair_interfaces/include/altair_interfaces/altair_interfaces/srv/detail/get_available_ports__functions.h\n'}
[0.609341] (can_msgs) StdoutLine: {'line': b'-- Installing: /home/altair/Person_Tracking_Roboware/install/can_msgs/local/lib/python3.10/dist-packages/can_msgs-2.0.0-py3.10.egg-info/top_level.txt\n'}
[0.609412] (altair_interfaces) StdoutLine: {'line': b'-- Up-to-date: /home/altair/Person_Tracking_Roboware/install/altair_interfaces/include/altair_interfaces/altair_interfaces/srv/detail/trigger_control__functions.h\n'}
[0.609475] (altair_interfaces) StdoutLine: {'line': b'-- Up-to-date: /home/altair/Person_Tracking_Roboware/install/altair_interfaces/include/altair_interfaces/altair_interfaces/srv/detail/start_behavior__struct.h\n'}
[0.609538] (altair_interfaces) StdoutLine: {'line': b'-- Up-to-date: /home/altair/Person_Tracking_Roboware/install/altair_interfaces/include/altair_interfaces/altair_interfaces/srv/detail/start_behavior__functions.c\n'}
[0.609599] (altair_interfaces) StdoutLine: {'line': b'-- Up-to-date: /home/altair/Person_Tracking_Roboware/install/altair_interfaces/include/altair_interfaces/altair_interfaces/srv/detail/trigger_control__type_support.h\n'}
[0.609662] (can_msgs) StdoutLine: {'line': b'-- Installing: /home/altair/Person_Tracking_Roboware/install/can_msgs/local/lib/python3.10/dist-packages/can_msgs-2.0.0-py3.10.egg-info/SOURCES.txt\n'}
[0.609724] (altair_interfaces) StdoutLine: {'line': b'-- Up-to-date: /home/altair/Person_Tracking_Roboware/install/altair_interfaces/include/altair_interfaces/altair_interfaces/srv/detail/connect_can__struct.h\n'}
[0.609787] (altair_interfaces) StdoutLine: {'line': b'-- Up-to-date: /home/altair/Person_Tracking_Roboware/install/altair_interfaces/include/altair_interfaces/altair_interfaces/srv/detail/connect_can__functions.h\n'}
[0.609953] (altair_interfaces) StdoutLine: {'line': b'-- Up-to-date: /home/altair/Person_Tracking_Roboware/install/altair_interfaces/include/altair_interfaces/altair_interfaces/srv/detail/start_behavior__type_support.h\n'}
[0.610010] (altair_interfaces) StdoutLine: {'line': b'-- Up-to-date: /home/altair/Person_Tracking_Roboware/install/altair_interfaces/include/altair_interfaces/altair_interfaces/srv/detail/connect_can__type_support.h\n'}
[0.610072] (altair_interfaces) StdoutLine: {'line': b'-- Up-to-date: /home/altair/Person_Tracking_Roboware/install/altair_interfaces/include/altair_interfaces/altair_interfaces/srv/detail/connect_can__functions.c\n'}
[0.610133] (altair_interfaces) StdoutLine: {'line': b'-- Up-to-date: /home/altair/Person_Tracking_Roboware/install/altair_interfaces/include/altair_interfaces/altair_interfaces/srv/detail/get_available_ports__struct.h\n'}
[0.610238] (altair_interfaces) StdoutLine: {'line': b'-- Up-to-date: /home/altair/Person_Tracking_Roboware/install/altair_interfaces/include/altair_interfaces/altair_interfaces/srv/trigger_control.h\n'}
[0.610298] (can_msgs) StdoutLine: {'line': b'-- Up-to-date: /home/altair/Person_Tracking_Roboware/install/can_msgs/local/lib/python3.10/dist-packages/can_msgs\n'}
[0.610429] (can_msgs) StdoutLine: {'line': b'-- Up-to-date: /home/altair/Person_Tracking_Roboware/install/can_msgs/local/lib/python3.10/dist-packages/can_msgs/can_msgs_s__rosidl_typesupport_c.cpython-310-x86_64-linux-gnu.so\n'}
[0.610493] (altair_interfaces) StdoutLine: {'line': b'-- Up-to-date: /home/altair/Person_Tracking_Roboware/install/altair_interfaces/include/altair_interfaces/altair_interfaces/srv/connect_can.h\n'}
[0.610555] (can_msgs) StdoutLine: {'line': b'-- Up-to-date: /home/altair/Person_Tracking_Roboware/install/can_msgs/local/lib/python3.10/dist-packages/can_msgs/_can_msgs_s.ep.rosidl_typesupport_fastrtps_c.c\n'}
[0.610617] (altair_interfaces) StdoutLine: {'line': b'-- Up-to-date: /home/altair/Person_Tracking_Roboware/install/altair_interfaces/include/altair_interfaces/altair_interfaces/srv/start_behavior.h\n'}
[0.610712] (altair_interfaces) StdoutLine: {'line': b'-- Up-to-date: /home/altair/Person_Tracking_Roboware/install/altair_interfaces/include/altair_interfaces/altair_interfaces/srv/get_available_ports.h\n'}
[0.610775] (can_msgs) StdoutLine: {'line': b'-- Up-to-date: /home/altair/Person_Tracking_Roboware/install/can_msgs/local/lib/python3.10/dist-packages/can_msgs/msg\n'}
[0.610837] (altair_interfaces) StdoutLine: {'line': b'-- Up-to-date: /home/altair/Person_Tracking_Roboware/install/altair_interfaces/share/altair_interfaces/environment/library_path.sh\n'}
[0.610899] (altair_interfaces) StdoutLine: {'line': b'-- Up-to-date: /home/altair/Person_Tracking_Roboware/install/altair_interfaces/share/altair_interfaces/environment/library_path.dsv\n'}
[0.610960] (can_msgs) StdoutLine: {'line': b'-- Up-to-date: /home/altair/Person_Tracking_Roboware/install/can_msgs/local/lib/python3.10/dist-packages/can_msgs/msg/_frame_s.c\n'}
[0.611024] (can_msgs) StdoutLine: {'line': b'-- Up-to-date: /home/altair/Person_Tracking_Roboware/install/can_msgs/local/lib/python3.10/dist-packages/can_msgs/msg/_frame.py\n'}
[0.611085] (can_msgs) StdoutLine: {'line': b'-- Up-to-date: /home/altair/Person_Tracking_Roboware/install/can_msgs/local/lib/python3.10/dist-packages/can_msgs/msg/__init__.py\n'}
[0.611147] (can_msgs) StdoutLine: {'line': b'-- Up-to-date: /home/altair/Person_Tracking_Roboware/install/can_msgs/local/lib/python3.10/dist-packages/can_msgs/__init__.py\n'}
[0.611342] (can_msgs) StdoutLine: {'line': b'-- Up-to-date: /home/altair/Person_Tracking_Roboware/install/can_msgs/local/lib/python3.10/dist-packages/can_msgs/can_msgs_s__rosidl_typesupport_introspection_c.cpython-310-x86_64-linux-gnu.so\n'}
[0.611402] (can_msgs) StdoutLine: {'line': b'-- Up-to-date: /home/altair/Person_Tracking_Roboware/install/can_msgs/local/lib/python3.10/dist-packages/can_msgs/libcan_msgs__rosidl_generator_py.so\n'}
[0.611458] (can_msgs) StdoutLine: {'line': b'-- Up-to-date: /home/altair/Person_Tracking_Roboware/install/can_msgs/local/lib/python3.10/dist-packages/can_msgs/_can_msgs_s.ep.rosidl_typesupport_introspection_c.c\n'}
[0.611552] (can_msgs) StdoutLine: {'line': b'-- Up-to-date: /home/altair/Person_Tracking_Roboware/install/can_msgs/local/lib/python3.10/dist-packages/can_msgs/_can_msgs_s.ep.rosidl_typesupport_c.c\n'}
[0.611649] (can_msgs) StdoutLine: {'line': b'-- Up-to-date: /home/altair/Person_Tracking_Roboware/install/can_msgs/local/lib/python3.10/dist-packages/can_msgs/can_msgs_s__rosidl_typesupport_fastrtps_c.cpython-310-x86_64-linux-gnu.so\n'}
[0.611746] (altair_interfaces) StdoutLine: {'line': b'-- Up-to-date: /home/altair/Person_Tracking_Roboware/install/altair_interfaces/lib/libaltair_interfaces__rosidl_generator_c.so\n'}
[0.611974] (altair_interfaces) StdoutLine: {'line': b'-- Up-to-date: /home/altair/Person_Tracking_Roboware/install/altair_interfaces/include/altair_interfaces/altair_interfaces\n'}
[0.612078] (altair_interfaces) StdoutLine: {'line': b'-- Up-to-date: /home/altair/Person_Tracking_Roboware/install/altair_interfaces/include/altair_interfaces/altair_interfaces/msg\n'}
[0.612230] (altair_interfaces) StdoutLine: {'line': b'-- Up-to-date: /home/altair/Person_Tracking_Roboware/install/altair_interfaces/include/altair_interfaces/altair_interfaces/msg/rosidl_typesupport_fastrtps_c__visibility_control.h\n'}
[0.612375] (altair_interfaces) StdoutLine: {'line': b'-- Up-to-date: /home/altair/Person_Tracking_Roboware/install/altair_interfaces/include/altair_interfaces/altair_interfaces/msg/detail\n'}
[0.612506] (altair_interfaces) StdoutLine: {'line': b'-- Up-to-date: /home/altair/Person_Tracking_Roboware/install/altair_interfaces/include/altair_interfaces/altair_interfaces/msg/detail/can_status__rosidl_typesupport_fastrtps_c.h\n'}
[0.612609] (altair_interfaces) StdoutLine: {'line': b'-- Up-to-date: /home/altair/Person_Tracking_Roboware/install/altair_interfaces/include/altair_interfaces/altair_interfaces/msg/detail/servo_command__rosidl_typesupport_fastrtps_c.h\n'}
[0.612733] (altair_interfaces) StdoutLine: {'line': b'-- Up-to-date: /home/altair/Person_Tracking_Roboware/install/altair_interfaces/include/altair_interfaces/altair_interfaces/msg/detail/mdd_feedback__rosidl_typesupport_fastrtps_c.h\n'}
[0.613026] (altair_interfaces) StdoutLine: {'line': b'-- Up-to-date: /home/altair/Person_Tracking_Roboware/install/altair_interfaces/include/altair_interfaces/altair_interfaces/msg/detail/solenoid_command__rosidl_typesupport_fastrtps_c.h\n'}
[0.613355] (altair_interfaces) StdoutLine: {'line': b'-- Up-to-date: /home/altair/Person_Tracking_Roboware/install/altair_interfaces/include/altair_interfaces/altair_interfaces/msg/detail/mdd_command__rosidl_typesupport_fastrtps_c.h\n'}
[0.613505] (altair_interfaces) StdoutLine: {'line': b'-- Up-to-date: /home/altair/Person_Tracking_Roboware/install/altair_interfaces/include/altair_interfaces/altair_interfaces/srv\n'}
[0.613608] (altair_interfaces) StdoutLine: {'line': b'-- Up-to-date: /home/altair/Person_Tracking_Roboware/install/altair_interfaces/include/altair_interfaces/altair_interfaces/srv/detail\n'}
[0.613708] (altair_interfaces) StdoutLine: {'line': b'-- Up-to-date: /home/altair/Person_Tracking_Roboware/install/altair_interfaces/include/altair_interfaces/altair_interfaces/srv/detail/trigger_control__rosidl_typesupport_fastrtps_c.h\n'}
[0.613808] (altair_interfaces) StdoutLine: {'line': b'-- Up-to-date: /home/altair/Person_Tracking_Roboware/install/altair_interfaces/include/altair_interfaces/altair_interfaces/srv/detail/connect_can__rosidl_typesupport_fastrtps_c.h\n'}
[0.613908] (altair_interfaces) StdoutLine: {'line': b'-- Up-to-date: /home/altair/Person_Tracking_Roboware/install/altair_interfaces/include/altair_interfaces/altair_interfaces/srv/detail/get_available_ports__rosidl_typesupport_fastrtps_c.h\n'}
[0.614009] (altair_interfaces) StdoutLine: {'line': b'-- Up-to-date: /home/altair/Person_Tracking_Roboware/install/altair_interfaces/include/altair_interfaces/altair_interfaces/srv/detail/start_behavior__rosidl_typesupport_fastrtps_c.h\n'}
[0.614121] (altair_interfaces) StdoutLine: {'line': b'-- Up-to-date: /home/altair/Person_Tracking_Roboware/install/altair_interfaces/lib/libaltair_interfaces__rosidl_typesupport_fastrtps_c.so\n'}
[0.614236] (altair_interfaces) StdoutLine: {'line': b'-- Up-to-date: /home/altair/Person_Tracking_Roboware/install/altair_interfaces/include/altair_interfaces/altair_interfaces\n'}
[0.614339] (altair_interfaces) StdoutLine: {'line': b'-- Up-to-date: /home/altair/Person_Tracking_Roboware/install/altair_interfaces/include/altair_interfaces/altair_interfaces/msg\n'}
[0.614440] (altair_interfaces) StdoutLine: {'line': b'-- Up-to-date: /home/altair/Person_Tracking_Roboware/install/altair_interfaces/include/altair_interfaces/altair_interfaces/msg/detail\n'}
[0.614541] (altair_interfaces) StdoutLine: {'line': b'-- Up-to-date: /home/altair/Person_Tracking_Roboware/install/altair_interfaces/include/altair_interfaces/altair_interfaces/msg/detail/can_status__rosidl_typesupport_introspection_c.h\n'}
[0.614642] (altair_interfaces) StdoutLine: {'line': b'-- Up-to-date: /home/altair/Person_Tracking_Roboware/install/altair_interfaces/include/altair_interfaces/altair_interfaces/msg/detail/solenoid_command__type_support.c\n'}
[0.614743] (altair_interfaces) StdoutLine: {'line': b'-- Up-to-date: /home/altair/Person_Tracking_Roboware/install/altair_interfaces/include/altair_interfaces/altair_interfaces/msg/detail/mdd_feedback__rosidl_typesupport_introspection_c.h\n'}
[0.614844] (altair_interfaces) StdoutLine: {'line': b'-- Up-to-date: /home/altair/Person_Tracking_Roboware/install/altair_interfaces/include/altair_interfaces/altair_interfaces/msg/detail/mdd_command__rosidl_typesupport_introspection_c.h\n'}
[0.614945] (altair_interfaces) StdoutLine: {'line': b'-- Up-to-date: /home/altair/Person_Tracking_Roboware/install/altair_interfaces/include/altair_interfaces/altair_interfaces/msg/detail/servo_command__rosidl_typesupport_introspection_c.h\n'}
[0.615045] (altair_interfaces) StdoutLine: {'line': b'-- Up-to-date: /home/altair/Person_Tracking_Roboware/install/altair_interfaces/include/altair_interfaces/altair_interfaces/msg/detail/mdd_feedback__type_support.c\n'}
[0.615158] (altair_interfaces) StdoutLine: {'line': b'-- Up-to-date: /home/altair/Person_Tracking_Roboware/install/altair_interfaces/include/altair_interfaces/altair_interfaces/msg/detail/solenoid_command__rosidl_typesupport_introspection_c.h\n'}
[0.615269] (altair_interfaces) StdoutLine: {'line': b'-- Up-to-date: /home/altair/Person_Tracking_Roboware/install/altair_interfaces/include/altair_interfaces/altair_interfaces/msg/detail/servo_command__type_support.c\n'}
[0.615370] (altair_interfaces) StdoutLine: {'line': b'-- Up-to-date: /home/altair/Person_Tracking_Roboware/install/altair_interfaces/include/altair_interfaces/altair_interfaces/msg/detail/mdd_command__type_support.c\n'}
[0.615470] (altair_interfaces) StdoutLine: {'line': b'-- Up-to-date: /home/altair/Person_Tracking_Roboware/install/altair_interfaces/include/altair_interfaces/altair_interfaces/msg/detail/can_status__type_support.c\n'}
[0.615571] (altair_interfaces) StdoutLine: {'line': b'-- Up-to-date: /home/altair/Person_Tracking_Roboware/install/altair_interfaces/include/altair_interfaces/altair_interfaces/msg/rosidl_typesupport_introspection_c__visibility_control.h\n'}
[0.615676] (altair_interfaces) StdoutLine: {'line': b'-- Up-to-date: /home/altair/Person_Tracking_Roboware/install/altair_interfaces/include/altair_interfaces/altair_interfaces/srv\n'}
[0.615776] (altair_interfaces) StdoutLine: {'line': b'-- Up-to-date: /home/altair/Person_Tracking_Roboware/install/altair_interfaces/include/altair_interfaces/altair_interfaces/srv/detail\n'}
[0.615877] (altair_interfaces) StdoutLine: {'line': b'-- Up-to-date: /home/altair/Person_Tracking_Roboware/install/altair_interfaces/include/altair_interfaces/altair_interfaces/srv/detail/trigger_control__rosidl_typesupport_introspection_c.h\n'}
[0.615977] (altair_interfaces) StdoutLine: {'line': b'-- Up-to-date: /home/altair/Person_Tracking_Roboware/install/altair_interfaces/include/altair_interfaces/altair_interfaces/srv/detail/trigger_control__type_support.c\n'}
[0.616077] (altair_interfaces) StdoutLine: {'line': b'-- Up-to-date: /home/altair/Person_Tracking_Roboware/install/altair_interfaces/include/altair_interfaces/altair_interfaces/srv/detail/start_behavior__rosidl_typesupport_introspection_c.h\n'}
[0.616187] (altair_interfaces) StdoutLine: {'line': b'-- Up-to-date: /home/altair/Person_Tracking_Roboware/install/altair_interfaces/include/altair_interfaces/altair_interfaces/srv/detail/connect_can__rosidl_typesupport_introspection_c.h\n'}
[0.616294] (altair_interfaces) StdoutLine: {'line': b'-- Up-to-date: /home/altair/Person_Tracking_Roboware/install/altair_interfaces/include/altair_interfaces/altair_interfaces/srv/detail/connect_can__type_support.c\n'}
[0.616395] (altair_interfaces) StdoutLine: {'line': b'-- Up-to-date: /home/altair/Person_Tracking_Roboware/install/altair_interfaces/include/altair_interfaces/altair_interfaces/srv/detail/get_available_ports__rosidl_typesupport_introspection_c.h\n'}
[0.616495] (altair_interfaces) StdoutLine: {'line': b'-- Up-to-date: /home/altair/Person_Tracking_Roboware/install/altair_interfaces/include/altair_interfaces/altair_interfaces/srv/detail/get_available_ports__type_support.c\n'}
[0.616596] (altair_interfaces) StdoutLine: {'line': b'-- Up-to-date: /home/altair/Person_Tracking_Roboware/install/altair_interfaces/include/altair_interfaces/altair_interfaces/srv/detail/start_behavior__type_support.c\n'}
[0.616707] (altair_interfaces) StdoutLine: {'line': b'-- Up-to-date: /home/altair/Person_Tracking_Roboware/install/altair_interfaces/lib/libaltair_interfaces__rosidl_typesupport_introspection_c.so\n'}
[0.616798] (altair_interfaces) StdoutLine: {'line': b'-- Up-to-date: /home/altair/Person_Tracking_Roboware/install/altair_interfaces/lib/libaltair_interfaces__rosidl_typesupport_c.so\n'}
[0.616860] (altair_interfaces) StdoutLine: {'line': b'-- Up-to-date: /home/altair/Person_Tracking_Roboware/install/altair_interfaces/include/altair_interfaces/altair_interfaces\n'}
[0.616932] (altair_interfaces) StdoutLine: {'line': b'-- Up-to-date: /home/altair/Person_Tracking_Roboware/install/altair_interfaces/include/altair_interfaces/altair_interfaces/msg\n'}
[0.617014] (altair_interfaces) StdoutLine: {'line': b'-- Up-to-date: /home/altair/Person_Tracking_Roboware/install/altair_interfaces/include/altair_interfaces/altair_interfaces/msg/servo_command.hpp\n'}
[0.617116] (altair_interfaces) StdoutLine: {'line': b'-- Up-to-date: /home/altair/Person_Tracking_Roboware/install/altair_interfaces/include/altair_interfaces/altair_interfaces/msg/can_status.hpp\n'}
[0.617208] (altair_interfaces) StdoutLine: {'line': b'-- Up-to-date: /home/altair/Person_Tracking_Roboware/install/altair_interfaces/include/altair_interfaces/altair_interfaces/msg/detail\n'}
[0.617271] (altair_interfaces) StdoutLine: {'line': b'-- Up-to-date: /home/altair/Person_Tracking_Roboware/install/altair_interfaces/include/altair_interfaces/altair_interfaces/msg/detail/mdd_command__builder.hpp\n'}
[0.617331] (altair_interfaces) StdoutLine: {'line': b'-- Up-to-date: /home/altair/Person_Tracking_Roboware/install/altair_interfaces/include/altair_interfaces/altair_interfaces/msg/detail/can_status__builder.hpp\n'}
[0.617390] (altair_interfaces) StdoutLine: {'line': b'-- Up-to-date: /home/altair/Person_Tracking_Roboware/install/altair_interfaces/include/altair_interfaces/altair_interfaces/msg/detail/solenoid_command__struct.hpp\n'}
[0.617448] (altair_interfaces) StdoutLine: {'line': b'-- Up-to-date: /home/altair/Person_Tracking_Roboware/install/altair_interfaces/include/altair_interfaces/altair_interfaces/msg/detail/solenoid_command__traits.hpp\n'}
[0.617506] (altair_interfaces) StdoutLine: {'line': b'-- Up-to-date: /home/altair/Person_Tracking_Roboware/install/altair_interfaces/include/altair_interfaces/altair_interfaces/msg/detail/can_status__type_support.hpp\n'}
[0.617563] (altair_interfaces) StdoutLine: {'line': b'-- Up-to-date: /home/altair/Person_Tracking_Roboware/install/altair_interfaces/include/altair_interfaces/altair_interfaces/msg/detail/mdd_command__type_support.hpp\n'}
[0.617621] (altair_interfaces) StdoutLine: {'line': b'-- Up-to-date: /home/altair/Person_Tracking_Roboware/install/altair_interfaces/include/altair_interfaces/altair_interfaces/msg/detail/solenoid_command__type_support.hpp\n'}
[0.617678] (altair_interfaces) StdoutLine: {'line': b'-- Up-to-date: /home/altair/Person_Tracking_Roboware/install/altair_interfaces/include/altair_interfaces/altair_interfaces/msg/detail/servo_command__struct.hpp\n'}
[0.617740] (altair_interfaces) StdoutLine: {'line': b'-- Up-to-date: /home/altair/Person_Tracking_Roboware/install/altair_interfaces/include/altair_interfaces/altair_interfaces/msg/detail/mdd_feedback__struct.hpp\n'}
[0.617799] (altair_interfaces) StdoutLine: {'line': b'-- Up-to-date: /home/altair/Person_Tracking_Roboware/install/altair_interfaces/include/altair_interfaces/altair_interfaces/msg/detail/servo_command__traits.hpp\n'}
[0.617856] (altair_interfaces) StdoutLine: {'line': b'-- Up-to-date: /home/altair/Person_Tracking_Roboware/install/altair_interfaces/include/altair_interfaces/altair_interfaces/msg/detail/solenoid_command__builder.hpp\n'}
[0.617913] (altair_interfaces) StdoutLine: {'line': b'-- Up-to-date: /home/altair/Person_Tracking_Roboware/install/altair_interfaces/include/altair_interfaces/altair_interfaces/msg/detail/mdd_command__traits.hpp\n'}
[0.617972] (altair_interfaces) StdoutLine: {'line': b'-- Up-to-date: /home/altair/Person_Tracking_Roboware/install/altair_interfaces/include/altair_interfaces/altair_interfaces/msg/detail/can_status__traits.hpp\n'}
[0.618029] (altair_interfaces) StdoutLine: {'line': b'-- Up-to-date: /home/altair/Person_Tracking_Roboware/install/altair_interfaces/include/altair_interfaces/altair_interfaces/msg/detail/mdd_feedback__type_support.hpp\n'}
[0.618085] (altair_interfaces) StdoutLine: {'line': b'-- Up-to-date: /home/altair/Person_Tracking_Roboware/install/altair_interfaces/include/altair_interfaces/altair_interfaces/msg/detail/mdd_command__struct.hpp\n'}
[0.618141] (altair_interfaces) StdoutLine: {'line': b'-- Up-to-date: /home/altair/Person_Tracking_Roboware/install/altair_interfaces/include/altair_interfaces/altair_interfaces/msg/detail/servo_command__builder.hpp\n'}
[0.618221] (altair_interfaces) StdoutLine: {'line': b'-- Up-to-date: /home/altair/Person_Tracking_Roboware/install/altair_interfaces/include/altair_interfaces/altair_interfaces/msg/detail/mdd_feedback__builder.hpp\n'}
[0.618282] (altair_interfaces) StdoutLine: {'line': b'-- Up-to-date: /home/altair/Person_Tracking_Roboware/install/altair_interfaces/include/altair_interfaces/altair_interfaces/msg/detail/mdd_feedback__traits.hpp\n'}
[0.618339] (altair_interfaces) StdoutLine: {'line': b'-- Up-to-date: /home/altair/Person_Tracking_Roboware/install/altair_interfaces/include/altair_interfaces/altair_interfaces/msg/detail/can_status__struct.hpp\n'}
[0.618397] (altair_interfaces) StdoutLine: {'line': b'-- Up-to-date: /home/altair/Person_Tracking_Roboware/install/altair_interfaces/include/altair_interfaces/altair_interfaces/msg/detail/servo_command__type_support.hpp\n'}
[0.618472] (altair_interfaces) StdoutLine: {'line': b'-- Up-to-date: /home/altair/Person_Tracking_Roboware/install/altair_interfaces/include/altair_interfaces/altair_interfaces/msg/solenoid_command.hpp\n'}
[0.618530] (altair_interfaces) StdoutLine: {'line': b'-- Up-to-date: /home/altair/Person_Tracking_Roboware/install/altair_interfaces/include/altair_interfaces/altair_interfaces/msg/rosidl_generator_cpp__visibility_control.hpp\n'}
[0.618588] (altair_interfaces) StdoutLine: {'line': b'-- Up-to-date: /home/altair/Person_Tracking_Roboware/install/altair_interfaces/include/altair_interfaces/altair_interfaces/msg/mdd_command.hpp\n'}
[0.618645] (altair_interfaces) StdoutLine: {'line': b'-- Up-to-date: /home/altair/Person_Tracking_Roboware/install/altair_interfaces/include/altair_interfaces/altair_interfaces/msg/mdd_feedback.hpp\n'}
[0.618701] (altair_interfaces) StdoutLine: {'line': b'-- Up-to-date: /home/altair/Person_Tracking_Roboware/install/altair_interfaces/include/altair_interfaces/altair_interfaces/srv\n'}
[0.618757] (altair_interfaces) StdoutLine: {'line': b'-- Up-to-date: /home/altair/Person_Tracking_Roboware/install/altair_interfaces/include/altair_interfaces/altair_interfaces/srv/trigger_control.hpp\n'}
[0.618814] (altair_interfaces) StdoutLine: {'line': b'-- Up-to-date: /home/altair/Person_Tracking_Roboware/install/altair_interfaces/include/altair_interfaces/altair_interfaces/srv/detail\n'}
[0.618870] (altair_interfaces) StdoutLine: {'line': b'-- Up-to-date: /home/altair/Person_Tracking_Roboware/install/altair_interfaces/include/altair_interfaces/altair_interfaces/srv/detail/connect_can__builder.hpp\n'}
[0.618927] (altair_interfaces) StdoutLine: {'line': b'-- Up-to-date: /home/altair/Person_Tracking_Roboware/install/altair_interfaces/include/altair_interfaces/altair_interfaces/srv/detail/start_behavior__builder.hpp\n'}
[0.618983] (altair_interfaces) StdoutLine: {'line': b'-- Up-to-date: /home/altair/Person_Tracking_Roboware/install/altair_interfaces/include/altair_interfaces/altair_interfaces/srv/detail/connect_can__struct.hpp\n'}
[0.619040] (altair_interfaces) StdoutLine: {'line': b'-- Up-to-date: /home/altair/Person_Tracking_Roboware/install/altair_interfaces/include/altair_interfaces/altair_interfaces/srv/detail/get_available_ports__type_support.hpp\n'}
[0.619097] (altair_interfaces) StdoutLine: {'line': b'-- Up-to-date: /home/altair/Person_Tracking_Roboware/install/altair_interfaces/include/altair_interfaces/altair_interfaces/srv/detail/trigger_control__struct.hpp\n'}
[0.619161] (altair_interfaces) StdoutLine: {'line': b'-- Up-to-date: /home/altair/Person_Tracking_Roboware/install/altair_interfaces/include/altair_interfaces/altair_interfaces/srv/detail/trigger_control__type_support.hpp\n'}
[0.619237] (altair_interfaces) StdoutLine: {'line': b'-- Up-to-date: /home/altair/Person_Tracking_Roboware/install/altair_interfaces/include/altair_interfaces/altair_interfaces/srv/detail/connect_can__traits.hpp\n'}
[0.619296] (altair_interfaces) StdoutLine: {'line': b'-- Up-to-date: /home/altair/Person_Tracking_Roboware/install/altair_interfaces/include/altair_interfaces/altair_interfaces/srv/detail/trigger_control__traits.hpp\n'}
[0.619358] (altair_interfaces) StdoutLine: {'line': b'-- Up-to-date: /home/altair/Person_Tracking_Roboware/install/altair_interfaces/include/altair_interfaces/altair_interfaces/srv/detail/get_available_ports__traits.hpp\n'}
[0.619415] (altair_interfaces) StdoutLine: {'line': b'-- Up-to-date: /home/altair/Person_Tracking_Roboware/install/altair_interfaces/include/altair_interfaces/altair_interfaces/srv/detail/get_available_ports__struct.hpp\n'}
[0.619472] (altair_interfaces) StdoutLine: {'line': b'-- Up-to-date: /home/altair/Person_Tracking_Roboware/install/altair_interfaces/include/altair_interfaces/altair_interfaces/srv/detail/trigger_control__builder.hpp\n'}
[0.619529] (altair_interfaces) StdoutLine: {'line': b'-- Up-to-date: /home/altair/Person_Tracking_Roboware/install/altair_interfaces/include/altair_interfaces/altair_interfaces/srv/detail/get_available_ports__builder.hpp\n'}
[0.619586] (altair_interfaces) StdoutLine: {'line': b'-- Up-to-date: /home/altair/Person_Tracking_Roboware/install/altair_interfaces/include/altair_interfaces/altair_interfaces/srv/detail/start_behavior__traits.hpp\n'}
[0.619643] (altair_interfaces) StdoutLine: {'line': b'-- Up-to-date: /home/altair/Person_Tracking_Roboware/install/altair_interfaces/include/altair_interfaces/altair_interfaces/srv/detail/connect_can__type_support.hpp\n'}
[0.619700] (altair_interfaces) StdoutLine: {'line': b'-- Up-to-date: /home/altair/Person_Tracking_Roboware/install/altair_interfaces/include/altair_interfaces/altair_interfaces/srv/detail/start_behavior__struct.hpp\n'}
[0.619757] (altair_interfaces) StdoutLine: {'line': b'-- Up-to-date: /home/altair/Person_Tracking_Roboware/install/altair_interfaces/include/altair_interfaces/altair_interfaces/srv/detail/start_behavior__type_support.hpp\n'}
[0.619814] (altair_interfaces) StdoutLine: {'line': b'-- Up-to-date: /home/altair/Person_Tracking_Roboware/install/altair_interfaces/include/altair_interfaces/altair_interfaces/srv/connect_can.hpp\n'}
[0.619871] (altair_interfaces) StdoutLine: {'line': b'-- Up-to-date: /home/altair/Person_Tracking_Roboware/install/altair_interfaces/include/altair_interfaces/altair_interfaces/srv/get_available_ports.hpp\n'}
[0.619928] (altair_interfaces) StdoutLine: {'line': b'-- Up-to-date: /home/altair/Person_Tracking_Roboware/install/altair_interfaces/include/altair_interfaces/altair_interfaces/srv/start_behavior.hpp\n'}
[0.619993] (altair_interfaces) StdoutLine: {'line': b'-- Up-to-date: /home/altair/Person_Tracking_Roboware/install/altair_interfaces/include/altair_interfaces/altair_interfaces\n'}
[0.620051] (altair_interfaces) StdoutLine: {'line': b'-- Up-to-date: /home/altair/Person_Tracking_Roboware/install/altair_interfaces/include/altair_interfaces/altair_interfaces/msg\n'}
[0.620107] (altair_interfaces) StdoutLine: {'line': b'-- Up-to-date: /home/altair/Person_Tracking_Roboware/install/altair_interfaces/include/altair_interfaces/altair_interfaces/msg/rosidl_typesupport_fastrtps_cpp__visibility_control.h\n'}
[0.620172] (altair_interfaces) StdoutLine: {'line': b'-- Up-to-date: /home/altair/Person_Tracking_Roboware/install/altair_interfaces/include/altair_interfaces/altair_interfaces/msg/detail\n'}
[0.620237] (altair_interfaces) StdoutLine: {'line': b'-- Up-to-date: /home/altair/Person_Tracking_Roboware/install/altair_interfaces/include/altair_interfaces/altair_interfaces/msg/detail/mdd_command__rosidl_typesupport_fastrtps_cpp.hpp\n'}
[0.620295] (altair_interfaces) StdoutLine: {'line': b'-- Up-to-date: /home/altair/Person_Tracking_Roboware/install/altair_interfaces/include/altair_interfaces/altair_interfaces/msg/detail/mdd_feedback__rosidl_typesupport_fastrtps_cpp.hpp\n'}
[0.620352] (altair_interfaces) StdoutLine: {'line': b'-- Up-to-date: /home/altair/Person_Tracking_Roboware/install/altair_interfaces/include/altair_interfaces/altair_interfaces/msg/detail/servo_command__rosidl_typesupport_fastrtps_cpp.hpp\n'}
[0.620410] (altair_interfaces) StdoutLine: {'line': b'-- Up-to-date: /home/altair/Person_Tracking_Roboware/install/altair_interfaces/include/altair_interfaces/altair_interfaces/msg/detail/solenoid_command__rosidl_typesupport_fastrtps_cpp.hpp\n'}
[0.620473] (altair_interfaces) StdoutLine: {'line': b'-- Up-to-date: /home/altair/Person_Tracking_Roboware/install/altair_interfaces/include/altair_interfaces/altair_interfaces/msg/detail/can_status__rosidl_typesupport_fastrtps_cpp.hpp\n'}
[0.620531] (altair_interfaces) StdoutLine: {'line': b'-- Up-to-date: /home/altair/Person_Tracking_Roboware/install/altair_interfaces/include/altair_interfaces/altair_interfaces/msg/detail/dds_fastrtps\n'}
[0.620588] (altair_interfaces) StdoutLine: {'line': b'-- Up-to-date: /home/altair/Person_Tracking_Roboware/install/altair_interfaces/include/altair_interfaces/altair_interfaces/srv\n'}
[0.620650] (altair_interfaces) StdoutLine: {'line': b'-- Up-to-date: /home/altair/Person_Tracking_Roboware/install/altair_interfaces/include/altair_interfaces/altair_interfaces/srv/detail\n'}
[0.620707] (altair_interfaces) StdoutLine: {'line': b'-- Up-to-date: /home/altair/Person_Tracking_Roboware/install/altair_interfaces/include/altair_interfaces/altair_interfaces/srv/detail/connect_can__rosidl_typesupport_fastrtps_cpp.hpp\n'}
[0.620765] (altair_interfaces) StdoutLine: {'line': b'-- Up-to-date: /home/altair/Person_Tracking_Roboware/install/altair_interfaces/include/altair_interfaces/altair_interfaces/srv/detail/start_behavior__rosidl_typesupport_fastrtps_cpp.hpp\n'}
[0.620831] (altair_interfaces) StdoutLine: {'line': b'-- Up-to-date: /home/altair/Person_Tracking_Roboware/install/altair_interfaces/include/altair_interfaces/altair_interfaces/srv/detail/dds_fastrtps\n'}
[0.620928] (altair_interfaces) StdoutLine: {'line': b'-- Up-to-date: /home/altair/Person_Tracking_Roboware/install/altair_interfaces/include/altair_interfaces/altair_interfaces/srv/detail/get_available_ports__rosidl_typesupport_fastrtps_cpp.hpp\n'}
[0.621020] (altair_interfaces) StdoutLine: {'line': b'-- Up-to-date: /home/altair/Person_Tracking_Roboware/install/altair_interfaces/include/altair_interfaces/altair_interfaces/srv/detail/trigger_control__rosidl_typesupport_fastrtps_cpp.hpp\n'}
[0.621108] (altair_interfaces) StdoutLine: {'line': b'-- Up-to-date: /home/altair/Person_Tracking_Roboware/install/altair_interfaces/lib/libaltair_interfaces__rosidl_typesupport_fastrtps_cpp.so\n'}
[0.621224] (altair_interfaces) StdoutLine: {'line': b'-- Up-to-date: /home/altair/Person_Tracking_Roboware/install/altair_interfaces/include/altair_interfaces/altair_interfaces\n'}
[0.621333] (altair_interfaces) StdoutLine: {'line': b'-- Up-to-date: /home/altair/Person_Tracking_Roboware/install/altair_interfaces/include/altair_interfaces/altair_interfaces/msg\n'}
[0.621431] (altair_interfaces) StdoutLine: {'line': b'-- Up-to-date: /home/altair/Person_Tracking_Roboware/install/altair_interfaces/include/altair_interfaces/altair_interfaces/msg/detail\n'}
[0.621539] (altair_interfaces) StdoutLine: {'line': b'-- Up-to-date: /home/altair/Person_Tracking_Roboware/install/altair_interfaces/include/altair_interfaces/altair_interfaces/msg/detail/mdd_feedback__rosidl_typesupport_introspection_cpp.hpp\n'}
[0.621673] (altair_interfaces) StdoutLine: {'line': b'-- Up-to-date: /home/altair/Person_Tracking_Roboware/install/altair_interfaces/include/altair_interfaces/altair_interfaces/msg/detail/can_status__rosidl_typesupport_introspection_cpp.hpp\n'}
[0.621783] (altair_interfaces) StdoutLine: {'line': b'-- Up-to-date: /home/altair/Person_Tracking_Roboware/install/altair_interfaces/include/altair_interfaces/altair_interfaces/msg/detail/mdd_command__rosidl_typesupport_introspection_cpp.hpp\n'}
[0.621900] (altair_interfaces) StdoutLine: {'line': b'-- Up-to-date: /home/altair/Person_Tracking_Roboware/install/altair_interfaces/include/altair_interfaces/altair_interfaces/msg/detail/mdd_feedback__type_support.cpp\n'}
[0.622051] (altair_interfaces) StdoutLine: {'line': b'-- Up-to-date: /home/altair/Person_Tracking_Roboware/install/altair_interfaces/include/altair_interfaces/altair_interfaces/msg/detail/servo_command__type_support.cpp\n'}
[0.622241] (altair_interfaces) StdoutLine: {'line': b'-- Up-to-date: /home/altair/Person_Tracking_Roboware/install/altair_interfaces/include/altair_interfaces/altair_interfaces/msg/detail/solenoid_command__type_support.cpp\n'}
[0.622345] (altair_interfaces) StdoutLine: {'line': b'-- Up-to-date: /home/altair/Person_Tracking_Roboware/install/altair_interfaces/include/altair_interfaces/altair_interfaces/msg/detail/mdd_command__type_support.cpp\n'}
[0.622408] (altair_interfaces) StdoutLine: {'line': b'-- Up-to-date: /home/altair/Person_Tracking_Roboware/install/altair_interfaces/include/altair_interfaces/altair_interfaces/msg/detail/can_status__type_support.cpp\n'}
[0.622469] (altair_interfaces) StdoutLine: {'line': b'-- Up-to-date: /home/altair/Person_Tracking_Roboware/install/altair_interfaces/include/altair_interfaces/altair_interfaces/msg/detail/servo_command__rosidl_typesupport_introspection_cpp.hpp\n'}
[0.622537] (altair_interfaces) StdoutLine: {'line': b'-- Up-to-date: /home/altair/Person_Tracking_Roboware/install/altair_interfaces/include/altair_interfaces/altair_interfaces/msg/detail/solenoid_command__rosidl_typesupport_introspection_cpp.hpp\n'}
[0.622597] (altair_interfaces) StdoutLine: {'line': b'-- Up-to-date: /home/altair/Person_Tracking_Roboware/install/altair_interfaces/include/altair_interfaces/altair_interfaces/srv\n'}
[0.622655] (altair_interfaces) StdoutLine: {'line': b'-- Up-to-date: /home/altair/Person_Tracking_Roboware/install/altair_interfaces/include/altair_interfaces/altair_interfaces/srv/detail\n'}
[0.622715] (altair_interfaces) StdoutLine: {'line': b'-- Up-to-date: /home/altair/Person_Tracking_Roboware/install/altair_interfaces/include/altair_interfaces/altair_interfaces/srv/detail/connect_can__rosidl_typesupport_introspection_cpp.hpp\n'}
[0.622773] (altair_interfaces) StdoutLine: {'line': b'-- Up-to-date: /home/altair/Person_Tracking_Roboware/install/altair_interfaces/include/altair_interfaces/altair_interfaces/srv/detail/get_available_ports__type_support.cpp\n'}
[0.622860] (altair_interfaces) StdoutLine: {'line': b'-- Up-to-date: /home/altair/Person_Tracking_Roboware/install/altair_interfaces/include/altair_interfaces/altair_interfaces/srv/detail/connect_can__type_support.cpp\n'}
[0.622924] (altair_interfaces) StdoutLine: {'line': b'-- Up-to-date: /home/altair/Person_Tracking_Roboware/install/altair_interfaces/include/altair_interfaces/altair_interfaces/srv/detail/start_behavior__type_support.cpp\n'}
[0.622996] (altair_interfaces) StdoutLine: {'line': b'-- Up-to-date: /home/altair/Person_Tracking_Roboware/install/altair_interfaces/include/altair_interfaces/altair_interfaces/srv/detail/trigger_control__type_support.cpp\n'}
[0.623064] (altair_interfaces) StdoutLine: {'line': b'-- Up-to-date: /home/altair/Person_Tracking_Roboware/install/altair_interfaces/include/altair_interfaces/altair_interfaces/srv/detail/trigger_control__rosidl_typesupport_introspection_cpp.hpp\n'}
[0.623143] (altair_interfaces) StdoutLine: {'line': b'-- Up-to-date: /home/altair/Person_Tracking_Roboware/install/altair_interfaces/include/altair_interfaces/altair_interfaces/srv/detail/get_available_ports__rosidl_typesupport_introspection_cpp.hpp\n'}
[0.623340] (altair_interfaces) StdoutLine: {'line': b'-- Up-to-date: /home/altair/Person_Tracking_Roboware/install/altair_interfaces/include/altair_interfaces/altair_interfaces/srv/detail/start_behavior__rosidl_typesupport_introspection_cpp.hpp\n'}
[0.623411] (altair_interfaces) StdoutLine: {'line': b'-- Up-to-date: /home/altair/Person_Tracking_Roboware/install/altair_interfaces/lib/libaltair_interfaces__rosidl_typesupport_introspection_cpp.so\n'}
[0.623477] (altair_interfaces) StdoutLine: {'line': b'-- Up-to-date: /home/altair/Person_Tracking_Roboware/install/altair_interfaces/lib/libaltair_interfaces__rosidl_typesupport_cpp.so\n'}
[0.623545] (altair_interfaces) StdoutLine: {'line': b'-- Up-to-date: /home/altair/Person_Tracking_Roboware/install/altair_interfaces/share/altair_interfaces/environment/pythonpath.sh\n'}
[0.623610] (altair_interfaces) StdoutLine: {'line': b'-- Up-to-date: /home/altair/Person_Tracking_Roboware/install/altair_interfaces/share/altair_interfaces/environment/pythonpath.dsv\n'}
[0.623687] (altair_interfaces) StdoutLine: {'line': b'-- Up-to-date: /home/altair/Person_Tracking_Roboware/install/altair_interfaces/local/lib/python3.10/dist-packages/altair_interfaces-1.0.0-py3.10.egg-info\n'}
[0.623753] (altair_interfaces) StdoutLine: {'line': b'-- Installing: /home/altair/Person_Tracking_Roboware/install/altair_interfaces/local/lib/python3.10/dist-packages/altair_interfaces-1.0.0-py3.10.egg-info/dependency_links.txt\n'}
[0.623813] (altair_interfaces) StdoutLine: {'line': b'-- Installing: /home/altair/Person_Tracking_Roboware/install/altair_interfaces/local/lib/python3.10/dist-packages/altair_interfaces-1.0.0-py3.10.egg-info/PKG-INFO\n'}
[0.623874] (altair_interfaces) StdoutLine: {'line': b'-- Installing: /home/altair/Person_Tracking_Roboware/install/altair_interfaces/local/lib/python3.10/dist-packages/altair_interfaces-1.0.0-py3.10.egg-info/top_level.txt\n'}
[0.623931] (altair_interfaces) StdoutLine: {'line': b'-- Installing: /home/altair/Person_Tracking_Roboware/install/altair_interfaces/local/lib/python3.10/dist-packages/altair_interfaces-1.0.0-py3.10.egg-info/SOURCES.txt\n'}
[0.623997] (altair_interfaces) StdoutLine: {'line': b'-- Up-to-date: /home/altair/Person_Tracking_Roboware/install/altair_interfaces/local/lib/python3.10/dist-packages/altair_interfaces\n'}
[0.624054] (altair_interfaces) StdoutLine: {'line': b'-- Up-to-date: /home/altair/Person_Tracking_Roboware/install/altair_interfaces/local/lib/python3.10/dist-packages/altair_interfaces/libaltair_interfaces__rosidl_generator_py.so\n'}
[0.624111] (altair_interfaces) StdoutLine: {'line': b'-- Up-to-date: /home/altair/Person_Tracking_Roboware/install/altair_interfaces/local/lib/python3.10/dist-packages/altair_interfaces/altair_interfaces_s__rosidl_typesupport_introspection_c.cpython-310-x86_64-linux-gnu.so\n'}
[0.624184] (altair_interfaces) StdoutLine: {'line': b'-- Up-to-date: /home/altair/Person_Tracking_Roboware/install/altair_interfaces/local/lib/python3.10/dist-packages/altair_interfaces/altair_interfaces_s__rosidl_typesupport_c.cpython-310-x86_64-linux-gnu.so\n'}
[0.624249] (altair_interfaces) StdoutLine: {'line': b'-- Up-to-date: /home/altair/Person_Tracking_Roboware/install/altair_interfaces/local/lib/python3.10/dist-packages/altair_interfaces/msg\n'}
[0.624308] (altair_interfaces) StdoutLine: {'line': b'-- Up-to-date: /home/altair/Person_Tracking_Roboware/install/altair_interfaces/local/lib/python3.10/dist-packages/altair_interfaces/msg/_servo_command.py\n'}
[0.624367] (altair_interfaces) StdoutLine: {'line': b'-- Up-to-date: /home/altair/Person_Tracking_Roboware/install/altair_interfaces/local/lib/python3.10/dist-packages/altair_interfaces/msg/__init__.py\n'}
[0.624424] (altair_interfaces) StdoutLine: {'line': b'-- Up-to-date: /home/altair/Person_Tracking_Roboware/install/altair_interfaces/local/lib/python3.10/dist-packages/altair_interfaces/msg/_can_status_s.c\n'}
[0.624486] (altair_interfaces) StdoutLine: {'line': b'-- Up-to-date: /home/altair/Person_Tracking_Roboware/install/altair_interfaces/local/lib/python3.10/dist-packages/altair_interfaces/msg/_can_status.py\n'}
[0.624543] (altair_interfaces) StdoutLine: {'line': b'-- Up-to-date: /home/altair/Person_Tracking_Roboware/install/altair_interfaces/local/lib/python3.10/dist-packages/altair_interfaces/msg/_mdd_feedback.py\n'}
[0.624599] (altair_interfaces) StdoutLine: {'line': b'-- Up-to-date: /home/altair/Person_Tracking_Roboware/install/altair_interfaces/local/lib/python3.10/dist-packages/altair_interfaces/msg/_servo_command_s.c\n'}
[0.624655] (altair_interfaces) StdoutLine: {'line': b'-- Up-to-date: /home/altair/Person_Tracking_Roboware/install/altair_interfaces/local/lib/python3.10/dist-packages/altair_interfaces/msg/_solenoid_command.py\n'}
[0.624711] (altair_interfaces) StdoutLine: {'line': b'-- Up-to-date: /home/altair/Person_Tracking_Roboware/install/altair_interfaces/local/lib/python3.10/dist-packages/altair_interfaces/msg/_mdd_command.py\n'}
[0.624776] (altair_interfaces) StdoutLine: {'line': b'-- Up-to-date: /home/altair/Person_Tracking_Roboware/install/altair_interfaces/local/lib/python3.10/dist-packages/altair_interfaces/msg/_solenoid_command_s.c\n'}
[0.624833] (altair_interfaces) StdoutLine: {'line': b'-- Up-to-date: /home/altair/Person_Tracking_Roboware/install/altair_interfaces/local/lib/python3.10/dist-packages/altair_interfaces/msg/_mdd_feedback_s.c\n'}
[0.624889] (altair_interfaces) StdoutLine: {'line': b'-- Up-to-date: /home/altair/Person_Tracking_Roboware/install/altair_interfaces/local/lib/python3.10/dist-packages/altair_interfaces/msg/_mdd_command_s.c\n'}
[0.624946] (altair_interfaces) StdoutLine: {'line': b'-- Up-to-date: /home/altair/Person_Tracking_Roboware/install/altair_interfaces/local/lib/python3.10/dist-packages/altair_interfaces/_altair_interfaces_s.ep.rosidl_typesupport_c.c\n'}
[0.625003] (altair_interfaces) StdoutLine: {'line': b'-- Up-to-date: /home/altair/Person_Tracking_Roboware/install/altair_interfaces/local/lib/python3.10/dist-packages/altair_interfaces/__init__.py\n'}
[0.625060] (altair_interfaces) StdoutLine: {'line': b'-- Up-to-date: /home/altair/Person_Tracking_Roboware/install/altair_interfaces/local/lib/python3.10/dist-packages/altair_interfaces/srv\n'}
[0.625116] (altair_interfaces) StdoutLine: {'line': b'-- Up-to-date: /home/altair/Person_Tracking_Roboware/install/altair_interfaces/local/lib/python3.10/dist-packages/altair_interfaces/srv/__init__.py\n'}
[0.625187] (altair_interfaces) StdoutLine: {'line': b'-- Up-to-date: /home/altair/Person_Tracking_Roboware/install/altair_interfaces/local/lib/python3.10/dist-packages/altair_interfaces/srv/_start_behavior_s.c\n'}
[0.625249] (altair_interfaces) StdoutLine: {'line': b'-- Up-to-date: /home/altair/Person_Tracking_Roboware/install/altair_interfaces/local/lib/python3.10/dist-packages/altair_interfaces/srv/_trigger_control.py\n'}
[0.625305] (altair_interfaces) StdoutLine: {'line': b'-- Up-to-date: /home/altair/Person_Tracking_Roboware/install/altair_interfaces/local/lib/python3.10/dist-packages/altair_interfaces/srv/_connect_can.py\n'}
[0.625360] (altair_interfaces) StdoutLine: {'line': b'-- Up-to-date: /home/altair/Person_Tracking_Roboware/install/altair_interfaces/local/lib/python3.10/dist-packages/altair_interfaces/srv/_trigger_control_s.c\n'}
[0.625416] (altair_interfaces) StdoutLine: {'line': b'-- Up-to-date: /home/altair/Person_Tracking_Roboware/install/altair_interfaces/local/lib/python3.10/dist-packages/altair_interfaces/srv/_start_behavior.py\n'}
[0.625472] (altair_interfaces) StdoutLine: {'line': b'-- Up-to-date: /home/altair/Person_Tracking_Roboware/install/altair_interfaces/local/lib/python3.10/dist-packages/altair_interfaces/srv/_connect_can_s.c\n'}
[0.625537] (altair_interfaces) StdoutLine: {'line': b'-- Up-to-date: /home/altair/Person_Tracking_Roboware/install/altair_interfaces/local/lib/python3.10/dist-packages/altair_interfaces/srv/_get_available_ports_s.c\n'}
[0.625593] (altair_interfaces) StdoutLine: {'line': b'-- Up-to-date: /home/altair/Person_Tracking_Roboware/install/altair_interfaces/local/lib/python3.10/dist-packages/altair_interfaces/srv/_get_available_ports.py\n'}
[0.625648] (altair_interfaces) StdoutLine: {'line': b'-- Up-to-date: /home/altair/Person_Tracking_Roboware/install/altair_interfaces/local/lib/python3.10/dist-packages/altair_interfaces/_altair_interfaces_s.ep.rosidl_typesupport_introspection_c.c\n'}
[0.625705] (altair_interfaces) StdoutLine: {'line': b'-- Up-to-date: /home/altair/Person_Tracking_Roboware/install/altair_interfaces/local/lib/python3.10/dist-packages/altair_interfaces/altair_interfaces_s__rosidl_typesupport_fastrtps_c.cpython-310-x86_64-linux-gnu.so\n'}
[0.625762] (altair_interfaces) StdoutLine: {'line': b'-- Up-to-date: /home/altair/Person_Tracking_Roboware/install/altair_interfaces/local/lib/python3.10/dist-packages/altair_interfaces/_altair_interfaces_s.ep.rosidl_typesupport_fastrtps_c.c\n'}
[0.642472] (can_msgs) StdoutLine: {'line': b"Listing '/home/altair/Person_Tracking_Roboware/install/can_msgs/local/lib/python3.10/dist-packages/can_msgs'...\n"}
[0.642671] (can_msgs) StdoutLine: {'line': b"Listing '/home/altair/Person_Tracking_Roboware/install/can_msgs/local/lib/python3.10/dist-packages/can_msgs/msg'...\n"}
[0.647905] (can_msgs) StdoutLine: {'line': b'-- Up-to-date: /home/altair/Person_Tracking_Roboware/install/can_msgs/local/lib/python3.10/dist-packages/can_msgs/can_msgs_s__rosidl_typesupport_fastrtps_c.cpython-310-x86_64-linux-gnu.so\n'}
[0.648394] (can_msgs) StdoutLine: {'line': b'-- Up-to-date: /home/altair/Person_Tracking_Roboware/install/can_msgs/local/lib/python3.10/dist-packages/can_msgs/can_msgs_s__rosidl_typesupport_introspection_c.cpython-310-x86_64-linux-gnu.so\n'}
[0.648853] (can_msgs) StdoutLine: {'line': b'-- Up-to-date: /home/altair/Person_Tracking_Roboware/install/can_msgs/local/lib/python3.10/dist-packages/can_msgs/can_msgs_s__rosidl_typesupport_c.cpython-310-x86_64-linux-gnu.so\n'}
[0.649347] (can_msgs) StdoutLine: {'line': b'-- Up-to-date: /home/altair/Person_Tracking_Roboware/install/can_msgs/lib/libcan_msgs__rosidl_generator_py.so\n'}
[0.649607] (can_msgs) StdoutLine: {'line': b'-- Up-to-date: /home/altair/Person_Tracking_Roboware/install/can_msgs/share/ament_index/resource_index/rust_packages/can_msgs\n'}
[0.649845] (can_msgs) StdoutLine: {'line': b'-- Up-to-date: /home/altair/Person_Tracking_Roboware/install/can_msgs/share/can_msgs/rust\n'}
[0.650062] (can_msgs) StdoutLine: {'line': b'-- Up-to-date: /home/altair/Person_Tracking_Roboware/install/can_msgs/share/can_msgs/rust/Cargo.toml\n'}
[0.650281] (can_msgs) StdoutLine: {'line': b'-- Up-to-date: /home/altair/Person_Tracking_Roboware/install/can_msgs/share/can_msgs/rust/src\n'}
[0.650449] (can_msgs) StdoutLine: {'line': b'-- Up-to-date: /home/altair/Person_Tracking_Roboware/install/can_msgs/share/can_msgs/rust/src/msg\n'}
[0.650632] (can_msgs) StdoutLine: {'line': b'-- Up-to-date: /home/altair/Person_Tracking_Roboware/install/can_msgs/share/can_msgs/rust/src/msg/rmw.rs\n'}
[0.650822] (can_msgs) StdoutLine: {'line': b'-- Up-to-date: /home/altair/Person_Tracking_Roboware/install/can_msgs/share/can_msgs/rust/src/msg.rs\n'}
[0.651013] (can_msgs) StdoutLine: {'line': b'-- Up-to-date: /home/altair/Person_Tracking_Roboware/install/can_msgs/share/can_msgs/rust/src/lib.rs\n'}
[0.651163] (can_msgs) StdoutLine: {'line': b'-- Up-to-date: /home/altair/Person_Tracking_Roboware/install/can_msgs/share/can_msgs/rust/build.rs\n'}
[0.651329] (can_msgs) StdoutLine: {'line': b'-- Up-to-date: /home/altair/Person_Tracking_Roboware/install/can_msgs/share/can_msgs/msg/Frame.idl\n'}
[0.651474] (can_msgs) StdoutLine: {'line': b'-- Up-to-date: /home/altair/Person_Tracking_Roboware/install/can_msgs/share/can_msgs/msg/Frame.msg\n'}
[0.651651] (can_msgs) StdoutLine: {'line': b'-- Up-to-date: /home/altair/Person_Tracking_Roboware/install/can_msgs/share/ament_index/resource_index/package_run_dependencies/can_msgs\n'}
[0.651824] (can_msgs) StdoutLine: {'line': b'-- Up-to-date: /home/altair/Person_Tracking_Roboware/install/can_msgs/share/ament_index/resource_index/parent_prefix_path/can_msgs\n'}
[0.651937] (can_msgs) StdoutLine: {'line': b'-- Up-to-date: /home/altair/Person_Tracking_Roboware/install/can_msgs/share/can_msgs/environment/ament_prefix_path.sh\n'}
[0.652053] (can_msgs) StdoutLine: {'line': b'-- Up-to-date: /home/altair/Person_Tracking_Roboware/install/can_msgs/share/can_msgs/environment/ament_prefix_path.dsv\n'}
[0.652170] (can_msgs) StdoutLine: {'line': b'-- Up-to-date: /home/altair/Person_Tracking_Roboware/install/can_msgs/share/can_msgs/environment/path.sh\n'}
[0.652294] (can_msgs) StdoutLine: {'line': b'-- Up-to-date: /home/altair/Person_Tracking_Roboware/install/can_msgs/share/can_msgs/environment/path.dsv\n'}
[0.652386] (can_msgs) StdoutLine: {'line': b'-- Up-to-date: /home/altair/Person_Tracking_Roboware/install/can_msgs/share/can_msgs/local_setup.bash\n'}
[0.652447] (can_msgs) StdoutLine: {'line': b'-- Up-to-date: /home/altair/Person_Tracking_Roboware/install/can_msgs/share/can_msgs/local_setup.sh\n'}
[0.652597] (can_msgs) StdoutLine: {'line': b'-- Up-to-date: /home/altair/Person_Tracking_Roboware/install/can_msgs/share/can_msgs/local_setup.zsh\n'}
[0.652743] (can_msgs) StdoutLine: {'line': b'-- Up-to-date: /home/altair/Person_Tracking_Roboware/install/can_msgs/share/can_msgs/local_setup.dsv\n'}
[0.652891] (can_msgs) StdoutLine: {'line': b'-- Installing: /home/altair/Person_Tracking_Roboware/install/can_msgs/share/can_msgs/package.dsv\n'}
[0.653016] (can_msgs) StdoutLine: {'line': b'-- Up-to-date: /home/altair/Person_Tracking_Roboware/install/can_msgs/share/ament_index/resource_index/packages/can_msgs\n'}
[0.653147] (can_msgs) StdoutLine: {'line': b'-- Up-to-date: /home/altair/Person_Tracking_Roboware/install/can_msgs/share/can_msgs/cmake/export_can_msgs__rosidl_generator_cExport.cmake\n'}
[0.653409] (can_msgs) StdoutLine: {'line': b'-- Up-to-date: /home/altair/Person_Tracking_Roboware/install/can_msgs/share/can_msgs/cmake/export_can_msgs__rosidl_generator_cExport-noconfig.cmake\n'}
[0.653565] (can_msgs) StdoutLine: {'line': b'-- Up-to-date: /home/altair/Person_Tracking_Roboware/install/can_msgs/share/can_msgs/cmake/export_can_msgs__rosidl_typesupport_fastrtps_cExport.cmake\n'}
[0.653722] (can_msgs) StdoutLine: {'line': b'-- Up-to-date: /home/altair/Person_Tracking_Roboware/install/can_msgs/share/can_msgs/cmake/export_can_msgs__rosidl_typesupport_fastrtps_cExport-noconfig.cmake\n'}
[0.653892] (can_msgs) StdoutLine: {'line': b'-- Up-to-date: /home/altair/Person_Tracking_Roboware/install/can_msgs/share/can_msgs/cmake/can_msgs__rosidl_typesupport_introspection_cExport.cmake\n'}
[0.654082] (can_msgs) StdoutLine: {'line': b'-- Up-to-date: /home/altair/Person_Tracking_Roboware/install/can_msgs/share/can_msgs/cmake/can_msgs__rosidl_typesupport_introspection_cExport-noconfig.cmake\n'}
[0.654266] (can_msgs) StdoutLine: {'line': b'-- Up-to-date: /home/altair/Person_Tracking_Roboware/install/can_msgs/share/can_msgs/cmake/can_msgs__rosidl_typesupport_cExport.cmake\n'}
[0.654423] (can_msgs) StdoutLine: {'line': b'-- Up-to-date: /home/altair/Person_Tracking_Roboware/install/can_msgs/share/can_msgs/cmake/can_msgs__rosidl_typesupport_cExport-noconfig.cmake\n'}
[0.654587] (can_msgs) StdoutLine: {'line': b'-- Up-to-date: /home/altair/Person_Tracking_Roboware/install/can_msgs/share/can_msgs/cmake/export_can_msgs__rosidl_generator_cppExport.cmake\n'}
[0.654734] (can_msgs) StdoutLine: {'line': b'-- Up-to-date: /home/altair/Person_Tracking_Roboware/install/can_msgs/share/can_msgs/cmake/export_can_msgs__rosidl_typesupport_fastrtps_cppExport.cmake\n'}
[0.654868] (can_msgs) StdoutLine: {'line': b'-- Up-to-date: /home/altair/Person_Tracking_Roboware/install/can_msgs/share/can_msgs/cmake/export_can_msgs__rosidl_typesupport_fastrtps_cppExport-noconfig.cmake\n'}
[0.654995] (can_msgs) StdoutLine: {'line': b'-- Up-to-date: /home/altair/Person_Tracking_Roboware/install/can_msgs/share/can_msgs/cmake/can_msgs__rosidl_typesupport_introspection_cppExport.cmake\n'}
[0.655121] (can_msgs) StdoutLine: {'line': b'-- Up-to-date: /home/altair/Person_Tracking_Roboware/install/can_msgs/share/can_msgs/cmake/can_msgs__rosidl_typesupport_introspection_cppExport-noconfig.cmake\n'}
[0.655312] (can_msgs) StdoutLine: {'line': b'-- Up-to-date: /home/altair/Person_Tracking_Roboware/install/can_msgs/share/can_msgs/cmake/can_msgs__rosidl_typesupport_cppExport.cmake\n'}
[0.655442] (can_msgs) StdoutLine: {'line': b'-- Up-to-date: /home/altair/Person_Tracking_Roboware/install/can_msgs/share/can_msgs/cmake/can_msgs__rosidl_typesupport_cppExport-noconfig.cmake\n'}
[0.655564] (can_msgs) StdoutLine: {'line': b'-- Up-to-date: /home/altair/Person_Tracking_Roboware/install/can_msgs/share/can_msgs/cmake/export_can_msgs__rosidl_generator_pyExport.cmake\n'}
[0.655708] (can_msgs) StdoutLine: {'line': b'-- Up-to-date: /home/altair/Person_Tracking_Roboware/install/can_msgs/share/can_msgs/cmake/export_can_msgs__rosidl_generator_pyExport-noconfig.cmake\n'}
[0.655840] (can_msgs) StdoutLine: {'line': b'-- Up-to-date: /home/altair/Person_Tracking_Roboware/install/can_msgs/share/can_msgs/cmake/rosidl_cmake-extras.cmake\n'}
[0.655977] (altair_interfaces) StdoutLine: {'line': b"Listing '/home/altair/Person_Tracking_Roboware/install/altair_interfaces/local/lib/python3.10/dist-packages/altair_interfaces'...\n"}
[0.656411] (altair_interfaces) StdoutLine: {'line': b"Listing '/home/altair/Person_Tracking_Roboware/install/altair_interfaces/local/lib/python3.10/dist-packages/altair_interfaces/msg'...\n"}
[0.656866] (altair_interfaces) StdoutLine: {'line': b"Listing '/home/altair/Person_Tracking_Roboware/install/altair_interfaces/local/lib/python3.10/dist-packages/altair_interfaces/srv'...\n"}
[0.657771] (can_msgs) StdoutLine: {'line': b'-- Up-to-date: /home/altair/Person_Tracking_Roboware/install/can_msgs/share/can_msgs/cmake/ament_cmake_export_dependencies-extras.cmake\n'}
[0.658858] (can_msgs) StdoutLine: {'line': b'-- Up-to-date: /home/altair/Person_Tracking_Roboware/install/can_msgs/share/can_msgs/cmake/ament_cmake_export_include_directories-extras.cmake\n'}
[0.659022] (can_msgs) StdoutLine: {'line': b'-- Up-to-date: /home/altair/Person_Tracking_Roboware/install/can_msgs/share/can_msgs/cmake/ament_cmake_export_libraries-extras.cmake\n'}
[0.659279] (can_msgs) StdoutLine: {'line': b'-- Up-to-date: /home/altair/Person_Tracking_Roboware/install/can_msgs/share/can_msgs/cmake/ament_cmake_export_targets-extras.cmake\n'}
[0.659446] (can_msgs) StdoutLine: {'line': b'-- Up-to-date: /home/altair/Person_Tracking_Roboware/install/can_msgs/share/can_msgs/cmake/rosidl_cmake_export_typesupport_targets-extras.cmake\n'}
[0.659582] (can_msgs) StdoutLine: {'line': b'-- Up-to-date: /home/altair/Person_Tracking_Roboware/install/can_msgs/share/can_msgs/cmake/rosidl_cmake_export_typesupport_libraries-extras.cmake\n'}
[0.659824] (can_msgs) StdoutLine: {'line': b'-- Up-to-date: /home/altair/Person_Tracking_Roboware/install/can_msgs/share/can_msgs/cmake/can_msgsConfig.cmake\n'}
[0.660047] (can_msgs) StdoutLine: {'line': b'-- Up-to-date: /home/altair/Person_Tracking_Roboware/install/can_msgs/share/can_msgs/cmake/can_msgsConfig-version.cmake\n'}
[0.660246] (can_msgs) StdoutLine: {'line': b'-- Up-to-date: /home/altair/Person_Tracking_Roboware/install/can_msgs/share/can_msgs/package.xml\n'}
[0.660388] (can_msgs) CommandEnded: {'returncode': 0}
[0.664129] (altair_interfaces) StdoutLine: {'line': b'-- Up-to-date: /home/altair/Person_Tracking_Roboware/install/altair_interfaces/local/lib/python3.10/dist-packages/altair_interfaces/altair_interfaces_s__rosidl_typesupport_fastrtps_c.cpython-310-x86_64-linux-gnu.so\n'}
[0.664826] (altair_interfaces) StdoutLine: {'line': b'-- Up-to-date: /home/altair/Person_Tracking_Roboware/install/altair_interfaces/local/lib/python3.10/dist-packages/altair_interfaces/altair_interfaces_s__rosidl_typesupport_introspection_c.cpython-310-x86_64-linux-gnu.so\n'}
[0.665215] (altair_interfaces) StdoutLine: {'line': b'-- Up-to-date: /home/altair/Person_Tracking_Roboware/install/altair_interfaces/local/lib/python3.10/dist-packages/altair_interfaces/altair_interfaces_s__rosidl_typesupport_c.cpython-310-x86_64-linux-gnu.so\n'}
[0.665871] (altair_interfaces) StdoutLine: {'line': b'-- Up-to-date: /home/altair/Person_Tracking_Roboware/install/altair_interfaces/lib/libaltair_interfaces__rosidl_generator_py.so\n'}
[0.666023] (altair_interfaces) StdoutLine: {'line': b'-- Up-to-date: /home/altair/Person_Tracking_Roboware/install/altair_interfaces/share/ament_index/resource_index/rust_packages/altair_interfaces\n'}
[0.666409] (altair_interfaces) StdoutLine: {'line': b'-- Up-to-date: /home/altair/Person_Tracking_Roboware/install/altair_interfaces/share/altair_interfaces/rust\n'}
[0.667558] (altair_interfaces) StdoutLine: {'line': b'-- Up-to-date: /home/altair/Person_Tracking_Roboware/install/altair_interfaces/share/altair_interfaces/rust/Cargo.toml\n'}
[0.667750] (altair_interfaces) StdoutLine: {'line': b'-- Up-to-date: /home/altair/Person_Tracking_Roboware/install/altair_interfaces/share/altair_interfaces/rust/src\n'}
[0.668458] (altair_interfaces) StdoutLine: {'line': b'-- Up-to-date: /home/altair/Person_Tracking_Roboware/install/altair_interfaces/share/altair_interfaces/rust/src/msg\n'}
[0.668948] (altair_interfaces) StdoutLine: {'line': b'-- Up-to-date: /home/altair/Person_Tracking_Roboware/install/altair_interfaces/share/altair_interfaces/rust/src/msg/rmw.rs\n'}
[0.669117] (altair_interfaces) StdoutLine: {'line': b'-- Up-to-date: /home/altair/Person_Tracking_Roboware/install/altair_interfaces/share/altair_interfaces/rust/src/srv\n'}
[0.670253] (altair_interfaces) StdoutLine: {'line': b'-- Up-to-date: /home/altair/Person_Tracking_Roboware/install/altair_interfaces/share/altair_interfaces/rust/src/srv/rmw.rs\n'}
[0.670399] (altair_interfaces) StdoutLine: {'line': b'-- Up-to-date: /home/altair/Person_Tracking_Roboware/install/altair_interfaces/share/altair_interfaces/rust/src/msg.rs\n'}
[0.670473] (altair_interfaces) StdoutLine: {'line': b'-- Up-to-date: /home/altair/Person_Tracking_Roboware/install/altair_interfaces/share/altair_interfaces/rust/src/lib.rs\n'}
[0.670537] (altair_interfaces) StdoutLine: {'line': b'-- Up-to-date: /home/altair/Person_Tracking_Roboware/install/altair_interfaces/share/altair_interfaces/rust/src/srv.rs\n'}
[0.670650] (altair_interfaces) StdoutLine: {'line': b'-- Up-to-date: /home/altair/Person_Tracking_Roboware/install/altair_interfaces/share/altair_interfaces/rust/build.rs\n'}
[0.670820] (altair_interfaces) StdoutLine: {'line': b'-- Up-to-date: /home/altair/Person_Tracking_Roboware/install/altair_interfaces/share/altair_interfaces/msg/CanStatus.idl\n'}
[0.670885] (altair_interfaces) StdoutLine: {'line': b'-- Up-to-date: /home/altair/Person_Tracking_Roboware/install/altair_interfaces/share/altair_interfaces/msg/MddFeedback.idl\n'}
[0.670952] (altair_interfaces) StdoutLine: {'line': b'-- Up-to-date: /home/altair/Person_Tracking_Roboware/install/altair_interfaces/share/altair_interfaces/msg/MddCommand.idl\n'}
[0.671014] (altair_interfaces) StdoutLine: {'line': b'-- Up-to-date: /home/altair/Person_Tracking_Roboware/install/altair_interfaces/share/altair_interfaces/msg/ServoCommand.idl\n'}
[0.671075] (altair_interfaces) StdoutLine: {'line': b'-- Up-to-date: /home/altair/Person_Tracking_Roboware/install/altair_interfaces/share/altair_interfaces/msg/SolenoidCommand.idl\n'}
[0.671607] (altair_interfaces) StdoutLine: {'line': b'-- Up-to-date: /home/altair/Person_Tracking_Roboware/install/altair_interfaces/share/altair_interfaces/srv/TriggerControl.idl\n'}
[0.671744] (altair_interfaces) StdoutLine: {'line': b'-- Up-to-date: /home/altair/Person_Tracking_Roboware/install/altair_interfaces/share/altair_interfaces/srv/GetAvailablePorts.idl\n'}
[0.672111] (altair_interfaces) StdoutLine: {'line': b'-- Up-to-date: /home/altair/Person_Tracking_Roboware/install/altair_interfaces/share/altair_interfaces/srv/ConnectCan.idl\n'}
[0.672541] (altair_interfaces) StdoutLine: {'line': b'-- Up-to-date: /home/altair/Person_Tracking_Roboware/install/altair_interfaces/share/altair_interfaces/srv/StartBehavior.idl\n'}
[0.675075] (altair_interfaces) StdoutLine: {'line': b'-- Up-to-date: /home/altair/Person_Tracking_Roboware/install/altair_interfaces/share/altair_interfaces/msg/CanStatus.msg\n'}
[0.675760] (altair_interfaces) StdoutLine: {'line': b'-- Up-to-date: /home/altair/Person_Tracking_Roboware/install/altair_interfaces/share/altair_interfaces/msg/MddFeedback.msg\n'}
[0.675886] (altair_interfaces) StdoutLine: {'line': b'-- Up-to-date: /home/altair/Person_Tracking_Roboware/install/altair_interfaces/share/altair_interfaces/msg/MddCommand.msg\n'}
[0.676146] (altair_interfaces) StdoutLine: {'line': b'-- Up-to-date: /home/altair/Person_Tracking_Roboware/install/altair_interfaces/share/altair_interfaces/msg/ServoCommand.msg\n'}
[0.676770] (altair_interfaces) StdoutLine: {'line': b'-- Up-to-date: /home/altair/Person_Tracking_Roboware/install/altair_interfaces/share/altair_interfaces/msg/SolenoidCommand.msg\n'}
[0.676840] (altair_interfaces) StdoutLine: {'line': b'-- Up-to-date: /home/altair/Person_Tracking_Roboware/install/altair_interfaces/share/altair_interfaces/srv/TriggerControl.srv\n'}
[0.676944] (altair_interfaces) StdoutLine: {'line': b'-- Up-to-date: /home/altair/Person_Tracking_Roboware/install/altair_interfaces/share/altair_interfaces/srv/TriggerControl_Request.msg\n'}
[0.677048] (altair_interfaces) StdoutLine: {'line': b'-- Up-to-date: /home/altair/Person_Tracking_Roboware/install/altair_interfaces/share/altair_interfaces/srv/TriggerControl_Response.msg\n'}
[0.677111] (altair_interfaces) StdoutLine: {'line': b'-- Up-to-date: /home/altair/Person_Tracking_Roboware/install/altair_interfaces/share/altair_interfaces/srv/GetAvailablePorts.srv\n'}
[0.677264] (altair_interfaces) StdoutLine: {'line': b'-- Up-to-date: /home/altair/Person_Tracking_Roboware/install/altair_interfaces/share/altair_interfaces/srv/GetAvailablePorts_Request.msg\n'}
[0.677432] (altair_interfaces) StdoutLine: {'line': b'-- Up-to-date: /home/altair/Person_Tracking_Roboware/install/altair_interfaces/share/altair_interfaces/srv/GetAvailablePorts_Response.msg\n'}
[0.677995] (altair_interfaces) StdoutLine: {'line': b'-- Up-to-date: /home/altair/Person_Tracking_Roboware/install/altair_interfaces/share/altair_interfaces/srv/ConnectCan.srv\n'}
[0.678059] (altair_interfaces) StdoutLine: {'line': b'-- Up-to-date: /home/altair/Person_Tracking_Roboware/install/altair_interfaces/share/altair_interfaces/srv/ConnectCan_Request.msg\n'}
[0.678120] (altair_interfaces) StdoutLine: {'line': b'-- Up-to-date: /home/altair/Person_Tracking_Roboware/install/altair_interfaces/share/altair_interfaces/srv/ConnectCan_Response.msg\n'}
[0.678233] (altair_interfaces) StdoutLine: {'line': b'-- Up-to-date: /home/altair/Person_Tracking_Roboware/install/altair_interfaces/share/altair_interfaces/srv/StartBehavior.srv\n'}
[0.678315] (altair_interfaces) StdoutLine: {'line': b'-- Up-to-date: /home/altair/Person_Tracking_Roboware/install/altair_interfaces/share/altair_interfaces/srv/StartBehavior_Request.msg\n'}
[0.678377] (altair_interfaces) StdoutLine: {'line': b'-- Up-to-date: /home/altair/Person_Tracking_Roboware/install/altair_interfaces/share/altair_interfaces/srv/StartBehavior_Response.msg\n'}
[0.678438] (altair_interfaces) StdoutLine: {'line': b'-- Up-to-date: /home/altair/Person_Tracking_Roboware/install/altair_interfaces/share/ament_index/resource_index/package_run_dependencies/altair_interfaces\n'}
[0.678500] (altair_interfaces) StdoutLine: {'line': b'-- Up-to-date: /home/altair/Person_Tracking_Roboware/install/altair_interfaces/share/ament_index/resource_index/parent_prefix_path/altair_interfaces\n'}
[0.678560] (altair_interfaces) StdoutLine: {'line': b'-- Up-to-date: /home/altair/Person_Tracking_Roboware/install/altair_interfaces/share/altair_interfaces/environment/ament_prefix_path.sh\n'}
[0.678621] (altair_interfaces) StdoutLine: {'line': b'-- Up-to-date: /home/altair/Person_Tracking_Roboware/install/altair_interfaces/share/altair_interfaces/environment/ament_prefix_path.dsv\n'}
[0.678711] (altair_interfaces) StdoutLine: {'line': b'-- Up-to-date: /home/altair/Person_Tracking_Roboware/install/altair_interfaces/share/altair_interfaces/environment/path.sh\n'}
[0.678773] (altair_interfaces) StdoutLine: {'line': b'-- Up-to-date: /home/altair/Person_Tracking_Roboware/install/altair_interfaces/share/altair_interfaces/environment/path.dsv\n'}
[0.678833] (altair_interfaces) StdoutLine: {'line': b'-- Up-to-date: /home/altair/Person_Tracking_Roboware/install/altair_interfaces/share/altair_interfaces/local_setup.bash\n'}
[0.678906] (altair_interfaces) StdoutLine: {'line': b'-- Up-to-date: /home/altair/Person_Tracking_Roboware/install/altair_interfaces/share/altair_interfaces/local_setup.sh\n'}
[0.678968] (altair_interfaces) StdoutLine: {'line': b'-- Up-to-date: /home/altair/Person_Tracking_Roboware/install/altair_interfaces/share/altair_interfaces/local_setup.zsh\n'}
[0.679028] (altair_interfaces) StdoutLine: {'line': b'-- Up-to-date: /home/altair/Person_Tracking_Roboware/install/altair_interfaces/share/altair_interfaces/local_setup.dsv\n'}
[0.679088] (altair_interfaces) StdoutLine: {'line': b'-- Installing: /home/altair/Person_Tracking_Roboware/install/altair_interfaces/share/altair_interfaces/package.dsv\n'}
[0.679315] (altair_interfaces) StdoutLine: {'line': b'-- Up-to-date: /home/altair/Person_Tracking_Roboware/install/altair_interfaces/share/ament_index/resource_index/packages/altair_interfaces\n'}
[0.679410] (altair_interfaces) StdoutLine: {'line': b'-- Up-to-date: /home/altair/Person_Tracking_Roboware/install/altair_interfaces/share/altair_interfaces/cmake/export_altair_interfaces__rosidl_generator_cExport.cmake\n'}
[0.679893] (altair_interfaces) StdoutLine: {'line': b'-- Up-to-date: /home/altair/Person_Tracking_Roboware/install/altair_interfaces/share/altair_interfaces/cmake/export_altair_interfaces__rosidl_generator_cExport-noconfig.cmake\n'}
[0.679956] (altair_interfaces) StdoutLine: {'line': b'-- Up-to-date: /home/altair/Person_Tracking_Roboware/install/altair_interfaces/share/altair_interfaces/cmake/export_altair_interfaces__rosidl_typesupport_fastrtps_cExport.cmake\n'}
[0.680023] (altair_interfaces) StdoutLine: {'line': b'-- Up-to-date: /home/altair/Person_Tracking_Roboware/install/altair_interfaces/share/altair_interfaces/cmake/export_altair_interfaces__rosidl_typesupport_fastrtps_cExport-noconfig.cmake\n'}
[0.680086] (altair_interfaces) StdoutLine: {'line': b'-- Up-to-date: /home/altair/Person_Tracking_Roboware/install/altair_interfaces/share/altair_interfaces/cmake/altair_interfaces__rosidl_typesupport_introspection_cExport.cmake\n'}
[0.680147] (altair_interfaces) StdoutLine: {'line': b'-- Up-to-date: /home/altair/Person_Tracking_Roboware/install/altair_interfaces/share/altair_interfaces/cmake/altair_interfaces__rosidl_typesupport_introspection_cExport-noconfig.cmake\n'}
[0.680282] (altair_interfaces) StdoutLine: {'line': b'-- Up-to-date: /home/altair/Person_Tracking_Roboware/install/altair_interfaces/share/altair_interfaces/cmake/altair_interfaces__rosidl_typesupport_cExport.cmake\n'}
[0.680384] (altair_interfaces) StdoutLine: {'line': b'-- Up-to-date: /home/altair/Person_Tracking_Roboware/install/altair_interfaces/share/altair_interfaces/cmake/altair_interfaces__rosidl_typesupport_cExport-noconfig.cmake\n'}
[0.680447] (altair_interfaces) StdoutLine: {'line': b'-- Up-to-date: /home/altair/Person_Tracking_Roboware/install/altair_interfaces/share/altair_interfaces/cmake/export_altair_interfaces__rosidl_generator_cppExport.cmake\n'}
[0.680509] (altair_interfaces) StdoutLine: {'line': b'-- Up-to-date: /home/altair/Person_Tracking_Roboware/install/altair_interfaces/share/altair_interfaces/cmake/export_altair_interfaces__rosidl_typesupport_fastrtps_cppExport.cmake\n'}
[0.680571] (altair_interfaces) StdoutLine: {'line': b'-- Up-to-date: /home/altair/Person_Tracking_Roboware/install/altair_interfaces/share/altair_interfaces/cmake/export_altair_interfaces__rosidl_typesupport_fastrtps_cppExport-noconfig.cmake\n'}
[0.680837] (altair_interfaces) StdoutLine: {'line': b'-- Up-to-date: /home/altair/Person_Tracking_Roboware/install/altair_interfaces/share/altair_interfaces/cmake/altair_interfaces__rosidl_typesupport_introspection_cppExport.cmake\n'}
[0.680959] (altair_interfaces) StdoutLine: {'line': b'-- Up-to-date: /home/altair/Person_Tracking_Roboware/install/altair_interfaces/share/altair_interfaces/cmake/altair_interfaces__rosidl_typesupport_introspection_cppExport-noconfig.cmake\n'}
[0.681031] (altair_interfaces) StdoutLine: {'line': b'-- Up-to-date: /home/altair/Person_Tracking_Roboware/install/altair_interfaces/share/altair_interfaces/cmake/altair_interfaces__rosidl_typesupport_cppExport.cmake\n'}
[0.681095] (altair_interfaces) StdoutLine: {'line': b'-- Up-to-date: /home/altair/Person_Tracking_Roboware/install/altair_interfaces/share/altair_interfaces/cmake/altair_interfaces__rosidl_typesupport_cppExport-noconfig.cmake\n'}
[0.681170] (altair_interfaces) StdoutLine: {'line': b'-- Up-to-date: /home/altair/Person_Tracking_Roboware/install/altair_interfaces/share/altair_interfaces/cmake/export_altair_interfaces__rosidl_generator_pyExport.cmake\n'}
[0.681360] (altair_interfaces) StdoutLine: {'line': b'-- Up-to-date: /home/altair/Person_Tracking_Roboware/install/altair_interfaces/share/altair_interfaces/cmake/export_altair_interfaces__rosidl_generator_pyExport-noconfig.cmake\n'}
[0.681560] (altair_interfaces) StdoutLine: {'line': b'-- Up-to-date: /home/altair/Person_Tracking_Roboware/install/altair_interfaces/share/altair_interfaces/cmake/rosidl_cmake-extras.cmake\n'}
[0.681954] (altair_interfaces) StdoutLine: {'line': b'-- Up-to-date: /home/altair/Person_Tracking_Roboware/install/altair_interfaces/share/altair_interfaces/cmake/ament_cmake_export_include_directories-extras.cmake\n'}
[0.682020] (altair_interfaces) StdoutLine: {'line': b'-- Up-to-date: /home/altair/Person_Tracking_Roboware/install/altair_interfaces/share/altair_interfaces/cmake/ament_cmake_export_libraries-extras.cmake\n'}
[0.682081] (altair_interfaces) StdoutLine: {'line': b'-- Up-to-date: /home/altair/Person_Tracking_Roboware/install/altair_interfaces/share/altair_interfaces/cmake/ament_cmake_export_targets-extras.cmake\n'}
[0.682642] (altair_interfaces) StdoutLine: {'line': b'-- Up-to-date: /home/altair/Person_Tracking_Roboware/install/altair_interfaces/share/altair_interfaces/cmake/rosidl_cmake_export_typesupport_targets-extras.cmake\n'}
[0.682763] (altair_interfaces) StdoutLine: {'line': b'-- Up-to-date: /home/altair/Person_Tracking_Roboware/install/altair_interfaces/share/altair_interfaces/cmake/ament_cmake_export_dependencies-extras.cmake\n'}
[0.682926] (altair_interfaces) StdoutLine: {'line': b'-- Up-to-date: /home/altair/Person_Tracking_Roboware/install/altair_interfaces/share/altair_interfaces/cmake/rosidl_cmake_export_typesupport_libraries-extras.cmake\n'}
[0.683054] (altair_interfaces) StdoutLine: {'line': b'-- Up-to-date: /home/altair/Person_Tracking_Roboware/install/altair_interfaces/share/altair_interfaces/cmake/altair_interfacesConfig.cmake\n'}
[0.683227] (altair_interfaces) StdoutLine: {'line': b'-- Up-to-date: /home/altair/Person_Tracking_Roboware/install/altair_interfaces/share/altair_interfaces/cmake/altair_interfacesConfig-version.cmake\n'}
[0.683305] (altair_interfaces) StdoutLine: {'line': b'-- Up-to-date: /home/altair/Person_Tracking_Roboware/install/altair_interfaces/share/altair_interfaces/package.xml\n'}
[0.691036] (can_msgs) JobEnded: {'identifier': 'can_msgs', 'rc': 0}
[0.692453] (altair_interfaces) CommandEnded: {'returncode': 0}
[0.700591] (-) TimerEvent: {}
[0.710880] (altair_interfaces) JobEnded: {'identifier': 'altair_interfaces', 'rc': 0}
[0.712354] (Robowarepkg) JobStarted: {'identifier': 'Robowarepkg'}
[0.716760] (altair_can_bridge) JobStarted: {'identifier': 'altair_can_bridge'}
[0.800726] (-) TimerEvent: {}
[0.901205] (-) TimerEvent: {}
[1.001559] (-) TimerEvent: {}
[1.041949] (altair_can_bridge) JobProgress: {'identifier': 'altair_can_bridge', 'progress': 'cmake'}
[1.043453] (altair_can_bridge) JobProgress: {'identifier': 'altair_can_bridge', 'progress': 'build'}
[1.043546] (altair_can_bridge) Command: {'cmd': ['/usr/bin/cmake', '--build', '/home/altair/Person_Tracking_Roboware/build/altair_can_bridge', '--', '-j8', '-l8'], 'cwd': '/home/altair/Person_Tracking_Roboware/build/altair_can_bridge', 'env': OrderedDict([('GJS_DEBUG_TOPICS', 'JS ERROR;JS LOG'), ('LESSOPEN', '| /usr/bin/lesspipe %s'), ('LANGUAGE', 'ja:en'), ('USER', 'altair'), ('LC_TIME', 'ja_JP.UTF-8'), ('XDG_SESSION_TYPE', 'wayland'), ('STM32CubeMX_PATH', '/home/altair/STM32CubeMX'), ('SHLVL', '2'), ('LD_LIBRARY_PATH', '/home/altair/Person_Tracking_Roboware/install/can_msgs/lib:/home/altair/Person_Tracking_Roboware/install/altair_interfaces/lib:/usr/local/lib:/usr/lib/x86_64-linux-gnu/gazebo-11/plugins:/opt/ros/humble/opt/rviz_ogre_vendor/lib:/opt/ros/humble/lib/x86_64-linux-gnu:/opt/ros/humble/lib'), ('HOME', '/home/altair'), ('TERM_PROGRAM_VERSION', '20240203-110809-5046fc22'), ('DESKTOP_SESSION', 'ubuntu'), ('GIO_LAUNCHED_DESKTOP_FILE', '/usr/share/applications/org.wezfurlong.wezterm.desktop'), ('ROS_PYTHON_VERSION', '3'), ('GNOME_SHELL_SESSION_MODE', 'ubuntu'), ('GTK_MODULES', 'gail:atk-bridge'), ('LC_MONETARY', 'ja_JP.UTF-8'), ('MANAGERPID', '1085'), ('SSL_CERT_FILE', '/usr/lib/ssl/certs/ca-certificates.crt'), ('SYSTEMD_EXEC_PID', '1322'), ('DBUS_SESSION_BUS_ADDRESS', 'unix:path=/run/user/1000/bus'), ('COLORTERM', 'truecolor'), ('GIO_LAUNCHED_DESKTOP_FILE_PID', '2439'), ('WEZTERM_EXECUTABLE', '/usr/bin/wezterm-gui'), ('IM_CONFIG_PHASE', '1'), ('WAYLAND_DISPLAY', 'wayland-0'), ('ROS_DISTRO', 'humble'), ('LOGNAME', 'altair'), ('JOURNAL_STREAM', '8:1917'), ('_', '/usr/bin/colcon'), ('ROS_VERSION', '2'), ('XDG_SESSION_CLASS', 'user'), ('USERNAME', 'altair'), ('TERM', 'xterm-256color'), ('GNOME_DESKTOP_SESSION_ID', 'this-is-deprecated'), ('WEZTERM_CONFIG_FILE', '/home/altair/.wezterm.lua'), ('ROS_LOCALHOST_ONLY', '0'), ('WEZTERM_EXECUTABLE_DIR', '/usr/bin'), ('PATH', '/home/altair/.local/bin:/home/altair/spresenseenv/usr/bin:/opt/ros/humble/bin:/home/altair/.local/bin:/home/altair/.local/bin:/home/altair/bin:/usr/local/sbin:/usr/local/bin:/usr/sbin:/usr/bin:/sbin:/bin:/usr/games:/usr/local/games:/snap/bin:/snap/bin:/home/altair/bin:/home/altair/bin'), ('SESSION_MANAGER', 'local/altair-ThinkPad-L380:@/tmp/.ICE-unix/1272,unix/altair-ThinkPad-L380:/tmp/.ICE-unix/1272'), ('INVOCATION_ID', '72e2abd6bbc74719b93804593a356401'), ('PAPERSIZE', 'a4'), ('XDG_MENU_PREFIX', 'gnome-'), ('LC_ADDRESS', 'ja_JP.UTF-8'), ('GNOME_SETUP_DISPLAY', ':1'), ('XDG_RUNTIME_DIR', '/run/user/1000'), ('SSL_CERT_DIR', '/usr/lib/ssl/certs'), ('DISPLAY', ':0'), ('LANG', 'ja_JP.UTF-8'), ('XDG_CURRENT_DESKTOP', 'ubuntu:GNOME'), ('LC_TELEPHONE', 'ja_JP.UTF-8'), ('XMODIFIERS', '@im=ibus'), ('XDG_SESSION_DESKTOP', 'ubuntu'), ('XAUTHORITY', '/run/user/1000/.mutter-Xwaylandauth.YPJIT3'), ('LS_COLORS', 'rs=0:di=01;34:ln=01;36:mh=00:pi=40;33:so=01;35:do=01;35:bd=40;33;01:cd=40;33;01:or=40;31;01:mi=00:su=37;41:sg=30;43:ca=30;41:tw=30;42:ow=34;42:st=37;44:ex=01;32:*.tar=01;31:*.tgz=01;31:*.arc=01;31:*.arj=01;31:*.taz=01;31:*.lha=01;31:*.lz4=01;31:*.lzh=01;31:*.lzma=01;31:*.tlz=01;31:*.txz=01;31:*.tzo=01;31:*.t7z=01;31:*.zip=01;31:*.z=01;31:*.dz=01;31:*.gz=01;31:*.lrz=01;31:*.lz=01;31:*.lzo=01;31:*.xz=01;31:*.zst=01;31:*.tzst=01;31:*.bz2=01;31:*.bz=01;31:*.tbz=01;31:*.tbz2=01;31:*.tz=01;31:*.deb=01;31:*.rpm=01;31:*.jar=01;31:*.war=01;31:*.ear=01;31:*.sar=01;31:*.rar=01;31:*.alz=01;31:*.ace=01;31:*.zoo=01;31:*.cpio=01;31:*.7z=01;31:*.rz=01;31:*.cab=01;31:*.wim=01;31:*.swm=01;31:*.dwm=01;31:*.esd=01;31:*.jpg=01;35:*.jpeg=01;35:*.mjpg=01;35:*.mjpeg=01;35:*.gif=01;35:*.bmp=01;35:*.pbm=01;35:*.pgm=01;35:*.ppm=01;35:*.tga=01;35:*.xbm=01;35:*.xpm=01;35:*.tif=01;35:*.tiff=01;35:*.png=01;35:*.svg=01;35:*.svgz=01;35:*.mng=01;35:*.pcx=01;35:*.mov=01;35:*.mpg=01;35:*.mpeg=01;35:*.m2v=01;35:*.mkv=01;35:*.webm=01;35:*.webp=01;35:*.ogm=01;35:*.mp4=01;35:*.m4v=01;35:*.mp4v=01;35:*.vob=01;35:*.qt=01;35:*.nuv=01;35:*.wmv=01;35:*.asf=01;35:*.rm=01;35:*.rmvb=01;35:*.flc=01;35:*.avi=01;35:*.fli=01;35:*.flv=01;35:*.gl=01;35:*.dl=01;35:*.xcf=01;35:*.xwd=01;35:*.yuv=01;35:*.cgm=01;35:*.emf=01;35:*.ogv=01;35:*.ogx=01;35:*.aac=00;36:*.au=00;36:*.flac=00;36:*.m4a=00;36:*.mid=00;36:*.midi=00;36:*.mka=00;36:*.mp3=00;36:*.mpc=00;36:*.ogg=00;36:*.ra=00;36:*.wav=00;36:*.oga=00;36:*.opus=00;36:*.spx=00;36:*.xspf=00;36:'), ('TERM_PROGRAM', 'WezTerm'), ('SSH_AGENT_LAUNCHER', 'gnome-keyring'), ('SSH_AUTH_SOCK', '/run/user/1000/keyring/ssh'), ('ROS_DOMAIN_ID', '0'), ('AMENT_PREFIX_PATH', '/home/altair/Person_Tracking_Roboware/install/can_msgs:/home/altair/Person_Tracking_Roboware/install/altair_interfaces:/opt/ros/humble'), ('SHELL', '/bin/bash'), ('LC_NAME', 'ja_JP.UTF-8'), ('QT_ACCESSIBILITY', '1'), ('GDMSESSION', 'ubuntu'), ('LESSCLOSE', '/usr/bin/lesspipe %s %s'), ('LC_MEASUREMENT', 'ja_JP.UTF-8'), ('GJS_DEBUG_OUTPUT', 'stderr'), ('LC_IDENTIFICATION', 'ja_JP.UTF-8'), ('WEZTERM_CONFIG_DIR', '/home/altair'), ('QT_IM_MODULE', 'ibus'), ('PWD', '/home/altair/Person_Tracking_Roboware/build/altair_can_bridge'), ('LC_ALL', 'en_US.UTF-8'), ('XDG_CONFIG_DIRS', '/etc/xdg/xdg-ubuntu:/etc/xdg'), ('XDG_DATA_DIRS', '/usr/share/ubuntu:/usr/local/share/:/usr/share/:/var/lib/snapd/desktop'), ('WEZTERM_UNIX_SOCKET', '/run/user/1000/wezterm/gui-sock-2439'), ('PYTHONPATH', '/home/altair/Person_Tracking_Roboware/install/can_msgs/local/lib/python3.10/dist-packages:/home/altair/Person_Tracking_Roboware/install/altair_interfaces/local/lib/python3.10/dist-packages:/opt/ros/humble/lib/python3.10/site-packages:/opt/ros/humble/local/lib/python3.10/dist-packages'), ('LC_NUMERIC', 'ja_JP.UTF-8'), ('LC_PAPER', 'ja_JP.UTF-8'), ('WEZTERM_PANE', '2'), ('COLCON', '1'), ('CMAKE_PREFIX_PATH', '/home/altair/Person_Tracking_Roboware/install/can_msgs:/home/altair/Person_Tracking_Roboware/install/altair_interfaces:/opt/ros/humble')]), 'shell': False}
[1.079643] (altair_can_bridge) StdoutLine: {'line': b'[100%] Built target can_bridge_node\n'}
[1.085846] (altair_can_bridge) CommandEnded: {'returncode': 0}
[1.087315] (altair_can_bridge) JobProgress: {'identifier': 'altair_can_bridge', 'progress': 'install'}
[1.087370] (altair_can_bridge) Command: {'cmd': ['/usr/bin/cmake', '--install', '/home/altair/Person_Tracking_Roboware/build/altair_can_bridge'], 'cwd': '/home/altair/Person_Tracking_Roboware/build/altair_can_bridge', 'env': OrderedDict([('GJS_DEBUG_TOPICS', 'JS ERROR;JS LOG'), ('LESSOPEN', '| /usr/bin/lesspipe %s'), ('LANGUAGE', 'ja:en'), ('USER', 'altair'), ('LC_TIME', 'ja_JP.UTF-8'), ('XDG_SESSION_TYPE', 'wayland'), ('STM32CubeMX_PATH', '/home/altair/STM32CubeMX'), ('SHLVL', '2'), ('LD_LIBRARY_PATH', '/home/altair/Person_Tracking_Roboware/install/can_msgs/lib:/home/altair/Person_Tracking_Roboware/install/altair_interfaces/lib:/usr/local/lib:/usr/lib/x86_64-linux-gnu/gazebo-11/plugins:/opt/ros/humble/opt/rviz_ogre_vendor/lib:/opt/ros/humble/lib/x86_64-linux-gnu:/opt/ros/humble/lib'), ('HOME', '/home/altair'), ('TERM_PROGRAM_VERSION', '20240203-110809-5046fc22'), ('DESKTOP_SESSION', 'ubuntu'), ('GIO_LAUNCHED_DESKTOP_FILE', '/usr/share/applications/org.wezfurlong.wezterm.desktop'), ('ROS_PYTHON_VERSION', '3'), ('GNOME_SHELL_SESSION_MODE', 'ubuntu'), ('GTK_MODULES', 'gail:atk-bridge'), ('LC_MONETARY', 'ja_JP.UTF-8'), ('MANAGERPID', '1085'), ('SSL_CERT_FILE', '/usr/lib/ssl/certs/ca-certificates.crt'), ('SYSTEMD_EXEC_PID', '1322'), ('DBUS_SESSION_BUS_ADDRESS', 'unix:path=/run/user/1000/bus'), ('COLORTERM', 'truecolor'), ('GIO_LAUNCHED_DESKTOP_FILE_PID', '2439'), ('WEZTERM_EXECUTABLE', '/usr/bin/wezterm-gui'), ('IM_CONFIG_PHASE', '1'), ('WAYLAND_DISPLAY', 'wayland-0'), ('ROS_DISTRO', 'humble'), ('LOGNAME', 'altair'), ('JOURNAL_STREAM', '8:1917'), ('_', '/usr/bin/colcon'), ('ROS_VERSION', '2'), ('XDG_SESSION_CLASS', 'user'), ('USERNAME', 'altair'), ('TERM', 'xterm-256color'), ('GNOME_DESKTOP_SESSION_ID', 'this-is-deprecated'), ('WEZTERM_CONFIG_FILE', '/home/altair/.wezterm.lua'), ('ROS_LOCALHOST_ONLY', '0'), ('WEZTERM_EXECUTABLE_DIR', '/usr/bin'), ('PATH', '/home/altair/.local/bin:/home/altair/spresenseenv/usr/bin:/opt/ros/humble/bin:/home/altair/.local/bin:/home/altair/.local/bin:/home/altair/bin:/usr/local/sbin:/usr/local/bin:/usr/sbin:/usr/bin:/sbin:/bin:/usr/games:/usr/local/games:/snap/bin:/snap/bin:/home/altair/bin:/home/altair/bin'), ('SESSION_MANAGER', 'local/altair-ThinkPad-L380:@/tmp/.ICE-unix/1272,unix/altair-ThinkPad-L380:/tmp/.ICE-unix/1272'), ('INVOCATION_ID', '72e2abd6bbc74719b93804593a356401'), ('PAPERSIZE', 'a4'), ('XDG_MENU_PREFIX', 'gnome-'), ('LC_ADDRESS', 'ja_JP.UTF-8'), ('GNOME_SETUP_DISPLAY', ':1'), ('XDG_RUNTIME_DIR', '/run/user/1000'), ('SSL_CERT_DIR', '/usr/lib/ssl/certs'), ('DISPLAY', ':0'), ('LANG', 'ja_JP.UTF-8'), ('XDG_CURRENT_DESKTOP', 'ubuntu:GNOME'), ('LC_TELEPHONE', 'ja_JP.UTF-8'), ('XMODIFIERS', '@im=ibus'), ('XDG_SESSION_DESKTOP', 'ubuntu'), ('XAUTHORITY', '/run/user/1000/.mutter-Xwaylandauth.YPJIT3'), ('LS_COLORS', 'rs=0:di=01;34:ln=01;36:mh=00:pi=40;33:so=01;35:do=01;35:bd=40;33;01:cd=40;33;01:or=40;31;01:mi=00:su=37;41:sg=30;43:ca=30;41:tw=30;42:ow=34;42:st=37;44:ex=01;32:*.tar=01;31:*.tgz=01;31:*.arc=01;31:*.arj=01;31:*.taz=01;31:*.lha=01;31:*.lz4=01;31:*.lzh=01;31:*.lzma=01;31:*.tlz=01;31:*.txz=01;31:*.tzo=01;31:*.t7z=01;31:*.zip=01;31:*.z=01;31:*.dz=01;31:*.gz=01;31:*.lrz=01;31:*.lz=01;31:*.lzo=01;31:*.xz=01;31:*.zst=01;31:*.tzst=01;31:*.bz2=01;31:*.bz=01;31:*.tbz=01;31:*.tbz2=01;31:*.tz=01;31:*.deb=01;31:*.rpm=01;31:*.jar=01;31:*.war=01;31:*.ear=01;31:*.sar=01;31:*.rar=01;31:*.alz=01;31:*.ace=01;31:*.zoo=01;31:*.cpio=01;31:*.7z=01;31:*.rz=01;31:*.cab=01;31:*.wim=01;31:*.swm=01;31:*.dwm=01;31:*.esd=01;31:*.jpg=01;35:*.jpeg=01;35:*.mjpg=01;35:*.mjpeg=01;35:*.gif=01;35:*.bmp=01;35:*.pbm=01;35:*.pgm=01;35:*.ppm=01;35:*.tga=01;35:*.xbm=01;35:*.xpm=01;35:*.tif=01;35:*.tiff=01;35:*.png=01;35:*.svg=01;35:*.svgz=01;35:*.mng=01;35:*.pcx=01;35:*.mov=01;35:*.mpg=01;35:*.mpeg=01;35:*.m2v=01;35:*.mkv=01;35:*.webm=01;35:*.webp=01;35:*.ogm=01;35:*.mp4=01;35:*.m4v=01;35:*.mp4v=01;35:*.vob=01;35:*.qt=01;35:*.nuv=01;35:*.wmv=01;35:*.asf=01;35:*.rm=01;35:*.rmvb=01;35:*.flc=01;35:*.avi=01;35:*.fli=01;35:*.flv=01;35:*.gl=01;35:*.dl=01;35:*.xcf=01;35:*.xwd=01;35:*.yuv=01;35:*.cgm=01;35:*.emf=01;35:*.ogv=01;35:*.ogx=01;35:*.aac=00;36:*.au=00;36:*.flac=00;36:*.m4a=00;36:*.mid=00;36:*.midi=00;36:*.mka=00;36:*.mp3=00;36:*.mpc=00;36:*.ogg=00;36:*.ra=00;36:*.wav=00;36:*.oga=00;36:*.opus=00;36:*.spx=00;36:*.xspf=00;36:'), ('TERM_PROGRAM', 'WezTerm'), ('SSH_AGENT_LAUNCHER', 'gnome-keyring'), ('SSH_AUTH_SOCK', '/run/user/1000/keyring/ssh'), ('ROS_DOMAIN_ID', '0'), ('AMENT_PREFIX_PATH', '/home/altair/Person_Tracking_Roboware/install/can_msgs:/home/altair/Person_Tracking_Roboware/install/altair_interfaces:/opt/ros/humble'), ('SHELL', '/bin/bash'), ('LC_NAME', 'ja_JP.UTF-8'), ('QT_ACCESSIBILITY', '1'), ('GDMSESSION', 'ubuntu'), ('LESSCLOSE', '/usr/bin/lesspipe %s %s'), ('LC_MEASUREMENT', 'ja_JP.UTF-8'), ('GJS_DEBUG_OUTPUT', 'stderr'), ('LC_IDENTIFICATION', 'ja_JP.UTF-8'), ('WEZTERM_CONFIG_DIR', '/home/altair'), ('QT_IM_MODULE', 'ibus'), ('PWD', '/home/altair/Person_Tracking_Roboware/build/altair_can_bridge'), ('LC_ALL', 'en_US.UTF-8'), ('XDG_CONFIG_DIRS', '/etc/xdg/xdg-ubuntu:/etc/xdg'), ('XDG_DATA_DIRS', '/usr/share/ubuntu:/usr/local/share/:/usr/share/:/var/lib/snapd/desktop'), ('WEZTERM_UNIX_SOCKET', '/run/user/1000/wezterm/gui-sock-2439'), ('PYTHONPATH', '/home/altair/Person_Tracking_Roboware/install/can_msgs/local/lib/python3.10/dist-packages:/home/altair/Person_Tracking_Roboware/install/altair_interfaces/local/lib/python3.10/dist-packages:/opt/ros/humble/lib/python3.10/site-packages:/opt/ros/humble/local/lib/python3.10/dist-packages'), ('LC_NUMERIC', 'ja_JP.UTF-8'), ('LC_PAPER', 'ja_JP.UTF-8'), ('WEZTERM_PANE', '2'), ('COLCON', '1'), ('CMAKE_PREFIX_PATH', '/home/altair/Person_Tracking_Roboware/install/can_msgs:/home/altair/Person_Tracking_Roboware/install/altair_interfaces:/opt/ros/humble')]), 'shell': False}
[1.090388] (altair_can_bridge) StdoutLine: {'line': b'-- Install configuration: ""\n'}
[1.090714] (altair_can_bridge) StdoutLine: {'line': b'-- Up-to-date: /home/altair/Person_Tracking_Roboware/install/altair_can_bridge/lib/altair_can_bridge/can_bridge_node\n'}
[1.091038] (altair_can_bridge) StdoutLine: {'line': b'-- Up-to-date: /home/altair/Person_Tracking_Roboware/install/altair_can_bridge/share/altair_can_bridge/scripts\n'}
[1.091239] (altair_can_bridge) StdoutLine: {'line': b'-- Up-to-date: /home/altair/Person_Tracking_Roboware/install/altair_can_bridge/share/altair_can_bridge/scripts/ethernet_can_bridge.py\n'}
[1.091440] (altair_can_bridge) StdoutLine: {'line': b'-- Up-to-date: /home/altair/Person_Tracking_Roboware/install/altair_can_bridge/share/altair_can_bridge/scripts/setup_slcan.sh\n'}
[1.091598] (altair_can_bridge) StdoutLine: {'line': b'-- Up-to-date: /home/altair/Person_Tracking_Roboware/install/altair_can_bridge/share/ament_index/resource_index/package_run_dependencies/altair_can_bridge\n'}
[1.091776] (altair_can_bridge) StdoutLine: {'line': b'-- Up-to-date: /home/altair/Person_Tracking_Roboware/install/altair_can_bridge/share/ament_index/resource_index/parent_prefix_path/altair_can_bridge\n'}
[1.091936] (altair_can_bridge) StdoutLine: {'line': b'-- Up-to-date: /home/altair/Person_Tracking_Roboware/install/altair_can_bridge/share/altair_can_bridge/environment/ament_prefix_path.sh\n'}
[1.092058] (altair_can_bridge) StdoutLine: {'line': b'-- Up-to-date: /home/altair/Person_Tracking_Roboware/install/altair_can_bridge/share/altair_can_bridge/environment/ament_prefix_path.dsv\n'}
[1.092179] (altair_can_bridge) StdoutLine: {'line': b'-- Up-to-date: /home/altair/Person_Tracking_Roboware/install/altair_can_bridge/share/altair_can_bridge/environment/path.sh\n'}
[1.092373] (altair_can_bridge) StdoutLine: {'line': b'-- Up-to-date: /home/altair/Person_Tracking_Roboware/install/altair_can_bridge/share/altair_can_bridge/environment/path.dsv\n'}
[1.092537] (altair_can_bridge) StdoutLine: {'line': b'-- Up-to-date: /home/altair/Person_Tracking_Roboware/install/altair_can_bridge/share/altair_can_bridge/local_setup.bash\n'}
[1.092652] (altair_can_bridge) StdoutLine: {'line': b'-- Up-to-date: /home/altair/Person_Tracking_Roboware/install/altair_can_bridge/share/altair_can_bridge/local_setup.sh\n'}
[1.092768] (altair_can_bridge) StdoutLine: {'line': b'-- Up-to-date: /home/altair/Person_Tracking_Roboware/install/altair_can_bridge/share/altair_can_bridge/local_setup.zsh\n'}
[1.092889] (altair_can_bridge) StdoutLine: {'line': b'-- Up-to-date: /home/altair/Person_Tracking_Roboware/install/altair_can_bridge/share/altair_can_bridge/local_setup.dsv\n'}
[1.093006] (altair_can_bridge) StdoutLine: {'line': b'-- Installing: /home/altair/Person_Tracking_Roboware/install/altair_can_bridge/share/altair_can_bridge/package.dsv\n'}
[1.093116] (altair_can_bridge) StdoutLine: {'line': b'-- Up-to-date: /home/altair/Person_Tracking_Roboware/install/altair_can_bridge/share/ament_index/resource_index/packages/altair_can_bridge\n'}
[1.093251] (altair_can_bridge) StdoutLine: {'line': b'-- Up-to-date: /home/altair/Person_Tracking_Roboware/install/altair_can_bridge/share/altair_can_bridge/cmake/altair_can_bridgeConfig.cmake\n'}
[1.093457] (altair_can_bridge) StdoutLine: {'line': b'-- Up-to-date: /home/altair/Person_Tracking_Roboware/install/altair_can_bridge/share/altair_can_bridge/cmake/altair_can_bridgeConfig-version.cmake\n'}
[1.093590] (altair_can_bridge) StdoutLine: {'line': b'-- Up-to-date: /home/altair/Person_Tracking_Roboware/install/altair_can_bridge/share/altair_can_bridge/package.xml\n'}
[1.094295] (altair_can_bridge) CommandEnded: {'returncode': 0}
[1.101644] (-) TimerEvent: {}
[1.111323] (altair_can_bridge) JobEnded: {'identifier': 'altair_can_bridge', 'rc': 0}
[1.201759] (-) TimerEvent: {}
[1.302029] (-) TimerEvent: {}
[1.402335] (-) TimerEvent: {}
[1.502618] (-) TimerEvent: {}
[1.602925] (-) TimerEvent: {}
[1.703214] (-) TimerEvent: {}
[1.803492] (-) TimerEvent: {}
[1.903783] (-) TimerEvent: {}
[2.004082] (-) TimerEvent: {}
[2.013801] (Robowarepkg) Command: {'cmd': ['/usr/bin/python3', '-W', 'ignore:setup.py install is deprecated', '-W', 'ignore:easy_install command is deprecated', 'setup.py', 'egg_info', '--egg-base', '../../build/Robowarepkg', 'build', '--build-base', '/home/altair/Person_Tracking_Roboware/build/Robowarepkg/build', 'install', '--record', '/home/altair/Person_Tracking_Roboware/build/Robowarepkg/install.log', '--install-scripts', '$base/lib/Robowarepkg', '--single-version-externally-managed', 'install_data'], 'cwd': '/home/altair/Person_Tracking_Roboware/src/Robowarepkg', 'env': {'GJS_DEBUG_TOPICS': 'JS ERROR;JS LOG', 'LESSOPEN': '| /usr/bin/lesspipe %s', 'LANGUAGE': 'ja:en', 'USER': 'altair', 'LC_TIME': 'ja_JP.UTF-8', 'XDG_SESSION_TYPE': 'wayland', 'STM32CubeMX_PATH': '/home/altair/STM32CubeMX', 'SHLVL': '2', 'LD_LIBRARY_PATH': '/home/altair/Person_Tracking_Roboware/install/can_msgs/lib:/home/altair/Person_Tracking_Roboware/install/altair_interfaces/lib:/usr/local/lib:/usr/lib/x86_64-linux-gnu/gazebo-11/plugins:/opt/ros/humble/opt/rviz_ogre_vendor/lib:/opt/ros/humble/lib/x86_64-linux-gnu:/opt/ros/humble/lib', 'HOME': '/home/altair', 'TERM_PROGRAM_VERSION': '20240203-110809-5046fc22', 'DESKTOP_SESSION': 'ubuntu', 'GIO_LAUNCHED_DESKTOP_FILE': '/usr/share/applications/org.wezfurlong.wezterm.desktop', 'ROS_PYTHON_VERSION': '3', 'GNOME_SHELL_SESSION_MODE': 'ubuntu', 'GTK_MODULES': 'gail:atk-bridge', 'LC_MONETARY': 'ja_JP.UTF-8', 'MANAGERPID': '1085', 'SSL_CERT_FILE': '/usr/lib/ssl/certs/ca-certificates.crt', 'SYSTEMD_EXEC_PID': '1322', 'DBUS_SESSION_BUS_ADDRESS': 'unix:path=/run/user/1000/bus', 'COLORTERM': 'truecolor', 'GIO_LAUNCHED_DESKTOP_FILE_PID': '2439', 'WEZTERM_EXECUTABLE': '/usr/bin/wezterm-gui', 'IM_CONFIG_PHASE': '1', 'WAYLAND_DISPLAY': 'wayland-0', 'ROS_DISTRO': 'humble', 'LOGNAME': 'altair', 'JOURNAL_STREAM': '8:1917', '_': '/usr/bin/colcon', 'ROS_VERSION': '2', 'XDG_SESSION_CLASS': 'user', 'USERNAME': 'altair', 'TERM': 'xterm-256color', 'GNOME_DESKTOP_SESSION_ID': 'this-is-deprecated', 'WEZTERM_CONFIG_FILE': '/home/altair/.wezterm.lua', 'ROS_LOCALHOST_ONLY': '0', 'WEZTERM_EXECUTABLE_DIR': '/usr/bin', 'PATH': '/home/altair/.local/bin:/home/altair/spresenseenv/usr/bin:/opt/ros/humble/bin:/home/altair/.local/bin:/home/altair/.local/bin:/home/altair/bin:/usr/local/sbin:/usr/local/bin:/usr/sbin:/usr/bin:/sbin:/bin:/usr/games:/usr/local/games:/snap/bin:/snap/bin:/home/altair/bin:/home/altair/bin', 'SESSION_MANAGER': 'local/altair-ThinkPad-L380:@/tmp/.ICE-unix/1272,unix/altair-ThinkPad-L380:/tmp/.ICE-unix/1272', 'INVOCATION_ID': '72e2abd6bbc74719b93804593a356401', 'PAPERSIZE': 'a4', 'XDG_MENU_PREFIX': 'gnome-', 'LC_ADDRESS': 'ja_JP.UTF-8', 'GNOME_SETUP_DISPLAY': ':1', 'XDG_RUNTIME_DIR': '/run/user/1000', 'SSL_CERT_DIR': '/usr/lib/ssl/certs', 'DISPLAY': ':0', 'LANG': 'ja_JP.UTF-8', 'XDG_CURRENT_DESKTOP': 'ubuntu:GNOME', 'LC_TELEPHONE': 'ja_JP.UTF-8', 'XMODIFIERS': '@im=ibus', 'XDG_SESSION_DESKTOP': 'ubuntu', 'XAUTHORITY': '/run/user/1000/.mutter-Xwaylandauth.YPJIT3', 'LS_COLORS': 'rs=0:di=01;34:ln=01;36:mh=00:pi=40;33:so=01;35:do=01;35:bd=40;33;01:cd=40;33;01:or=40;31;01:mi=00:su=37;41:sg=30;43:ca=30;41:tw=30;42:ow=34;42:st=37;44:ex=01;32:*.tar=01;31:*.tgz=01;31:*.arc=01;31:*.arj=01;31:*.taz=01;31:*.lha=01;31:*.lz4=01;31:*.lzh=01;31:*.lzma=01;31:*.tlz=01;31:*.txz=01;31:*.tzo=01;31:*.t7z=01;31:*.zip=01;31:*.z=01;31:*.dz=01;31:*.gz=01;31:*.lrz=01;31:*.lz=01;31:*.lzo=01;31:*.xz=01;31:*.zst=01;31:*.tzst=01;31:*.bz2=01;31:*.bz=01;31:*.tbz=01;31:*.tbz2=01;31:*.tz=01;31:*.deb=01;31:*.rpm=01;31:*.jar=01;31:*.war=01;31:*.ear=01;31:*.sar=01;31:*.rar=01;31:*.alz=01;31:*.ace=01;31:*.zoo=01;31:*.cpio=01;31:*.7z=01;31:*.rz=01;31:*.cab=01;31:*.wim=01;31:*.swm=01;31:*.dwm=01;31:*.esd=01;31:*.jpg=01;35:*.jpeg=01;35:*.mjpg=01;35:*.mjpeg=01;35:*.gif=01;35:*.bmp=01;35:*.pbm=01;35:*.pgm=01;35:*.ppm=01;35:*.tga=01;35:*.xbm=01;35:*.xpm=01;35:*.tif=01;35:*.tiff=01;35:*.png=01;35:*.svg=01;35:*.svgz=01;35:*.mng=01;35:*.pcx=01;35:*.mov=01;35:*.mpg=01;35:*.mpeg=01;35:*.m2v=01;35:*.mkv=01;35:*.webm=01;35:*.webp=01;35:*.ogm=01;35:*.mp4=01;35:*.m4v=01;35:*.mp4v=01;35:*.vob=01;35:*.qt=01;35:*.nuv=01;35:*.wmv=01;35:*.asf=01;35:*.rm=01;35:*.rmvb=01;35:*.flc=01;35:*.avi=01;35:*.fli=01;35:*.flv=01;35:*.gl=01;35:*.dl=01;35:*.xcf=01;35:*.xwd=01;35:*.yuv=01;35:*.cgm=01;35:*.emf=01;35:*.ogv=01;35:*.ogx=01;35:*.aac=00;36:*.au=00;36:*.flac=00;36:*.m4a=00;36:*.mid=00;36:*.midi=00;36:*.mka=00;36:*.mp3=00;36:*.mpc=00;36:*.ogg=00;36:*.ra=00;36:*.wav=00;36:*.oga=00;36:*.opus=00;36:*.spx=00;36:*.xspf=00;36:', 'TERM_PROGRAM': 'WezTerm', 'SSH_AGENT_LAUNCHER': 'gnome-keyring', 'SSH_AUTH_SOCK': '/run/user/1000/keyring/ssh', 'ROS_DOMAIN_ID': '0', 'AMENT_PREFIX_PATH': '/home/altair/Person_Tracking_Roboware/install/can_msgs:/home/altair/Person_Tracking_Roboware/install/altair_interfaces:/opt/ros/humble', 'SHELL': '/bin/bash', 'LC_NAME': 'ja_JP.UTF-8', 'QT_ACCESSIBILITY': '1', 'GDMSESSION': 'ubuntu', 'LESSCLOSE': '/usr/bin/lesspipe %s %s', 'LC_MEASUREMENT': 'ja_JP.UTF-8', 'GJS_DEBUG_OUTPUT': 'stderr', 'LC_IDENTIFICATION': 'ja_JP.UTF-8', 'WEZTERM_CONFIG_DIR': '/home/altair', 'QT_IM_MODULE': 'ibus', 'PWD': '/home/altair/Person_Tracking_Roboware/build/Robowarepkg', 'LC_ALL': 'en_US.UTF-8', 'XDG_CONFIG_DIRS': '/etc/xdg/xdg-ubuntu:/etc/xdg', 'XDG_DATA_DIRS': '/usr/share/ubuntu:/usr/local/share/:/usr/share/:/var/lib/snapd/desktop', 'WEZTERM_UNIX_SOCKET': '/run/user/1000/wezterm/gui-sock-2439', 'PYTHONPATH': '/home/altair/Person_Tracking_Roboware/build/Robowarepkg/prefix_override:/usr/lib/python3/dist-packages/colcon_core/task/python/colcon_distutils_commands:/home/altair/Person_Tracking_Roboware/install/Robowarepkg/lib/python3.10/site-packages:/home/altair/Person_Tracking_Roboware/install/can_msgs/local/lib/python3.10/dist-packages:/home/altair/Person_Tracking_Roboware/install/altair_interfaces/local/lib/python3.10/dist-packages:/opt/ros/humble/lib/python3.10/site-packages:/opt/ros/humble/local/lib/python3.10/dist-packages', 'LC_NUMERIC': 'ja_JP.UTF-8', 'LC_PAPER': 'ja_JP.UTF-8', 'WEZTERM_PANE': '2', 'COLCON': '1', 'CMAKE_PREFIX_PATH': '/home/altair/Person_Tracking_Roboware/install/can_msgs:/home/altair/Person_Tracking_Roboware/install/altair_interfaces'}, 'shell': False}
[2.104202] (-) TimerEvent: {}
[2.204468] (-) TimerEvent: {}
[2.304753] (-) TimerEvent: {}
[2.391401] (Robowarepkg) StdoutLine: {'line': b'running egg_info\n'}
[2.404865] (-) TimerEvent: {}
[2.420576] (Robowarepkg) StdoutLine: {'line': b'writing ../../build/Robowarepkg/Robowarepkg.egg-info/PKG-INFO\n'}
[2.421212] (Robowarepkg) StdoutLine: {'line': b'writing dependency_links to ../../build/Robowarepkg/Robowarepkg.egg-info/dependency_links.txt\n'}
[2.421516] (Robowarepkg) StdoutLine: {'line': b'writing entry points to ../../build/Robowarepkg/Robowarepkg.egg-info/entry_points.txt\n'}
[2.421773] (Robowarepkg) StdoutLine: {'line': b'writing requirements to ../../build/Robowarepkg/Robowarepkg.egg-info/requires.txt\n'}
[2.421925] (Robowarepkg) StdoutLine: {'line': b'writing top-level names to ../../build/Robowarepkg/Robowarepkg.egg-info/top_level.txt\n'}
[2.481096] (Robowarepkg) StdoutLine: {'line': b"reading manifest file '../../build/Robowarepkg/Robowarepkg.egg-info/SOURCES.txt'\n"}
[2.482738] (Robowarepkg) StdoutLine: {'line': b"writing manifest file '../../build/Robowarepkg/Robowarepkg.egg-info/SOURCES.txt'\n"}
[2.482949] (Robowarepkg) StdoutLine: {'line': b'running build\n'}
[2.483105] (Robowarepkg) StdoutLine: {'line': b'running build_py\n'}
[2.483389] (Robowarepkg) StdoutLine: {'line': b'copying Robowarepkg/serial_read_node.py -> /home/altair/Person_Tracking_Roboware/build/Robowarepkg/build/lib/Robowarepkg\n'}
[2.483813] (Robowarepkg) StdoutLine: {'line': b'copying Robowarepkg/FaceAnimation_node.py -> /home/altair/Person_Tracking_Roboware/build/Robowarepkg/build/lib/Robowarepkg\n'}
[2.484125] (Robowarepkg) StdoutLine: {'line': b'copying Robowarepkg/web_socket_node.py -> /home/altair/Person_Tracking_Roboware/build/Robowarepkg/build/lib/Robowarepkg\n'}
[2.484428] (Robowarepkg) StdoutLine: {'line': b'copying Robowarepkg/__init__.py -> /home/altair/Person_Tracking_Roboware/build/Robowarepkg/build/lib/Robowarepkg\n'}
[2.484623] (Robowarepkg) StdoutLine: {'line': b'copying Robowarepkg/Roboware_node_mpn.py -> /home/altair/Person_Tracking_Roboware/build/Robowarepkg/build/lib/Robowarepkg\n'}
[2.484890] (Robowarepkg) StdoutLine: {'line': b'copying Robowarepkg/RealSense_node.py -> /home/altair/Person_Tracking_Roboware/build/Robowarepkg/build/lib/Robowarepkg\n'}
[2.485200] (Robowarepkg) StdoutLine: {'line': b'copying Robowarepkg/Roboware_node_newmpn.py -> /home/altair/Person_Tracking_Roboware/build/Robowarepkg/build/lib/Robowarepkg\n'}
[2.485442] (Robowarepkg) StdoutLine: {'line': b'copying Robowarepkg/Roboware_node.py -> /home/altair/Person_Tracking_Roboware/build/Robowarepkg/build/lib/Robowarepkg\n'}
[2.485705] (Robowarepkg) StdoutLine: {'line': b'copying Robowarepkg/PID_node.py -> /home/altair/Person_Tracking_Roboware/build/Robowarepkg/build/lib/Robowarepkg\n'}
[2.485975] (Robowarepkg) StdoutLine: {'line': b'copying Robowarepkg/Roboware_node_np.py -> /home/altair/Person_Tracking_Roboware/build/Robowarepkg/build/lib/Robowarepkg\n'}
[2.486345] (Robowarepkg) StdoutLine: {'line': b'copying Robowarepkg/serial_send_node.py -> /home/altair/Person_Tracking_Roboware/build/Robowarepkg/build/lib/Robowarepkg\n'}
[2.486695] (Robowarepkg) StdoutLine: {'line': b'copying Robowarepkg/can_node.py -> /home/altair/Person_Tracking_Roboware/build/Robowarepkg/build/lib/Robowarepkg\n'}
[2.487619] (Robowarepkg) StdoutLine: {'line': b'running install\n'}
[2.493011] (Robowarepkg) StdoutLine: {'line': b'running install_lib\n'}
[2.504979] (-) TimerEvent: {}
[2.523386] (Robowarepkg) StdoutLine: {'line': b'running install_data\n'}
[2.523797] (Robowarepkg) StdoutLine: {'line': b'copying resource/Robowarepkg -> /home/altair/Person_Tracking_Roboware/install/Robowarepkg/share/ament_index/resource_index/packages\n'}
[2.524175] (Robowarepkg) StdoutLine: {'line': b'copying package.xml -> /home/altair/Person_Tracking_Roboware/install/Robowarepkg/share/Robowarepkg\n'}
[2.524639] (Robowarepkg) StdoutLine: {'line': b'copying launch/roboware.launch.py -> /home/altair/Person_Tracking_Roboware/install/Robowarepkg/share/Robowarepkg/launch\n'}
[2.524861] (Robowarepkg) StdoutLine: {'line': b'running install_egg_info\n'}
[2.554836] (Robowarepkg) StdoutLine: {'line': b"removing '/home/altair/Person_Tracking_Roboware/install/Robowarepkg/lib/python3.10/site-packages/Robowarepkg-0.0.0-py3.10.egg-info' (and everything under it)\n"}
[2.555227] (Robowarepkg) StdoutLine: {'line': b'Copying ../../build/Robowarepkg/Robowarepkg.egg-info to /home/altair/Person_Tracking_Roboware/install/Robowarepkg/lib/python3.10/site-packages/Robowarepkg-0.0.0-py3.10.egg-info\n'}
[2.556578] (Robowarepkg) StdoutLine: {'line': b'running install_scripts\n'}
[2.605126] (-) TimerEvent: {}
[2.705419] (-) TimerEvent: {}
[2.779577] (Robowarepkg) StdoutLine: {'line': b'Installing FaceAnimation_node script to /home/altair/Person_Tracking_Roboware/install/Robowarepkg/lib/Robowarepkg\n'}
[2.779859] (Robowarepkg) StdoutLine: {'line': b'Installing PID_node script to /home/altair/Person_Tracking_Roboware/install/Robowarepkg/lib/Robowarepkg\n'}
[2.780045] (Robowarepkg) StdoutLine: {'line': b'Installing RealSense_node script to /home/altair/Person_Tracking_Roboware/install/Robowarepkg/lib/Robowarepkg\n'}
[2.780242] (Robowarepkg) StdoutLine: {'line': b'Installing Roboware_node script to /home/altair/Person_Tracking_Roboware/install/Robowarepkg/lib/Robowarepkg\n'}
[2.780461] (Robowarepkg) StdoutLine: {'line': b'Installing can_node script to /home/altair/Person_Tracking_Roboware/install/Robowarepkg/lib/Robowarepkg\n'}
[2.780615] (Robowarepkg) StdoutLine: {'line': b'Installing serial_read_node script to /home/altair/Person_Tracking_Roboware/install/Robowarepkg/lib/Robowarepkg\n'}
[2.780812] (Robowarepkg) StdoutLine: {'line': b'Installing serial_send_node script to /home/altair/Person_Tracking_Roboware/install/Robowarepkg/lib/Robowarepkg\n'}
[2.780995] (Robowarepkg) StdoutLine: {'line': b'Installing web_socket_node script to /home/altair/Person_Tracking_Roboware/install/Robowarepkg/lib/Robowarepkg\n'}
[2.781811] (Robowarepkg) StdoutLine: {'line': b"writing list of installed files to '/home/altair/Person_Tracking_Roboware/build/Robowarepkg/install.log'\n"}
[2.805564] (-) TimerEvent: {}
[2.819158] (Robowarepkg) CommandEnded: {'returncode': 0}
[2.826002] (Robowarepkg) JobEnded: {'identifier': 'Robowarepkg', 'rc': 0}
[2.826693] (-) EventReactorShutdown: {}
